country,year,bank,source_checkpoint,sdg,cached_centrality,mention_count,retained_mentions,R,A_eur,E,narrative_weight,absolute_mismatch,normalized_R
finland,2019,Danske Bank,evaluations/reruns/country_year_classification_20260630_211343/finland_2019/checkpoints_corrected/Finland_Danske_Bank_2019_eb253047513f.json,1,0.0,0,0,0.0,0.0,0.0,0.0,0.0,0.0
finland,2019,Danske Bank,evaluations/reruns/country_year_classification_20260630_211343/finland_2019/checkpoints_corrected/Finland_Danske_Bank_2019_eb253047513f.json,2,0.0,0,0,0.0,0.0,0.0,0.0,0.0,0.0
finland,2019,Danske Bank,evaluations/reruns/country_year_classification_20260630_211343/finland_2019/checkpoints_corrected/Finland_Danske_Bank_2019_eb253047513f.json,3,0.0,0,0,0.0,0.0,0.0,0.0,0.0,0.0
finland,2019,Danske Bank,evaluations/reruns/country_year_classification_20260630_211343/finland_2019/checkpoints_corrected/Finland_Danske_Bank_2019_eb253047513f.json,4,2.0,5,0,0.0,0.0,0.0,0.0,0.0,0.0
finland,2019,Danske Bank,evaluations/reruns/country_year_classification_20260630_211343/finland_2019/checkpoints_corrected/Finland_Danske_Bank_2019_eb253047513f.json,5,4.0,12,12,4.0,0.0,0.0,48.0,4.0,0.547945205479452
finland,2019,Danske Bank,evaluations/reruns/country_year_classification_20260630_211343/finland_2019/checkpoints_corrected/Finland_Danske_Bank_2019_eb253047513f.json,6,0.0,0,0,0.0,0.0,0.0,0.0,0.0,0.0
finland,2019,Danske Bank,evaluations/reruns/country_year_classification_20260630_211343/finland_2019/checkpoints_corrected/Finland_Danske_Bank_2019_eb253047513f.json,7,3.0,7,7,3.0,0.0,0.0,21.0,3.0,0.410958904109589
finland,2019,Danske Bank,evaluations/reruns/country_year_classification_20260630_211343/finland_2019/checkpoints_corrected/Finland_Danske_Bank_2019_eb253047513f.json,8,4.0,9,9,4.0,0.0,0.0,36.0,4.0,0.547945205479452
finland,2019,Danske Bank,evaluations/reruns/country_year_classification_20260630_211343/finland_2019/checkpoints_corrected/Finland_Danske_Bank_2019_eb253047513f.json,9,3.5,18,18,3.5,0.0,0.0,63.0,3.5,0.4794520547945205
finland,2019,Danske Bank,evaluations/reruns/country_year_classification_20260630_211343/finland_2019/checkpoints_corrected/Finland_Danske_Bank_2019_eb253047513f.json,10,3.0,4,4,3.0,0.0,0.0,12.0,3.0,0.410958904109589
finland,2019,Danske Bank,evaluations/reruns/country_year_classification_20260630_211343/finland_2019/checkpoints_corrected/Finland_Danske_Bank_2019_eb253047513f.json,11,3.0,3,3,3.0,0.0,0.0,9.0,3.0,0.410958904109589
finland,2019,Danske Bank,evaluations/reruns/country_year_classification_20260630_211343/finland_2019/checkpoints_corrected/Finland_Danske_Bank_2019_eb253047513f.json,12,4.0,11,11,4.0,0.0,0.0,44.0,4.0,0.547945205479452
finland,2019,Danske Bank,evaluations/reruns/country_year_classification_20260630_211343/finland_2019/checkpoints_corrected/Finland_Danske_Bank_2019_eb253047513f.json,13,5.0,21,21,5.0,0.0,0.0,105.0,5.0,0.684931506849315
finland,2019,Danske Bank,evaluations/reruns/country_year_classification_20260630_211343/finland_2019/checkpoints_corrected/Finland_Danske_Bank_2019_eb253047513f.json,14,0.0,0,0,0.0,0.0,0.0,0.0,0.0,0.0
finland,2019,Danske Bank,evaluations/reruns/country_year_classification_20260630_211343/finland_2019/checkpoints_corrected/Finland_Danske_Bank_2019_eb253047513f.json,15,0.0,0,0,0.0,0.0,0.0,0.0,0.0,0.0
finland,2019,Danske Bank,evaluations/reruns/country_year_classification_20260630_211343/finland_2019/checkpoints_corrected/Finland_Danske_Bank_2019_eb253047513f.json,16,4.0,30,30,4.0,0.0,0.0,120.0,4.0,0.547945205479452
finland,2019,Danske Bank,evaluations/reruns/country_year_classification_20260630_211343/finland_2019/checkpoints_corrected/Finland_Danske_Bank_2019_eb253047513f.json,17,3.0,10,10,3.0,0.0,0.0,30.0,3.0,0.410958904109589
finland,2019,Evli Pankki,evaluations/reruns/country_year_classification_20260630_211343/finland_2019/checkpoints_corrected/Finland_Evli_Pankki_2019_a41d6568cdf1.json,1,0.0,0,0,0.0,0.0,0.0,0.0,0.0,0.0
finland,2019,Evli Pankki,evaluations/reruns/country_year_classification_20260630_211343/finland_2019/checkpoints_corrected/Finland_Evli_Pankki_2019_a41d6568cdf1.json,2,0.0,0,0,0.0,0.0,0.0,0.0,0.0,0.0
finland,2019,Evli Pankki,evaluations/reruns/country_year_classification_20260630_211343/finland_2019/checkpoints_corrected/Finland_Evli_Pankki_2019_a41d6568cdf1.json,3,3.0,5,5,3.0,0.0,0.0,15.0,3.0,0.39473684210526316
finland,2019,Evli Pankki,evaluations/reruns/country_year_classification_20260630_211343/finland_2019/checkpoints_corrected/Finland_Evli_Pankki_2019_a41d6568cdf1.json,4,3.0,4,4,3.0,0.0,0.0,12.0,3.0,0.39473684210526316
finland,2019,Evli Pankki,evaluations/reruns/country_year_classification_20260630_211343/finland_2019/checkpoints_corrected/Finland_Evli_Pankki_2019_a41d6568cdf1.json,5,4.0,5,5,4.0,0.0,0.0,20.0,4.0,0.5263157894736842
finland,2019,Evli Pankki,evaluations/reruns/country_year_classification_20260630_211343/finland_2019/checkpoints_corrected/Finland_Evli_Pankki_2019_a41d6568cdf1.json,6,0.0,0,0,0.0,0.0,0.0,0.0,0.0,0.0
finland,2019,Evli Pankki,evaluations/reruns/country_year_classification_20260630_211343/finland_2019/checkpoints_corrected/Finland_Evli_Pankki_2019_a41d6568cdf1.json,7,4.0,7,7,4.0,0.0,0.0,28.0,4.0,0.5263157894736842
finland,2019,Evli Pankki,evaluations/reruns/country_year_classification_20260630_211343/finland_2019/checkpoints_corrected/Finland_Evli_Pankki_2019_a41d6568cdf1.json,8,4.0,6,6,4.0,0.0,0.0,24.0,4.0,0.5263157894736842
finland,2019,Evli Pankki,evaluations/reruns/country_year_classification_20260630_211343/finland_2019/checkpoints_corrected/Finland_Evli_Pankki_2019_a41d6568cdf1.json,9,2.0,1,0,0.0,0.0,0.0,0.0,0.0,0.0
finland,2019,Evli Pankki,evaluations/reruns/country_year_classification_20260630_211343/finland_2019/checkpoints_corrected/Finland_Evli_Pankki_2019_a41d6568cdf1.json,10,2.0,1,0,0.0,0.0,0.0,0.0,0.0,0.0
finland,2019,Evli Pankki,evaluations/reruns/country_year_classification_20260630_211343/finland_2019/checkpoints_corrected/Finland_Evli_Pankki_2019_a41d6568cdf1.json,11,0.0,0,0,0.0,0.0,0.0,0.0,0.0,0.0
finland,2019,Evli Pankki,evaluations/reruns/country_year_classification_20260630_211343/finland_2019/checkpoints_corrected/Finland_Evli_Pankki_2019_a41d6568cdf1.json,12,4.0,12,12,4.0,0.0,0.0,48.0,4.0,0.5263157894736842
finland,2019,Evli Pankki,evaluations/reruns/country_year_classification_20260630_211343/finland_2019/checkpoints_corrected/Finland_Evli_Pankki_2019_a41d6568cdf1.json,13,5.0,21,21,5.0,0.0,0.0,105.0,5.0,0.6578947368421053
finland,2019,Evli Pankki,evaluations/reruns/country_year_classification_20260630_211343/finland_2019/checkpoints_corrected/Finland_Evli_Pankki_2019_a41d6568cdf1.json,14,0.0,0,0,0.0,0.0,0.0,0.0,0.0,0.0
finland,2019,Evli Pankki,evaluations/reruns/country_year_classification_20260630_211343/finland_2019/checkpoints_corrected/Finland_Evli_Pankki_2019_a41d6568cdf1.json,15,3.0,2,2,3.0,0.0,0.0,6.0,3.0,0.39473684210526316
finland,2019,Evli Pankki,evaluations/reruns/country_year_classification_20260630_211343/finland_2019/checkpoints_corrected/Finland_Evli_Pankki_2019_a41d6568cdf1.json,16,4.0,7,7,4.0,0.0,0.0,28.0,4.0,0.5263157894736842
finland,2019,Evli Pankki,evaluations/reruns/country_year_classification_20260630_211343/finland_2019/checkpoints_corrected/Finland_Evli_Pankki_2019_a41d6568cdf1.json,17,4.0,6,6,4.0,0.0,0.0,24.0,4.0,0.5263157894736842
finland,2019,Nordea Bank,evaluations/reruns/country_year_classification_20260630_211343/finland_2019/checkpoints_corrected/Finland_Nordea_Bank_2019_d46b794443cd.json,1,0.0,0,0,0.0,0.0,0.0,0.0,0.0,0.0
finland,2019,Nordea Bank,evaluations/reruns/country_year_classification_20260630_211343/finland_2019/checkpoints_corrected/Finland_Nordea_Bank_2019_d46b794443cd.json,2,0.0,0,0,0.0,0.0,0.0,0.0,0.0,0.0
finland,2019,Nordea Bank,evaluations/reruns/country_year_classification_20260630_211343/finland_2019/checkpoints_corrected/Finland_Nordea_Bank_2019_d46b794443cd.json,3,3.0,4,4,3.0,0.0,0.0,12.0,3.0,0.3488372093023256
finland,2019,Nordea Bank,evaluations/reruns/country_year_classification_20260630_211343/finland_2019/checkpoints_corrected/Finland_Nordea_Bank_2019_d46b794443cd.json,4,3.0,5,5,3.0,0.0,0.0,15.0,3.0,0.3488372093023256
finland,2019,Nordea Bank,evaluations/reruns/country_year_classification_20260630_211343/finland_2019/checkpoints_corrected/Finland_Nordea_Bank_2019_d46b794443cd.json,5,4.0,7,7,4.0,0.0,0.0,28.0,4.0,0.46511627906976744
finland,2019,Nordea Bank,evaluations/reruns/country_year_classification_20260630_211343/finland_2019/checkpoints_corrected/Finland_Nordea_Bank_2019_d46b794443cd.json,6,3.0,2,2,3.0,0.0,0.0,6.0,3.0,0.3488372093023256
finland,2019,Nordea Bank,evaluations/reruns/country_year_classification_20260630_211343/finland_2019/checkpoints_corrected/Finland_Nordea_Bank_2019_d46b794443cd.json,7,3.0,2,2,3.0,0.0,0.0,6.0,3.0,0.3488372093023256
finland,2019,Nordea Bank,evaluations/reruns/country_year_classification_20260630_211343/finland_2019/checkpoints_corrected/Finland_Nordea_Bank_2019_d46b794443cd.json,8,4.0,8,8,4.0,0.0,0.0,32.0,4.0,0.46511627906976744
finland,2019,Nordea Bank,evaluations/reruns/country_year_classification_20260630_211343/finland_2019/checkpoints_corrected/Finland_Nordea_Bank_2019_d46b794443cd.json,9,4.0,4,4,4.0,0.0,0.0,16.0,4.0,0.46511627906976744
finland,2019,Nordea Bank,evaluations/reruns/country_year_classification_20260630_211343/finland_2019/checkpoints_corrected/Finland_Nordea_Bank_2019_d46b794443cd.json,10,3.0,7,7,3.0,0.0,0.0,21.0,3.0,0.3488372093023256
finland,2019,Nordea Bank,evaluations/reruns/country_year_classification_20260630_211343/finland_2019/checkpoints_corrected/Finland_Nordea_Bank_2019_d46b794443cd.json,11,2.0,1,0,0.0,0.0,0.0,0.0,0.0,0.0
finland,2019,Nordea Bank,evaluations/reruns/country_year_classification_20260630_211343/finland_2019/checkpoints_corrected/Finland_Nordea_Bank_2019_d46b794443cd.json,12,4.0,7,7,4.0,0.0,0.0,28.0,4.0,0.46511627906976744
finland,2019,Nordea Bank,evaluations/reruns/country_year_classification_20260630_211343/finland_2019/checkpoints_corrected/Finland_Nordea_Bank_2019_d46b794443cd.json,13,5.0,19,19,5.0,0.0,0.0,95.0,5.0,0.5813953488372093
finland,2019,Nordea Bank,evaluations/reruns/country_year_classification_20260630_211343/finland_2019/checkpoints_corrected/Finland_Nordea_Bank_2019_d46b794443cd.json,14,0.0,0,0,0.0,0.0,0.0,0.0,0.0,0.0
finland,2019,Nordea Bank,evaluations/reruns/country_year_classification_20260630_211343/finland_2019/checkpoints_corrected/Finland_Nordea_Bank_2019_d46b794443cd.json,15,0.0,0,0,0.0,0.0,0.0,0.0,0.0,0.0
finland,2019,Nordea Bank,evaluations/reruns/country_year_classification_20260630_211343/finland_2019/checkpoints_corrected/Finland_Nordea_Bank_2019_d46b794443cd.json,16,4.0,10,10,4.0,0.0,0.0,40.0,4.0,0.46511627906976744
finland,2019,Nordea Bank,evaluations/reruns/country_year_classification_20260630_211343/finland_2019/checkpoints_corrected/Finland_Nordea_Bank_2019_d46b794443cd.json,17,3.0,5,5,3.0,0.0,0.0,15.0,3.0,0.3488372093023256
finland,2019,Oma Säästöpankki,evaluations/reruns/country_year_classification_20260630_211343/finland_2019/checkpoints_corrected/Finland_Oma_Saastopankki_2019_a0ccb5814b3a.json,1,0.0,0,0,0.0,0.0,0.0,0.0,0.0,0.0
finland,2019,Oma Säästöpankki,evaluations/reruns/country_year_classification_20260630_211343/finland_2019/checkpoints_corrected/Finland_Oma_Saastopankki_2019_a0ccb5814b3a.json,2,0.0,0,0,0.0,0.0,0.0,0.0,0.0,0.0
finland,2019,Oma Säästöpankki,evaluations/reruns/country_year_classification_20260630_211343/finland_2019/checkpoints_corrected/Finland_Oma_Saastopankki_2019_a0ccb5814b3a.json,3,4.0,2,2,4.0,0.0,0.0,8.0,4.0,0.7407407407407407
finland,2019,Oma Säästöpankki,evaluations/reruns/country_year_classification_20260630_211343/finland_2019/checkpoints_corrected/Finland_Oma_Saastopankki_2019_a0ccb5814b3a.json,4,4.0,2,2,4.0,0.0,0.0,8.0,4.0,0.7407407407407407
finland,2019,Oma Säästöpankki,evaluations/reruns/country_year_classification_20260630_211343/finland_2019/checkpoints_corrected/Finland_Oma_Saastopankki_2019_a0ccb5814b3a.json,5,0.0,0,0,0.0,0.0,0.0,0.0,0.0,0.0
finland,2019,Oma Säästöpankki,evaluations/reruns/country_year_classification_20260630_211343/finland_2019/checkpoints_corrected/Finland_Oma_Saastopankki_2019_a0ccb5814b3a.json,6,0.0,0,0,0.0,0.0,0.0,0.0,0.0,0.0
finland,2019,Oma Säästöpankki,evaluations/reruns/country_year_classification_20260630_211343/finland_2019/checkpoints_corrected/Finland_Oma_Saastopankki_2019_a0ccb5814b3a.json,7,0.0,0,0,0.0,0.0,0.0,0.0,0.0,0.0
finland,2019,Oma Säästöpankki,evaluations/reruns/country_year_classification_20260630_211343/finland_2019/checkpoints_corrected/Finland_Oma_Saastopankki_2019_a0ccb5814b3a.json,8,4.0,3,3,4.0,0.0,0.0,12.0,4.0,0.7407407407407407
finland,2019,Oma Säästöpankki,evaluations/reruns/country_year_classification_20260630_211343/finland_2019/checkpoints_corrected/Finland_Oma_Saastopankki_2019_a0ccb5814b3a.json,9,4.0,2,2,4.0,0.0,0.0,8.0,4.0,0.7407407407407407
finland,2019,Oma Säästöpankki,evaluations/reruns/country_year_classification_20260630_211343/finland_2019/checkpoints_corrected/Finland_Oma_Saastopankki_2019_a0ccb5814b3a.json,10,0.0,0,0,0.0,0.0,0.0,0.0,0.0,0.0
finland,2019,Oma Säästöpankki,evaluations/reruns/country_year_classification_20260630_211343/finland_2019/checkpoints_corrected/Finland_Oma_Saastopankki_2019_a0ccb5814b3a.json,11,4.0,1,1,4.0,0.0,0.0,4.0,4.0,0.7407407407407407
finland,2019,Oma Säästöpankki,evaluations/reruns/country_year_classification_20260630_211343/finland_2019/checkpoints_corrected/Finland_Oma_Saastopankki_2019_a0ccb5814b3a.json,12,0.0,0,0,0.0,0.0,0.0,0.0,0.0,0.0
finland,2019,Oma Säästöpankki,evaluations/reruns/country_year_classification_20260630_211343/finland_2019/checkpoints_corrected/Finland_Oma_Saastopankki_2019_a0ccb5814b3a.json,13,4.0,1,1,4.0,0.0,0.0,4.0,4.0,0.7407407407407407
finland,2019,Oma Säästöpankki,evaluations/reruns/country_year_classification_20260630_211343/finland_2019/checkpoints_corrected/Finland_Oma_Saastopankki_2019_a0ccb5814b3a.json,14,0.0,0,0,0.0,0.0,0.0,0.0,0.0,0.0
finland,2019,Oma Säästöpankki,evaluations/reruns/country_year_classification_20260630_211343/finland_2019/checkpoints_corrected/Finland_Oma_Saastopankki_2019_a0ccb5814b3a.json,15,0.0,0,0,0.0,0.0,0.0,0.0,0.0,0.0
finland,2019,Oma Säästöpankki,evaluations/reruns/country_year_classification_20260630_211343/finland_2019/checkpoints_corrected/Finland_Oma_Saastopankki_2019_a0ccb5814b3a.json,16,0.0,0,0,0.0,0.0,0.0,0.0,0.0,0.0
finland,2019,Oma Säästöpankki,evaluations/reruns/country_year_classification_20260630_211343/finland_2019/checkpoints_corrected/Finland_Oma_Saastopankki_2019_a0ccb5814b3a.json,17,3.0,1,1,3.0,0.0,0.0,3.0,3.0,0.5555555555555556
finland,2020,Aktia Pankki,evaluations/reruns/country_year_classification_20260630_211343/finland_2020/checkpoints_corrected/Finland_Aktia_Pankki_2020_70eb21f9dfd3.json,1,3.0,1,1,3.0,0.0,0.0,3.0,3.0,0.298804780876494
finland,2020,Aktia Pankki,evaluations/reruns/country_year_classification_20260630_211343/finland_2020/checkpoints_corrected/Finland_Aktia_Pankki_2020_70eb21f9dfd3.json,2,0.0,0,0,0.0,0.0,0.0,0.0,0.0,0.0
finland,2020,Aktia Pankki,evaluations/reruns/country_year_classification_20260630_211343/finland_2020/checkpoints_corrected/Finland_Aktia_Pankki_2020_70eb21f9dfd3.json,3,4.2,14,14,4.2,0.0,0.0,58.800000000000004,4.2,0.4183266932270916
finland,2020,Aktia Pankki,evaluations/reruns/country_year_classification_20260630_211343/finland_2020/checkpoints_corrected/Finland_Aktia_Pankki_2020_70eb21f9dfd3.json,4,3.5,11,11,3.5,0.0,0.0,38.5,3.5,0.348605577689243
finland,2020,Aktia Pankki,evaluations/reruns/country_year_classification_20260630_211343/finland_2020/checkpoints_corrected/Finland_Aktia_Pankki_2020_70eb21f9dfd3.json,5,4.5,16,16,4.5,0.0,0.0,72.0,4.5,0.448207171314741
finland,2020,Aktia Pankki,evaluations/reruns/country_year_classification_20260630_211343/finland_2020/checkpoints_corrected/Finland_Aktia_Pankki_2020_70eb21f9dfd3.json,6,0.0,0,0,0.0,0.0,0.0,0.0,0.0,0.0
finland,2020,Aktia Pankki,evaluations/reruns/country_year_classification_20260630_211343/finland_2020/checkpoints_corrected/Finland_Aktia_Pankki_2020_70eb21f9dfd3.json,7,4.0,12,12,4.0,0.0,0.0,48.0,4.0,0.398406374501992
finland,2020,Aktia Pankki,evaluations/reruns/country_year_classification_20260630_211343/finland_2020/checkpoints_corrected/Finland_Aktia_Pankki_2020_70eb21f9dfd3.json,8,4.0,18,18,4.0,0.0,0.0,72.0,4.0,0.398406374501992
finland,2020,Aktia Pankki,evaluations/reruns/country_year_classification_20260630_211343/finland_2020/checkpoints_corrected/Finland_Aktia_Pankki_2020_70eb21f9dfd3.json,9,4.0,7,7,4.0,0.0,0.0,28.0,4.0,0.398406374501992
finland,2020,Aktia Pankki,evaluations/reruns/country_year_classification_20260630_211343/finland_2020/checkpoints_corrected/Finland_Aktia_Pankki_2020_70eb21f9dfd3.json,10,3.0,11,11,3.0,0.0,0.0,33.0,3.0,0.298804780876494
finland,2020,Aktia Pankki,evaluations/reruns/country_year_classification_20260630_211343/finland_2020/checkpoints_corrected/Finland_Aktia_Pankki_2020_70eb21f9dfd3.json,11,3.0,6,6,3.0,0.0,0.0,18.0,3.0,0.298804780876494
finland,2020,Aktia Pankki,evaluations/reruns/country_year_classification_20260630_211343/finland_2020/checkpoints_corrected/Finland_Aktia_Pankki_2020_70eb21f9dfd3.json,12,4.0,25,25,4.0,0.0,0.0,100.0,4.0,0.398406374501992
finland,2020,Aktia Pankki,evaluations/reruns/country_year_classification_20260630_211343/finland_2020/checkpoints_corrected/Finland_Aktia_Pankki_2020_70eb21f9dfd3.json,13,5.0,30,30,5.0,0.0,0.0,150.0,5.0,0.49800796812749
finland,2020,Aktia Pankki,evaluations/reruns/country_year_classification_20260630_211343/finland_2020/checkpoints_corrected/Finland_Aktia_Pankki_2020_70eb21f9dfd3.json,14,0.0,0,0,0.0,0.0,0.0,0.0,0.0,0.0
finland,2020,Aktia Pankki,evaluations/reruns/country_year_classification_20260630_211343/finland_2020/checkpoints_corrected/Finland_Aktia_Pankki_2020_70eb21f9dfd3.json,15,0.0,0,0,0.0,0.0,0.0,0.0,0.0,0.0
finland,2020,Aktia Pankki,evaluations/reruns/country_year_classification_20260630_211343/finland_2020/checkpoints_corrected/Finland_Aktia_Pankki_2020_70eb21f9dfd3.json,16,4.0,19,19,4.0,0.0,0.0,76.0,4.0,0.398406374501992
finland,2020,Aktia Pankki,evaluations/reruns/country_year_classification_20260630_211343/finland_2020/checkpoints_corrected/Finland_Aktia_Pankki_2020_70eb21f9dfd3.json,17,4.0,9,9,4.0,0.0,0.0,36.0,4.0,0.398406374501992
finland,2020,Bonum Pankki,evaluations/reruns/country_year_classification_20260630_211343/finland_2020/checkpoints_corrected/Finland_Bonum_Pankki_2020_a3676084b43e.json,1,0.0,0,0,0.0,0.0,0.0,0.0,0.0,0.0
finland,2020,Bonum Pankki,evaluations/reruns/country_year_classification_20260630_211343/finland_2020/checkpoints_corrected/Finland_Bonum_Pankki_2020_a3676084b43e.json,2,0.0,0,0,0.0,0.0,0.0,0.0,0.0,0.0
finland,2020,Bonum Pankki,evaluations/reruns/country_year_classification_20260630_211343/finland_2020/checkpoints_corrected/Finland_Bonum_Pankki_2020_a3676084b43e.json,3,1.5,2,0,0.0,0.0,0.0,0.0,0.0,0.0
finland,2020,Bonum Pankki,evaluations/reruns/country_year_classification_20260630_211343/finland_2020/checkpoints_corrected/Finland_Bonum_Pankki_2020_a3676084b43e.json,4,0.0,0,0,0.0,0.0,0.0,0.0,0.0,0.0
finland,2020,Bonum Pankki,evaluations/reruns/country_year_classification_20260630_211343/finland_2020/checkpoints_corrected/Finland_Bonum_Pankki_2020_a3676084b43e.json,5,2.5,6,0,0.0,0.0,0.0,0.0,0.0,0.0
finland,2020,Bonum Pankki,evaluations/reruns/country_year_classification_20260630_211343/finland_2020/checkpoints_corrected/Finland_Bonum_Pankki_2020_a3676084b43e.json,6,0.0,0,0,0.0,0.0,0.0,0.0,0.0,0.0
finland,2020,Bonum Pankki,evaluations/reruns/country_year_classification_20260630_211343/finland_2020/checkpoints_corrected/Finland_Bonum_Pankki_2020_a3676084b43e.json,7,0.0,0,0,0.0,0.0,0.0,0.0,0.0,0.0
finland,2020,Bonum Pankki,evaluations/reruns/country_year_classification_20260630_211343/finland_2020/checkpoints_corrected/Finland_Bonum_Pankki_2020_a3676084b43e.json,8,2.5,5,0,0.0,0.0,0.0,0.0,0.0,0.0
finland,2020,Bonum Pankki,evaluations/reruns/country_year_classification_20260630_211343/finland_2020/checkpoints_corrected/Finland_Bonum_Pankki_2020_a3676084b43e.json,9,2.0,1,0,0.0,0.0,0.0,0.0,0.0,0.0
finland,2020,Bonum Pankki,evaluations/reruns/country_year_classification_20260630_211343/finland_2020/checkpoints_corrected/Finland_Bonum_Pankki_2020_a3676084b43e.json,10,2.0,2,0,0.0,0.0,0.0,0.0,0.0,0.0
finland,2020,Bonum Pankki,evaluations/reruns/country_year_classification_20260630_211343/finland_2020/checkpoints_corrected/Finland_Bonum_Pankki_2020_a3676084b43e.json,11,0.0,0,0,0.0,0.0,0.0,0.0,0.0,0.0
finland,2020,Bonum Pankki,evaluations/reruns/country_year_classification_20260630_211343/finland_2020/checkpoints_corrected/Finland_Bonum_Pankki_2020_a3676084b43e.json,12,3.0,5,5,3.0,0.0,0.0,15.0,3.0,2.3076923076923075
finland,2020,Bonum Pankki,evaluations/reruns/country_year_classification_20260630_211343/finland_2020/checkpoints_corrected/Finland_Bonum_Pankki_2020_a3676084b43e.json,13,3.5,5,5,3.5,0.0,0.0,17.5,3.5,2.6923076923076925
finland,2020,Bonum Pankki,evaluations/reruns/country_year_classification_20260630_211343/finland_2020/checkpoints_corrected/Finland_Bonum_Pankki_2020_a3676084b43e.json,14,0.0,0,0,0.0,0.0,0.0,0.0,0.0,0.0
finland,2020,Bonum Pankki,evaluations/reruns/country_year_classification_20260630_211343/finland_2020/checkpoints_corrected/Finland_Bonum_Pankki_2020_a3676084b43e.json,15,0.0,0,0,0.0,0.0,0.0,0.0,0.0,0.0
finland,2020,Bonum Pankki,evaluations/reruns/country_year_classification_20260630_211343/finland_2020/checkpoints_corrected/Finland_Bonum_Pankki_2020_a3676084b43e.json,16,2.0,4,0,0.0,0.0,0.0,0.0,0.0,0.0
finland,2020,Bonum Pankki,evaluations/reruns/country_year_classification_20260630_211343/finland_2020/checkpoints_corrected/Finland_Bonum_Pankki_2020_a3676084b43e.json,17,2.5,2,0,0.0,0.0,0.0,0.0,0.0,0.0
finland,2020,Danske Bank,evaluations/reruns/country_year_classification_20260630_211343/finland_2020/checkpoints_corrected/Finland_Danske_Bank_2020_55763a821214.json,1,1.0,2,0,0.0,0.0,0.0,0.0,0.0,0.0
finland,2020,Danske Bank,evaluations/reruns/country_year_classification_20260630_211343/finland_2020/checkpoints_corrected/Finland_Danske_Bank_2020_55763a821214.json,2,1.0,2,0,0.0,0.0,0.0,0.0,0.0,0.0
finland,2020,Danske Bank,evaluations/reruns/country_year_classification_20260630_211343/finland_2020/checkpoints_corrected/Finland_Danske_Bank_2020_55763a821214.json,3,2.0,4,0,0.0,0.0,0.0,0.0,0.0,0.0
finland,2020,Danske Bank,evaluations/reruns/country_year_classification_20260630_211343/finland_2020/checkpoints_corrected/Finland_Danske_Bank_2020_55763a821214.json,4,3.0,3,3,3.0,0.0,0.0,9.0,3.0,0.38461538461538464
finland,2020,Danske Bank,evaluations/reruns/country_year_classification_20260630_211343/finland_2020/checkpoints_corrected/Finland_Danske_Bank_2020_55763a821214.json,5,3.5,9,9,3.5,0.0,0.0,31.5,3.5,0.44871794871794873
finland,2020,Danske Bank,evaluations/reruns/country_year_classification_20260630_211343/finland_2020/checkpoints_corrected/Finland_Danske_Bank_2020_55763a821214.json,6,2.5,4,0,0.0,0.0,0.0,0.0,0.0,0.0
finland,2020,Danske Bank,evaluations/reruns/country_year_classification_20260630_211343/finland_2020/checkpoints_corrected/Finland_Danske_Bank_2020_55763a821214.json,7,4.0,9,9,4.0,0.0,0.0,36.0,4.0,0.5128205128205128
finland,2020,Danske Bank,evaluations/reruns/country_year_classification_20260630_211343/finland_2020/checkpoints_corrected/Finland_Danske_Bank_2020_55763a821214.json,8,4.0,16,16,4.0,0.0,0.0,64.0,4.0,0.5128205128205128
finland,2020,Danske Bank,evaluations/reruns/country_year_classification_20260630_211343/finland_2020/checkpoints_corrected/Finland_Danske_Bank_2020_55763a821214.json,9,3.0,14,14,3.0,0.0,0.0,42.0,3.0,0.38461538461538464
finland,2020,Danske Bank,evaluations/reruns/country_year_classification_20260630_211343/finland_2020/checkpoints_corrected/Finland_Danske_Bank_2020_55763a821214.json,10,3.0,5,5,3.0,0.0,0.0,15.0,3.0,0.38461538461538464
finland,2020,Danske Bank,evaluations/reruns/country_year_classification_20260630_211343/finland_2020/checkpoints_corrected/Finland_Danske_Bank_2020_55763a821214.json,11,3.0,6,6,3.0,0.0,0.0,18.0,3.0,0.38461538461538464
finland,2020,Danske Bank,evaluations/reruns/country_year_classification_20260630_211343/finland_2020/checkpoints_corrected/Finland_Danske_Bank_2020_55763a821214.json,12,4.0,11,11,4.0,0.0,0.0,44.0,4.0,0.5128205128205128
finland,2020,Danske Bank,evaluations/reruns/country_year_classification_20260630_211343/finland_2020/checkpoints_corrected/Finland_Danske_Bank_2020_55763a821214.json,13,4.5,26,26,4.5,0.0,0.0,117.0,4.5,0.5769230769230769
finland,2020,Danske Bank,evaluations/reruns/country_year_classification_20260630_211343/finland_2020/checkpoints_corrected/Finland_Danske_Bank_2020_55763a821214.json,14,1.0,2,0,0.0,0.0,0.0,0.0,0.0,0.0
finland,2020,Danske Bank,evaluations/reruns/country_year_classification_20260630_211343/finland_2020/checkpoints_corrected/Finland_Danske_Bank_2020_55763a821214.json,15,2.0,3,0,0.0,0.0,0.0,0.0,0.0,0.0
finland,2020,Danske Bank,evaluations/reruns/country_year_classification_20260630_211343/finland_2020/checkpoints_corrected/Finland_Danske_Bank_2020_55763a821214.json,16,4.0,31,31,4.0,0.0,0.0,124.0,4.0,0.5128205128205128
finland,2020,Danske Bank,evaluations/reruns/country_year_classification_20260630_211343/finland_2020/checkpoints_corrected/Finland_Danske_Bank_2020_55763a821214.json,17,3.0,10,10,3.0,0.0,0.0,30.0,3.0,0.38461538461538464
finland,2020,Evli Pankki,evaluations/reruns/country_year_classification_20260630_211343/finland_2020/checkpoints_corrected/Finland_Evli_Pankki_2020_38982e8cf0db.json,1,0.0,0,0,0.0,0.0,0.0,0.0,0.0,0.0
finland,2020,Evli Pankki,evaluations/reruns/country_year_classification_20260630_211343/finland_2020/checkpoints_corrected/Finland_Evli_Pankki_2020_38982e8cf0db.json,2,0.0,0,0,0.0,0.0,0.0,0.0,0.0,0.0
finland,2020,Evli Pankki,evaluations/reruns/country_year_classification_20260630_211343/finland_2020/checkpoints_corrected/Finland_Evli_Pankki_2020_38982e8cf0db.json,3,3.0,10,10,3.0,0.0,0.0,30.0,3.0,0.35294117647058826
finland,2020,Evli Pankki,evaluations/reruns/country_year_classification_20260630_211343/finland_2020/checkpoints_corrected/Finland_Evli_Pankki_2020_38982e8cf0db.json,4,3.0,6,6,3.0,0.0,0.0,18.0,3.0,0.35294117647058826
finland,2020,Evli Pankki,evaluations/reruns/country_year_classification_20260630_211343/finland_2020/checkpoints_corrected/Finland_Evli_Pankki_2020_38982e8cf0db.json,5,4.0,13,13,4.0,0.0,0.0,52.0,4.0,0.47058823529411764
finland,2020,Evli Pankki,evaluations/reruns/country_year_classification_20260630_211343/finland_2020/checkpoints_corrected/Finland_Evli_Pankki_2020_38982e8cf0db.json,6,2.0,1,0,0.0,0.0,0.0,0.0,0.0,0.0
finland,2020,Evli Pankki,evaluations/reruns/country_year_classification_20260630_211343/finland_2020/checkpoints_corrected/Finland_Evli_Pankki_2020_38982e8cf0db.json,7,3.0,7,7,3.0,0.0,0.0,21.0,3.0,0.35294117647058826
finland,2020,Evli Pankki,evaluations/reruns/country_year_classification_20260630_211343/finland_2020/checkpoints_corrected/Finland_Evli_Pankki_2020_38982e8cf0db.json,8,5.0,23,23,5.0,0.0,0.0,115.0,5.0,0.5882352941176471
finland,2020,Evli Pankki,evaluations/reruns/country_year_classification_20260630_211343/finland_2020/checkpoints_corrected/Finland_Evli_Pankki_2020_38982e8cf0db.json,9,3.0,6,6,3.0,0.0,0.0,18.0,3.0,0.35294117647058826
finland,2020,Evli Pankki,evaluations/reruns/country_year_classification_20260630_211343/finland_2020/checkpoints_corrected/Finland_Evli_Pankki_2020_38982e8cf0db.json,10,3.0,6,6,3.0,0.0,0.0,18.0,3.0,0.35294117647058826
finland,2020,Evli Pankki,evaluations/reruns/country_year_classification_20260630_211343/finland_2020/checkpoints_corrected/Finland_Evli_Pankki_2020_38982e8cf0db.json,11,2.0,1,0,0.0,0.0,0.0,0.0,0.0,0.0
finland,2020,Evli Pankki,evaluations/reruns/country_year_classification_20260630_211343/finland_2020/checkpoints_corrected/Finland_Evli_Pankki_2020_38982e8cf0db.json,12,5.0,19,19,5.0,0.0,0.0,95.0,5.0,0.5882352941176471
finland,2020,Evli Pankki,evaluations/reruns/country_year_classification_20260630_211343/finland_2020/checkpoints_corrected/Finland_Evli_Pankki_2020_38982e8cf0db.json,13,5.0,20,20,5.0,0.0,0.0,100.0,5.0,0.5882352941176471
finland,2020,Evli Pankki,evaluations/reruns/country_year_classification_20260630_211343/finland_2020/checkpoints_corrected/Finland_Evli_Pankki_2020_38982e8cf0db.json,14,0.0,0,0,0.0,0.0,0.0,0.0,0.0,0.0
finland,2020,Evli Pankki,evaluations/reruns/country_year_classification_20260630_211343/finland_2020/checkpoints_corrected/Finland_Evli_Pankki_2020_38982e8cf0db.json,15,4.0,5,5,4.0,0.0,0.0,20.0,4.0,0.47058823529411764
finland,2020,Evli Pankki,evaluations/reruns/country_year_classification_20260630_211343/finland_2020/checkpoints_corrected/Finland_Evli_Pankki_2020_38982e8cf0db.json,16,4.5,17,17,4.5,0.0,0.0,76.5,4.5,0.5294117647058824
finland,2020,Evli Pankki,evaluations/reruns/country_year_classification_20260630_211343/finland_2020/checkpoints_corrected/Finland_Evli_Pankki_2020_38982e8cf0db.json,17,2.0,4,0,0.0,0.0,0.0,0.0,0.0,0.0
finland,2020,Nordea Bank,evaluations/reruns/country_year_classification_20260630_211343/finland_2020/checkpoints_corrected/Finland_Nordea_Bank_2020_88fbd9974dee.json,1,2.0,1,0,0.0,0.0,0.0,0.0,0.0,0.0
finland,2020,Nordea Bank,evaluations/reruns/country_year_classification_20260630_211343/finland_2020/checkpoints_corrected/Finland_Nordea_Bank_2020_88fbd9974dee.json,2,0.0,0,0,0.0,0.0,0.0,0.0,0.0,0.0
finland,2020,Nordea Bank,evaluations/reruns/country_year_classification_20260630_211343/finland_2020/checkpoints_corrected/Finland_Nordea_Bank_2020_88fbd9974dee.json,3,2.0,3,0,0.0,0.0,0.0,0.0,0.0,0.0
finland,2020,Nordea Bank,evaluations/reruns/country_year_classification_20260630_211343/finland_2020/checkpoints_corrected/Finland_Nordea_Bank_2020_88fbd9974dee.json,4,4.0,7,7,4.0,0.0,0.0,28.0,4.0,0.40404040404040403
finland,2020,Nordea Bank,evaluations/reruns/country_year_classification_20260630_211343/finland_2020/checkpoints_corrected/Finland_Nordea_Bank_2020_88fbd9974dee.json,5,4.0,13,13,4.0,0.0,0.0,52.0,4.0,0.40404040404040403
finland,2020,Nordea Bank,evaluations/reruns/country_year_classification_20260630_211343/finland_2020/checkpoints_corrected/Finland_Nordea_Bank_2020_88fbd9974dee.json,6,2.0,1,0,0.0,0.0,0.0,0.0,0.0,0.0
finland,2020,Nordea Bank,evaluations/reruns/country_year_classification_20260630_211343/finland_2020/checkpoints_corrected/Finland_Nordea_Bank_2020_88fbd9974dee.json,7,4.0,7,7,4.0,0.0,0.0,28.0,4.0,0.40404040404040403
finland,2020,Nordea Bank,evaluations/reruns/country_year_classification_20260630_211343/finland_2020/checkpoints_corrected/Finland_Nordea_Bank_2020_88fbd9974dee.json,8,4.0,14,14,4.0,0.0,0.0,56.0,4.0,0.40404040404040403
finland,2020,Nordea Bank,evaluations/reruns/country_year_classification_20260630_211343/finland_2020/checkpoints_corrected/Finland_Nordea_Bank_2020_88fbd9974dee.json,9,4.0,8,8,4.0,0.0,0.0,32.0,4.0,0.40404040404040403
finland,2020,Nordea Bank,evaluations/reruns/country_year_classification_20260630_211343/finland_2020/checkpoints_corrected/Finland_Nordea_Bank_2020_88fbd9974dee.json,10,4.0,10,10,4.0,0.0,0.0,40.0,4.0,0.40404040404040403
finland,2020,Nordea Bank,evaluations/reruns/country_year_classification_20260630_211343/finland_2020/checkpoints_corrected/Finland_Nordea_Bank_2020_88fbd9974dee.json,11,0.0,0,0,0.0,0.0,0.0,0.0,0.0,0.0
finland,2020,Nordea Bank,evaluations/reruns/country_year_classification_20260630_211343/finland_2020/checkpoints_corrected/Finland_Nordea_Bank_2020_88fbd9974dee.json,12,4.0,13,13,4.0,0.0,0.0,52.0,4.0,0.40404040404040403
finland,2020,Nordea Bank,evaluations/reruns/country_year_classification_20260630_211343/finland_2020/checkpoints_corrected/Finland_Nordea_Bank_2020_88fbd9974dee.json,13,5.0,24,24,5.0,0.0,0.0,120.0,5.0,0.5050505050505051
finland,2020,Nordea Bank,evaluations/reruns/country_year_classification_20260630_211343/finland_2020/checkpoints_corrected/Finland_Nordea_Bank_2020_88fbd9974dee.json,14,4.0,1,1,4.0,0.0,0.0,4.0,4.0,0.40404040404040403
finland,2020,Nordea Bank,evaluations/reruns/country_year_classification_20260630_211343/finland_2020/checkpoints_corrected/Finland_Nordea_Bank_2020_88fbd9974dee.json,15,4.0,2,2,4.0,0.0,0.0,8.0,4.0,0.40404040404040403
finland,2020,Nordea Bank,evaluations/reruns/country_year_classification_20260630_211343/finland_2020/checkpoints_corrected/Finland_Nordea_Bank_2020_88fbd9974dee.json,16,5.0,19,19,5.0,0.0,0.0,95.0,5.0,0.5050505050505051
finland,2020,Nordea Bank,evaluations/reruns/country_year_classification_20260630_211343/finland_2020/checkpoints_corrected/Finland_Nordea_Bank_2020_88fbd9974dee.json,17,3.5,14,14,3.5,0.0,0.0,49.0,3.5,0.35353535353535354
finland,2020,OP Yrityspankki,evaluations/reruns/country_year_classification_20260630_211343/finland_2020/checkpoints_corrected/Finland_OP_Yrityspankki_2020_9d64e50efca6.json,1,4.0,16,16,4.0,0.0,0.0,64.0,4.0,0.3669724770642202
finland,2020,OP Yrityspankki,evaluations/reruns/country_year_classification_20260630_211343/finland_2020/checkpoints_corrected/Finland_OP_Yrityspankki_2020_9d64e50efca6.json,2,2.0,1,0,0.0,0.0,0.0,0.0,0.0,0.0
finland,2020,OP Yrityspankki,evaluations/reruns/country_year_classification_20260630_211343/finland_2020/checkpoints_corrected/Finland_OP_Yrityspankki_2020_9d64e50efca6.json,3,4.0,23,23,4.0,0.0,0.0,92.0,4.0,0.3669724770642202
finland,2020,OP Yrityspankki,evaluations/reruns/country_year_classification_20260630_211343/finland_2020/checkpoints_corrected/Finland_OP_Yrityspankki_2020_9d64e50efca6.json,4,4.0,13,13,4.0,0.0,0.0,52.0,4.0,0.3669724770642202
finland,2020,OP Yrityspankki,evaluations/reruns/country_year_classification_20260630_211343/finland_2020/checkpoints_corrected/Finland_OP_Yrityspankki_2020_9d64e50efca6.json,5,3.0,11,11,3.0,0.0,0.0,33.0,3.0,0.27522935779816515
finland,2020,OP Yrityspankki,evaluations/reruns/country_year_classification_20260630_211343/finland_2020/checkpoints_corrected/Finland_OP_Yrityspankki_2020_9d64e50efca6.json,6,2.0,1,0,0.0,0.0,0.0,0.0,0.0,0.0
finland,2020,OP Yrityspankki,evaluations/reruns/country_year_classification_20260630_211343/finland_2020/checkpoints_corrected/Finland_OP_Yrityspankki_2020_9d64e50efca6.json,7,4.0,16,16,4.0,0.0,0.0,64.0,4.0,0.3669724770642202
finland,2020,OP Yrityspankki,evaluations/reruns/country_year_classification_20260630_211343/finland_2020/checkpoints_corrected/Finland_OP_Yrityspankki_2020_9d64e50efca6.json,8,4.0,29,29,4.0,0.0,0.0,116.0,4.0,0.3669724770642202
finland,2020,OP Yrityspankki,evaluations/reruns/country_year_classification_20260630_211343/finland_2020/checkpoints_corrected/Finland_OP_Yrityspankki_2020_9d64e50efca6.json,9,4.0,23,23,4.0,0.0,0.0,92.0,4.0,0.3669724770642202
finland,2020,OP Yrityspankki,evaluations/reruns/country_year_classification_20260630_211343/finland_2020/checkpoints_corrected/Finland_OP_Yrityspankki_2020_9d64e50efca6.json,10,3.5,19,19,3.5,0.0,0.0,66.5,3.5,0.3211009174311927
finland,2020,OP Yrityspankki,evaluations/reruns/country_year_classification_20260630_211343/finland_2020/checkpoints_corrected/Finland_OP_Yrityspankki_2020_9d64e50efca6.json,11,4.0,16,16,4.0,0.0,0.0,64.0,4.0,0.3669724770642202
finland,2020,OP Yrityspankki,evaluations/reruns/country_year_classification_20260630_211343/finland_2020/checkpoints_corrected/Finland_OP_Yrityspankki_2020_9d64e50efca6.json,12,4.0,22,22,4.0,0.0,0.0,88.0,4.0,0.3669724770642202
finland,2020,OP Yrityspankki,evaluations/reruns/country_year_classification_20260630_211343/finland_2020/checkpoints_corrected/Finland_OP_Yrityspankki_2020_9d64e50efca6.json,13,5.0,40,40,5.0,0.0,0.0,200.0,5.0,0.45871559633027525
finland,2020,OP Yrityspankki,evaluations/reruns/country_year_classification_20260630_211343/finland_2020/checkpoints_corrected/Finland_OP_Yrityspankki_2020_9d64e50efca6.json,14,0.0,0,0,0.0,0.0,0.0,0.0,0.0,0.0
finland,2020,OP Yrityspankki,evaluations/reruns/country_year_classification_20260630_211343/finland_2020/checkpoints_corrected/Finland_OP_Yrityspankki_2020_9d64e50efca6.json,15,3.0,8,8,3.0,0.0,0.0,24.0,3.0,0.27522935779816515
finland,2020,OP Yrityspankki,evaluations/reruns/country_year_classification_20260630_211343/finland_2020/checkpoints_corrected/Finland_OP_Yrityspankki_2020_9d64e50efca6.json,16,5.0,18,18,5.0,0.0,0.0,90.0,5.0,0.45871559633027525
finland,2020,OP Yrityspankki,evaluations/reruns/country_year_classification_20260630_211343/finland_2020/checkpoints_corrected/Finland_OP_Yrityspankki_2020_9d64e50efca6.json,17,3.0,19,19,3.0,0.0,0.0,57.0,3.0,0.27522935779816515
finland,2020,Oma Säästöpankki,evaluations/reruns/country_year_classification_20260630_211343/finland_2020/checkpoints_corrected/Finland_Oma_Saastopankki_2020_128a79983c73.json,1,2.0,1,0,0.0,0.0,0.0,0.0,0.0,0.0
finland,2020,Oma Säästöpankki,evaluations/reruns/country_year_classification_20260630_211343/finland_2020/checkpoints_corrected/Finland_Oma_Saastopankki_2020_128a79983c73.json,2,2.0,1,0,0.0,0.0,0.0,0.0,0.0,0.0
finland,2020,Oma Säästöpankki,evaluations/reruns/country_year_classification_20260630_211343/finland_2020/checkpoints_corrected/Finland_Oma_Saastopankki_2020_128a79983c73.json,3,4.0,6,6,4.0,0.0,0.0,24.0,4.0,0.5555555555555556
finland,2020,Oma Säästöpankki,evaluations/reruns/country_year_classification_20260630_211343/finland_2020/checkpoints_corrected/Finland_Oma_Saastopankki_2020_128a79983c73.json,4,4.0,11,11,4.0,0.0,0.0,44.0,4.0,0.5555555555555556
finland,2020,Oma Säästöpankki,evaluations/reruns/country_year_classification_20260630_211343/finland_2020/checkpoints_corrected/Finland_Oma_Saastopankki_2020_128a79983c73.json,5,2.0,1,0,0.0,0.0,0.0,0.0,0.0,0.0
finland,2020,Oma Säästöpankki,evaluations/reruns/country_year_classification_20260630_211343/finland_2020/checkpoints_corrected/Finland_Oma_Saastopankki_2020_128a79983c73.json,6,2.0,1,0,0.0,0.0,0.0,0.0,0.0,0.0
finland,2020,Oma Säästöpankki,evaluations/reruns/country_year_classification_20260630_211343/finland_2020/checkpoints_corrected/Finland_Oma_Saastopankki_2020_128a79983c73.json,7,4.0,10,10,4.0,0.0,0.0,40.0,4.0,0.5555555555555556
finland,2020,Oma Säästöpankki,evaluations/reruns/country_year_classification_20260630_211343/finland_2020/checkpoints_corrected/Finland_Oma_Saastopankki_2020_128a79983c73.json,8,4.0,18,18,4.0,0.0,0.0,72.0,4.0,0.5555555555555556
finland,2020,Oma Säästöpankki,evaluations/reruns/country_year_classification_20260630_211343/finland_2020/checkpoints_corrected/Finland_Oma_Saastopankki_2020_128a79983c73.json,9,4.0,9,9,4.0,0.0,0.0,36.0,4.0,0.5555555555555556
finland,2020,Oma Säästöpankki,evaluations/reruns/country_year_classification_20260630_211343/finland_2020/checkpoints_corrected/Finland_Oma_Saastopankki_2020_128a79983c73.json,10,2.0,1,0,0.0,0.0,0.0,0.0,0.0,0.0
finland,2020,Oma Säästöpankki,evaluations/reruns/country_year_classification_20260630_211343/finland_2020/checkpoints_corrected/Finland_Oma_Saastopankki_2020_128a79983c73.json,11,2.5,4,0,0.0,0.0,0.0,0.0,0.0,0.0
finland,2020,Oma Säästöpankki,evaluations/reruns/country_year_classification_20260630_211343/finland_2020/checkpoints_corrected/Finland_Oma_Saastopankki_2020_128a79983c73.json,12,4.0,12,12,4.0,0.0,0.0,48.0,4.0,0.5555555555555556
finland,2020,Oma Säästöpankki,evaluations/reruns/country_year_classification_20260630_211343/finland_2020/checkpoints_corrected/Finland_Oma_Saastopankki_2020_128a79983c73.json,13,5.0,35,35,5.0,0.0,0.0,175.0,5.0,0.6944444444444444
finland,2020,Oma Säästöpankki,evaluations/reruns/country_year_classification_20260630_211343/finland_2020/checkpoints_corrected/Finland_Oma_Saastopankki_2020_128a79983c73.json,14,2.0,1,0,0.0,0.0,0.0,0.0,0.0,0.0
finland,2020,Oma Säästöpankki,evaluations/reruns/country_year_classification_20260630_211343/finland_2020/checkpoints_corrected/Finland_Oma_Saastopankki_2020_128a79983c73.json,15,3.0,3,3,3.0,0.0,0.0,9.0,3.0,0.4166666666666667
finland,2020,Oma Säästöpankki,evaluations/reruns/country_year_classification_20260630_211343/finland_2020/checkpoints_corrected/Finland_Oma_Saastopankki_2020_128a79983c73.json,16,2.0,1,0,0.0,0.0,0.0,0.0,0.0,0.0
finland,2020,Oma Säästöpankki,evaluations/reruns/country_year_classification_20260630_211343/finland_2020/checkpoints_corrected/Finland_Oma_Saastopankki_2020_128a79983c73.json,17,4.0,5,5,4.0,0.0,0.0,20.0,4.0,0.5555555555555556
finland,2020,S-Pankki,evaluations/reruns/country_year_classification_20260630_211343/finland_2020/checkpoints_corrected/Finland_S_Pankki_2020_ffaa96688f75.json,1,0.0,0,0,0.0,0.0,0.0,0.0,0.0,0.0
finland,2020,S-Pankki,evaluations/reruns/country_year_classification_20260630_211343/finland_2020/checkpoints_corrected/Finland_S_Pankki_2020_ffaa96688f75.json,2,0.0,0,0,0.0,0.0,0.0,0.0,0.0,0.0
finland,2020,S-Pankki,evaluations/reruns/country_year_classification_20260630_211343/finland_2020/checkpoints_corrected/Finland_S_Pankki_2020_ffaa96688f75.json,3,4.0,5,5,4.0,0.0,0.0,20.0,4.0,0.5882352941176471
finland,2020,S-Pankki,evaluations/reruns/country_year_classification_20260630_211343/finland_2020/checkpoints_corrected/Finland_S_Pankki_2020_ffaa96688f75.json,4,3.0,1,1,3.0,0.0,0.0,3.0,3.0,0.4411764705882353
finland,2020,S-Pankki,evaluations/reruns/country_year_classification_20260630_211343/finland_2020/checkpoints_corrected/Finland_S_Pankki_2020_ffaa96688f75.json,5,3.0,2,2,3.0,0.0,0.0,6.0,3.0,0.4411764705882353
finland,2020,S-Pankki,evaluations/reruns/country_year_classification_20260630_211343/finland_2020/checkpoints_corrected/Finland_S_Pankki_2020_ffaa96688f75.json,6,0.0,0,0,0.0,0.0,0.0,0.0,0.0,0.0
finland,2020,S-Pankki,evaluations/reruns/country_year_classification_20260630_211343/finland_2020/checkpoints_corrected/Finland_S_Pankki_2020_ffaa96688f75.json,7,2.0,1,0,0.0,0.0,0.0,0.0,0.0,0.0
finland,2020,S-Pankki,evaluations/reruns/country_year_classification_20260630_211343/finland_2020/checkpoints_corrected/Finland_S_Pankki_2020_ffaa96688f75.json,8,5.0,5,5,5.0,0.0,0.0,25.0,5.0,0.7352941176470589
finland,2020,S-Pankki,evaluations/reruns/country_year_classification_20260630_211343/finland_2020/checkpoints_corrected/Finland_S_Pankki_2020_ffaa96688f75.json,9,2.0,3,0,0.0,0.0,0.0,0.0,0.0,0.0
finland,2020,S-Pankki,evaluations/reruns/country_year_classification_20260630_211343/finland_2020/checkpoints_corrected/Finland_S_Pankki_2020_ffaa96688f75.json,10,2.0,3,0,0.0,0.0,0.0,0.0,0.0,0.0
finland,2020,S-Pankki,evaluations/reruns/country_year_classification_20260630_211343/finland_2020/checkpoints_corrected/Finland_S_Pankki_2020_ffaa96688f75.json,11,2.0,3,0,0.0,0.0,0.0,0.0,0.0,0.0
finland,2020,S-Pankki,evaluations/reruns/country_year_classification_20260630_211343/finland_2020/checkpoints_corrected/Finland_S_Pankki_2020_ffaa96688f75.json,12,4.0,7,7,4.0,0.0,0.0,28.0,4.0,0.5882352941176471
finland,2020,S-Pankki,evaluations/reruns/country_year_classification_20260630_211343/finland_2020/checkpoints_corrected/Finland_S_Pankki_2020_ffaa96688f75.json,13,5.0,9,9,5.0,0.0,0.0,45.0,5.0,0.7352941176470589
finland,2020,S-Pankki,evaluations/reruns/country_year_classification_20260630_211343/finland_2020/checkpoints_corrected/Finland_S_Pankki_2020_ffaa96688f75.json,14,0.0,0,0,0.0,0.0,0.0,0.0,0.0,0.0
finland,2020,S-Pankki,evaluations/reruns/country_year_classification_20260630_211343/finland_2020/checkpoints_corrected/Finland_S_Pankki_2020_ffaa96688f75.json,15,3.0,2,2,3.0,0.0,0.0,6.0,3.0,0.4411764705882353
finland,2020,S-Pankki,evaluations/reruns/country_year_classification_20260630_211343/finland_2020/checkpoints_corrected/Finland_S_Pankki_2020_ffaa96688f75.json,16,3.0,6,6,3.0,0.0,0.0,18.0,3.0,0.4411764705882353
finland,2020,S-Pankki,evaluations/reruns/country_year_classification_20260630_211343/finland_2020/checkpoints_corrected/Finland_S_Pankki_2020_ffaa96688f75.json,17,4.0,7,7,4.0,0.0,0.0,28.0,4.0,0.5882352941176471
finland,2020,Suomen Asuntohypopankki,evaluations/reruns/country_year_classification_20260630_211343/finland_2020/checkpoints_corrected/Finland_Suomen_Asuntohypopankki_2020_a20aeb660a00.json,1,0.0,0,0,0.0,0.0,0.0,0.0,0.0,0.0
finland,2020,Suomen Asuntohypopankki,evaluations/reruns/country_year_classification_20260630_211343/finland_2020/checkpoints_corrected/Finland_Suomen_Asuntohypopankki_2020_a20aeb660a00.json,2,0.0,0,0,0.0,0.0,0.0,0.0,0.0,0.0
finland,2020,Suomen Asuntohypopankki,evaluations/reruns/country_year_classification_20260630_211343/finland_2020/checkpoints_corrected/Finland_Suomen_Asuntohypopankki_2020_a20aeb660a00.json,3,3.0,4,4,3.0,0.0,0.0,12.0,3.0,0.7142857142857143
finland,2020,Suomen Asuntohypopankki,evaluations/reruns/country_year_classification_20260630_211343/finland_2020/checkpoints_corrected/Finland_Suomen_Asuntohypopankki_2020_a20aeb660a00.json,4,2.0,4,0,0.0,0.0,0.0,0.0,0.0,0.0
finland,2020,Suomen Asuntohypopankki,evaluations/reruns/country_year_classification_20260630_211343/finland_2020/checkpoints_corrected/Finland_Suomen_Asuntohypopankki_2020_a20aeb660a00.json,5,2.0,3,0,0.0,0.0,0.0,0.0,0.0,0.0
finland,2020,Suomen Asuntohypopankki,evaluations/reruns/country_year_classification_20260630_211343/finland_2020/checkpoints_corrected/Finland_Suomen_Asuntohypopankki_2020_a20aeb660a00.json,6,0.0,0,0,0.0,0.0,0.0,0.0,0.0,0.0
finland,2020,Suomen Asuntohypopankki,evaluations/reruns/country_year_classification_20260630_211343/finland_2020/checkpoints_corrected/Finland_Suomen_Asuntohypopankki_2020_a20aeb660a00.json,7,0.0,0,0,0.0,0.0,0.0,0.0,0.0,0.0
finland,2020,Suomen Asuntohypopankki,evaluations/reruns/country_year_classification_20260630_211343/finland_2020/checkpoints_corrected/Finland_Suomen_Asuntohypopankki_2020_a20aeb660a00.json,8,4.0,10,10,4.0,0.0,0.0,40.0,4.0,0.9523809523809523
finland,2020,Suomen Asuntohypopankki,evaluations/reruns/country_year_classification_20260630_211343/finland_2020/checkpoints_corrected/Finland_Suomen_Asuntohypopankki_2020_a20aeb660a00.json,9,3.0,2,2,3.0,0.0,0.0,6.0,3.0,0.7142857142857143
finland,2020,Suomen Asuntohypopankki,evaluations/reruns/country_year_classification_20260630_211343/finland_2020/checkpoints_corrected/Finland_Suomen_Asuntohypopankki_2020_a20aeb660a00.json,10,3.0,2,2,3.0,0.0,0.0,6.0,3.0,0.7142857142857143
finland,2020,Suomen Asuntohypopankki,evaluations/reruns/country_year_classification_20260630_211343/finland_2020/checkpoints_corrected/Finland_Suomen_Asuntohypopankki_2020_a20aeb660a00.json,11,5.0,7,7,5.0,0.0,0.0,35.0,5.0,1.1904761904761905
finland,2020,Suomen Asuntohypopankki,evaluations/reruns/country_year_classification_20260630_211343/finland_2020/checkpoints_corrected/Finland_Suomen_Asuntohypopankki_2020_a20aeb660a00.json,12,0.0,0,0,0.0,0.0,0.0,0.0,0.0,0.0
finland,2020,Suomen Asuntohypopankki,evaluations/reruns/country_year_classification_20260630_211343/finland_2020/checkpoints_corrected/Finland_Suomen_Asuntohypopankki_2020_a20aeb660a00.json,13,3.0,1,1,3.0,0.0,0.0,3.0,3.0,0.7142857142857143
finland,2020,Suomen Asuntohypopankki,evaluations/reruns/country_year_classification_20260630_211343/finland_2020/checkpoints_corrected/Finland_Suomen_Asuntohypopankki_2020_a20aeb660a00.json,14,0.0,0,0,0.0,0.0,0.0,0.0,0.0,0.0
finland,2020,Suomen Asuntohypopankki,evaluations/reruns/country_year_classification_20260630_211343/finland_2020/checkpoints_corrected/Finland_Suomen_Asuntohypopankki_2020_a20aeb660a00.json,15,0.0,0,0,0.0,0.0,0.0,0.0,0.0,0.0
finland,2020,Suomen Asuntohypopankki,evaluations/reruns/country_year_classification_20260630_211343/finland_2020/checkpoints_corrected/Finland_Suomen_Asuntohypopankki_2020_a20aeb660a00.json,16,2.0,2,0,0.0,0.0,0.0,0.0,0.0,0.0
finland,2020,Suomen Asuntohypopankki,evaluations/reruns/country_year_classification_20260630_211343/finland_2020/checkpoints_corrected/Finland_Suomen_Asuntohypopankki_2020_a20aeb660a00.json,17,0.0,0,0,0.0,0.0,0.0,0.0,0.0,0.0
finland,2020,Säästöpankkien Keskuspankki,evaluations/reruns/country_year_classification_20260630_211343/finland_2020/checkpoints_corrected/Finland_Saastopankkien_Keskuspankki_2020_a0a6de562338.json,1,4.0,11,11,4.0,0.0,0.0,44.0,4.0,0.5333333333333333
finland,2020,Säästöpankkien Keskuspankki,evaluations/reruns/country_year_classification_20260630_211343/finland_2020/checkpoints_corrected/Finland_Saastopankkien_Keskuspankki_2020_a0a6de562338.json,2,2.0,1,0,0.0,0.0,0.0,0.0,0.0,0.0
finland,2020,Säästöpankkien Keskuspankki,evaluations/reruns/country_year_classification_20260630_211343/finland_2020/checkpoints_corrected/Finland_Saastopankkien_Keskuspankki_2020_a0a6de562338.json,3,3.0,10,10,3.0,0.0,0.0,30.0,3.0,0.4
finland,2020,Säästöpankkien Keskuspankki,evaluations/reruns/country_year_classification_20260630_211343/finland_2020/checkpoints_corrected/Finland_Saastopankkien_Keskuspankki_2020_a0a6de562338.json,4,4.0,5,5,4.0,0.0,0.0,20.0,4.0,0.5333333333333333
finland,2020,Säästöpankkien Keskuspankki,evaluations/reruns/country_year_classification_20260630_211343/finland_2020/checkpoints_corrected/Finland_Saastopankkien_Keskuspankki_2020_a0a6de562338.json,5,3.0,4,4,3.0,0.0,0.0,12.0,3.0,0.4
finland,2020,Säästöpankkien Keskuspankki,evaluations/reruns/country_year_classification_20260630_211343/finland_2020/checkpoints_corrected/Finland_Saastopankkien_Keskuspankki_2020_a0a6de562338.json,6,2.0,2,0,0.0,0.0,0.0,0.0,0.0,0.0
finland,2020,Säästöpankkien Keskuspankki,evaluations/reruns/country_year_classification_20260630_211343/finland_2020/checkpoints_corrected/Finland_Saastopankkien_Keskuspankki_2020_a0a6de562338.json,7,0.0,0,0,0.0,0.0,0.0,0.0,0.0,0.0
finland,2020,Säästöpankkien Keskuspankki,evaluations/reruns/country_year_classification_20260630_211343/finland_2020/checkpoints_corrected/Finland_Saastopankkien_Keskuspankki_2020_a0a6de562338.json,8,4.5,28,28,4.5,0.0,0.0,126.0,4.5,0.6
finland,2020,Säästöpankkien Keskuspankki,evaluations/reruns/country_year_classification_20260630_211343/finland_2020/checkpoints_corrected/Finland_Saastopankkien_Keskuspankki_2020_a0a6de562338.json,9,3.0,8,8,3.0,0.0,0.0,24.0,3.0,0.4
finland,2020,Säästöpankkien Keskuspankki,evaluations/reruns/country_year_classification_20260630_211343/finland_2020/checkpoints_corrected/Finland_Saastopankkien_Keskuspankki_2020_a0a6de562338.json,10,0.0,0,0,0.0,0.0,0.0,0.0,0.0,0.0
finland,2020,Säästöpankkien Keskuspankki,evaluations/reruns/country_year_classification_20260630_211343/finland_2020/checkpoints_corrected/Finland_Saastopankkien_Keskuspankki_2020_a0a6de562338.json,11,2.0,2,0,0.0,0.0,0.0,0.0,0.0,0.0
finland,2020,Säästöpankkien Keskuspankki,evaluations/reruns/country_year_classification_20260630_211343/finland_2020/checkpoints_corrected/Finland_Saastopankkien_Keskuspankki_2020_a0a6de562338.json,12,4.0,8,8,4.0,0.0,0.0,32.0,4.0,0.5333333333333333
finland,2020,Säästöpankkien Keskuspankki,evaluations/reruns/country_year_classification_20260630_211343/finland_2020/checkpoints_corrected/Finland_Saastopankkien_Keskuspankki_2020_a0a6de562338.json,13,4.0,13,13,4.0,0.0,0.0,52.0,4.0,0.5333333333333333
finland,2020,Säästöpankkien Keskuspankki,evaluations/reruns/country_year_classification_20260630_211343/finland_2020/checkpoints_corrected/Finland_Saastopankkien_Keskuspankki_2020_a0a6de562338.json,14,0.0,0,0,0.0,0.0,0.0,0.0,0.0,0.0
finland,2020,Säästöpankkien Keskuspankki,evaluations/reruns/country_year_classification_20260630_211343/finland_2020/checkpoints_corrected/Finland_Saastopankkien_Keskuspankki_2020_a0a6de562338.json,15,2.0,2,0,0.0,0.0,0.0,0.0,0.0,0.0
finland,2020,Säästöpankkien Keskuspankki,evaluations/reruns/country_year_classification_20260630_211343/finland_2020/checkpoints_corrected/Finland_Saastopankkien_Keskuspankki_2020_a0a6de562338.json,16,4.0,16,16,4.0,0.0,0.0,64.0,4.0,0.5333333333333333
finland,2020,Säästöpankkien Keskuspankki,evaluations/reruns/country_year_classification_20260630_211343/finland_2020/checkpoints_corrected/Finland_Saastopankkien_Keskuspankki_2020_a0a6de562338.json,17,4.0,6,6,4.0,0.0,0.0,24.0,4.0,0.5333333333333333
finland,2020,Ålandsbanken,evaluations/reruns/country_year_classification_20260630_211343/finland_2020/checkpoints_corrected/Finland_Alandsbanken_2020_b55d26084dfb.json,1,1.0,1,0,0.0,0.0,0.0,0.0,0.0,0.0
finland,2020,Ålandsbanken,evaluations/reruns/country_year_classification_20260630_211343/finland_2020/checkpoints_corrected/Finland_Alandsbanken_2020_b55d26084dfb.json,2,1.0,1,0,0.0,0.0,0.0,0.0,0.0,0.0
finland,2020,Ålandsbanken,evaluations/reruns/country_year_classification_20260630_211343/finland_2020/checkpoints_corrected/Finland_Alandsbanken_2020_b55d26084dfb.json,3,3.0,2,2,3.0,0.0,0.0,6.0,3.0,0.2702702702702703
finland,2020,Ålandsbanken,evaluations/reruns/country_year_classification_20260630_211343/finland_2020/checkpoints_corrected/Finland_Alandsbanken_2020_b55d26084dfb.json,4,2.0,2,0,0.0,0.0,0.0,0.0,0.0,0.0
finland,2020,Ålandsbanken,evaluations/reruns/country_year_classification_20260630_211343/finland_2020/checkpoints_corrected/Finland_Alandsbanken_2020_b55d26084dfb.json,5,4.5,6,6,4.5,0.0,0.0,27.0,4.5,0.40540540540540543
finland,2020,Ålandsbanken,evaluations/reruns/country_year_classification_20260630_211343/finland_2020/checkpoints_corrected/Finland_Alandsbanken_2020_b55d26084dfb.json,6,3.0,1,1,3.0,0.0,0.0,3.0,3.0,0.2702702702702703
finland,2020,Ålandsbanken,evaluations/reruns/country_year_classification_20260630_211343/finland_2020/checkpoints_corrected/Finland_Alandsbanken_2020_b55d26084dfb.json,7,4.0,11,11,4.0,0.0,0.0,44.0,4.0,0.36036036036036034
finland,2020,Ålandsbanken,evaluations/reruns/country_year_classification_20260630_211343/finland_2020/checkpoints_corrected/Finland_Alandsbanken_2020_b55d26084dfb.json,8,4.0,6,6,4.0,0.0,0.0,24.0,4.0,0.36036036036036034
finland,2020,Ålandsbanken,evaluations/reruns/country_year_classification_20260630_211343/finland_2020/checkpoints_corrected/Finland_Alandsbanken_2020_b55d26084dfb.json,9,2.0,1,0,0.0,0.0,0.0,0.0,0.0,0.0
finland,2020,Ålandsbanken,evaluations/reruns/country_year_classification_20260630_211343/finland_2020/checkpoints_corrected/Finland_Alandsbanken_2020_b55d26084dfb.json,10,3.0,1,1,3.0,0.0,0.0,3.0,3.0,0.2702702702702703
finland,2020,Ålandsbanken,evaluations/reruns/country_year_classification_20260630_211343/finland_2020/checkpoints_corrected/Finland_Alandsbanken_2020_b55d26084dfb.json,11,5.0,2,2,5.0,0.0,0.0,10.0,5.0,0.45045045045045046
finland,2020,Ålandsbanken,evaluations/reruns/country_year_classification_20260630_211343/finland_2020/checkpoints_corrected/Finland_Alandsbanken_2020_b55d26084dfb.json,12,5.0,15,15,5.0,0.0,0.0,75.0,5.0,0.45045045045045046
finland,2020,Ålandsbanken,evaluations/reruns/country_year_classification_20260630_211343/finland_2020/checkpoints_corrected/Finland_Alandsbanken_2020_b55d26084dfb.json,13,5.0,21,21,5.0,0.0,0.0,105.0,5.0,0.45045045045045046
finland,2020,Ålandsbanken,evaluations/reruns/country_year_classification_20260630_211343/finland_2020/checkpoints_corrected/Finland_Alandsbanken_2020_b55d26084dfb.json,14,4.0,5,5,4.0,0.0,0.0,20.0,4.0,0.36036036036036034
finland,2020,Ålandsbanken,evaluations/reruns/country_year_classification_20260630_211343/finland_2020/checkpoints_corrected/Finland_Alandsbanken_2020_b55d26084dfb.json,15,5.0,2,2,5.0,0.0,0.0,10.0,5.0,0.45045045045045046
finland,2020,Ålandsbanken,evaluations/reruns/country_year_classification_20260630_211343/finland_2020/checkpoints_corrected/Finland_Alandsbanken_2020_b55d26084dfb.json,16,5.0,11,11,5.0,0.0,0.0,55.0,5.0,0.45045045045045046
finland,2020,Ålandsbanken,evaluations/reruns/country_year_classification_20260630_211343/finland_2020/checkpoints_corrected/Finland_Alandsbanken_2020_b55d26084dfb.json,17,5.0,7,7,5.0,0.0,0.0,35.0,5.0,0.45045045045045046
finland,2021,Aktia Pankki,evaluations/reruns/country_year_classification_20260630_211343/finland_2021/checkpoints_corrected/Finland_Aktia_Pankki_2021_5e6f4faac463.json,1,4.0,6,6,4.0,0.0,0.0,24.0,4.0,0.2777777777777778
finland,2021,Aktia Pankki,evaluations/reruns/country_year_classification_20260630_211343/finland_2021/checkpoints_corrected/Finland_Aktia_Pankki_2021_5e6f4faac463.json,2,4.0,2,2,4.0,0.0,0.0,8.0,4.0,0.2777777777777778
finland,2021,Aktia Pankki,evaluations/reruns/country_year_classification_20260630_211343/finland_2021/checkpoints_corrected/Finland_Aktia_Pankki_2021_5e6f4faac463.json,3,4.0,15,15,4.0,0.0,0.0,60.0,4.0,0.2777777777777778
finland,2021,Aktia Pankki,evaluations/reruns/country_year_classification_20260630_211343/finland_2021/checkpoints_corrected/Finland_Aktia_Pankki_2021_5e6f4faac463.json,4,4.0,18,18,4.0,0.0,0.0,72.0,4.0,0.2777777777777778
finland,2021,Aktia Pankki,evaluations/reruns/country_year_classification_20260630_211343/finland_2021/checkpoints_corrected/Finland_Aktia_Pankki_2021_5e6f4faac463.json,5,4.0,11,11,4.0,0.0,0.0,44.0,4.0,0.2777777777777778
finland,2021,Aktia Pankki,evaluations/reruns/country_year_classification_20260630_211343/finland_2021/checkpoints_corrected/Finland_Aktia_Pankki_2021_5e6f4faac463.json,6,4.0,2,2,4.0,0.0,0.0,8.0,4.0,0.2777777777777778
finland,2021,Aktia Pankki,evaluations/reruns/country_year_classification_20260630_211343/finland_2021/checkpoints_corrected/Finland_Aktia_Pankki_2021_5e6f4faac463.json,7,4.0,16,16,4.0,0.0,0.0,64.0,4.0,0.2777777777777778
finland,2021,Aktia Pankki,evaluations/reruns/country_year_classification_20260630_211343/finland_2021/checkpoints_corrected/Finland_Aktia_Pankki_2021_5e6f4faac463.json,8,5.0,26,26,5.0,0.0,0.0,130.0,5.0,0.3472222222222222
finland,2021,Aktia Pankki,evaluations/reruns/country_year_classification_20260630_211343/finland_2021/checkpoints_corrected/Finland_Aktia_Pankki_2021_5e6f4faac463.json,9,5.0,19,19,5.0,0.0,0.0,95.0,5.0,0.3472222222222222
finland,2021,Aktia Pankki,evaluations/reruns/country_year_classification_20260630_211343/finland_2021/checkpoints_corrected/Finland_Aktia_Pankki_2021_5e6f4faac463.json,10,4.0,9,9,4.0,0.0,0.0,36.0,4.0,0.2777777777777778
finland,2021,Aktia Pankki,evaluations/reruns/country_year_classification_20260630_211343/finland_2021/checkpoints_corrected/Finland_Aktia_Pankki_2021_5e6f4faac463.json,11,4.0,4,4,4.0,0.0,0.0,16.0,4.0,0.2777777777777778
finland,2021,Aktia Pankki,evaluations/reruns/country_year_classification_20260630_211343/finland_2021/checkpoints_corrected/Finland_Aktia_Pankki_2021_5e6f4faac463.json,12,4.0,30,30,4.0,0.0,0.0,120.0,4.0,0.2777777777777778
finland,2021,Aktia Pankki,evaluations/reruns/country_year_classification_20260630_211343/finland_2021/checkpoints_corrected/Finland_Aktia_Pankki_2021_5e6f4faac463.json,13,5.0,51,51,5.0,0.0,0.0,255.0,5.0,0.3472222222222222
finland,2021,Aktia Pankki,evaluations/reruns/country_year_classification_20260630_211343/finland_2021/checkpoints_corrected/Finland_Aktia_Pankki_2021_5e6f4faac463.json,14,4.0,3,3,4.0,0.0,0.0,12.0,4.0,0.2777777777777778
finland,2021,Aktia Pankki,evaluations/reruns/country_year_classification_20260630_211343/finland_2021/checkpoints_corrected/Finland_Aktia_Pankki_2021_5e6f4faac463.json,15,4.0,2,2,4.0,0.0,0.0,8.0,4.0,0.2777777777777778
finland,2021,Aktia Pankki,evaluations/reruns/country_year_classification_20260630_211343/finland_2021/checkpoints_corrected/Finland_Aktia_Pankki_2021_5e6f4faac463.json,16,4.0,26,26,4.0,0.0,0.0,104.0,4.0,0.2777777777777778
finland,2021,Aktia Pankki,evaluations/reruns/country_year_classification_20260630_211343/finland_2021/checkpoints_corrected/Finland_Aktia_Pankki_2021_5e6f4faac463.json,17,5.0,22,22,5.0,0.0,0.0,110.0,5.0,0.3472222222222222
finland,2021,Danske Bank,evaluations/reruns/country_year_classification_20260630_211343/finland_2021/checkpoints_corrected/Finland_Danske_Bank_2021_1c0fdd3b9832.json,1,1.0,1,0,0.0,0.0,0.0,0.0,0.0,0.0
finland,2021,Danske Bank,evaluations/reruns/country_year_classification_20260630_211343/finland_2021/checkpoints_corrected/Finland_Danske_Bank_2021_1c0fdd3b9832.json,2,1.0,1,0,0.0,0.0,0.0,0.0,0.0,0.0
finland,2021,Danske Bank,evaluations/reruns/country_year_classification_20260630_211343/finland_2021/checkpoints_corrected/Finland_Danske_Bank_2021_1c0fdd3b9832.json,3,3.0,6,6,3.0,0.0,0.0,18.0,3.0,0.42857142857142855
finland,2021,Danske Bank,evaluations/reruns/country_year_classification_20260630_211343/finland_2021/checkpoints_corrected/Finland_Danske_Bank_2021_1c0fdd3b9832.json,4,2.5,2,0,0.0,0.0,0.0,0.0,0.0,0.0
finland,2021,Danske Bank,evaluations/reruns/country_year_classification_20260630_211343/finland_2021/checkpoints_corrected/Finland_Danske_Bank_2021_1c0fdd3b9832.json,5,3.0,2,2,3.0,0.0,0.0,6.0,3.0,0.42857142857142855
finland,2021,Danske Bank,evaluations/reruns/country_year_classification_20260630_211343/finland_2021/checkpoints_corrected/Finland_Danske_Bank_2021_1c0fdd3b9832.json,6,1.0,1,0,0.0,0.0,0.0,0.0,0.0,0.0
finland,2021,Danske Bank,evaluations/reruns/country_year_classification_20260630_211343/finland_2021/checkpoints_corrected/Finland_Danske_Bank_2021_1c0fdd3b9832.json,7,3.0,3,3,3.0,0.0,0.0,9.0,3.0,0.42857142857142855
finland,2021,Danske Bank,evaluations/reruns/country_year_classification_20260630_211343/finland_2021/checkpoints_corrected/Finland_Danske_Bank_2021_1c0fdd3b9832.json,8,3.5,6,6,3.5,0.0,0.0,21.0,3.5,0.5
finland,2021,Danske Bank,evaluations/reruns/country_year_classification_20260630_211343/finland_2021/checkpoints_corrected/Finland_Danske_Bank_2021_1c0fdd3b9832.json,9,3.0,6,6,3.0,0.0,0.0,18.0,3.0,0.42857142857142855
finland,2021,Danske Bank,evaluations/reruns/country_year_classification_20260630_211343/finland_2021/checkpoints_corrected/Finland_Danske_Bank_2021_1c0fdd3b9832.json,10,3.0,3,3,3.0,0.0,0.0,9.0,3.0,0.42857142857142855
finland,2021,Danske Bank,evaluations/reruns/country_year_classification_20260630_211343/finland_2021/checkpoints_corrected/Finland_Danske_Bank_2021_1c0fdd3b9832.json,11,2.5,4,0,0.0,0.0,0.0,0.0,0.0,0.0
finland,2021,Danske Bank,evaluations/reruns/country_year_classification_20260630_211343/finland_2021/checkpoints_corrected/Finland_Danske_Bank_2021_1c0fdd3b9832.json,12,4.0,9,9,4.0,0.0,0.0,36.0,4.0,0.5714285714285714
finland,2021,Danske Bank,evaluations/reruns/country_year_classification_20260630_211343/finland_2021/checkpoints_corrected/Finland_Danske_Bank_2021_1c0fdd3b9832.json,13,5.0,26,26,5.0,0.0,0.0,130.0,5.0,0.7142857142857143
finland,2021,Danske Bank,evaluations/reruns/country_year_classification_20260630_211343/finland_2021/checkpoints_corrected/Finland_Danske_Bank_2021_1c0fdd3b9832.json,14,1.0,1,0,0.0,0.0,0.0,0.0,0.0,0.0
finland,2021,Danske Bank,evaluations/reruns/country_year_classification_20260630_211343/finland_2021/checkpoints_corrected/Finland_Danske_Bank_2021_1c0fdd3b9832.json,15,1.0,1,0,0.0,0.0,0.0,0.0,0.0,0.0
finland,2021,Danske Bank,evaluations/reruns/country_year_classification_20260630_211343/finland_2021/checkpoints_corrected/Finland_Danske_Bank_2021_1c0fdd3b9832.json,16,3.5,18,18,3.5,0.0,0.0,63.0,3.5,0.5
finland,2021,Danske Bank,evaluations/reruns/country_year_classification_20260630_211343/finland_2021/checkpoints_corrected/Finland_Danske_Bank_2021_1c0fdd3b9832.json,17,4.0,6,6,4.0,0.0,0.0,24.0,4.0,0.5714285714285714
finland,2021,Nordea Bank,evaluations/reruns/country_year_classification_20260630_211343/finland_2021/checkpoints_corrected/Finland_Nordea_Bank_2021_cea7f28bf70b.json,1,3.0,2,2,3.0,0.0,0.0,6.0,3.0,0.26548672566371684
finland,2021,Nordea Bank,evaluations/reruns/country_year_classification_20260630_211343/finland_2021/checkpoints_corrected/Finland_Nordea_Bank_2021_cea7f28bf70b.json,2,0.0,0,0,0.0,0.0,0.0,0.0,0.0,0.0
finland,2021,Nordea Bank,evaluations/reruns/country_year_classification_20260630_211343/finland_2021/checkpoints_corrected/Finland_Nordea_Bank_2021_cea7f28bf70b.json,3,2.0,4,0,0.0,0.0,0.0,0.0,0.0,0.0
finland,2021,Nordea Bank,evaluations/reruns/country_year_classification_20260630_211343/finland_2021/checkpoints_corrected/Finland_Nordea_Bank_2021_cea7f28bf70b.json,4,4.0,10,10,4.0,0.0,0.0,40.0,4.0,0.35398230088495575
finland,2021,Nordea Bank,evaluations/reruns/country_year_classification_20260630_211343/finland_2021/checkpoints_corrected/Finland_Nordea_Bank_2021_cea7f28bf70b.json,5,4.5,25,25,4.5,0.0,0.0,112.5,4.5,0.39823008849557523
finland,2021,Nordea Bank,evaluations/reruns/country_year_classification_20260630_211343/finland_2021/checkpoints_corrected/Finland_Nordea_Bank_2021_cea7f28bf70b.json,6,3.0,1,1,3.0,0.0,0.0,3.0,3.0,0.26548672566371684
finland,2021,Nordea Bank,evaluations/reruns/country_year_classification_20260630_211343/finland_2021/checkpoints_corrected/Finland_Nordea_Bank_2021_cea7f28bf70b.json,7,4.0,9,9,4.0,0.0,0.0,36.0,4.0,0.35398230088495575
finland,2021,Nordea Bank,evaluations/reruns/country_year_classification_20260630_211343/finland_2021/checkpoints_corrected/Finland_Nordea_Bank_2021_cea7f28bf70b.json,8,4.0,29,29,4.0,0.0,0.0,116.0,4.0,0.35398230088495575
finland,2021,Nordea Bank,evaluations/reruns/country_year_classification_20260630_211343/finland_2021/checkpoints_corrected/Finland_Nordea_Bank_2021_cea7f28bf70b.json,9,4.0,7,7,4.0,0.0,0.0,28.0,4.0,0.35398230088495575
finland,2021,Nordea Bank,evaluations/reruns/country_year_classification_20260630_211343/finland_2021/checkpoints_corrected/Finland_Nordea_Bank_2021_cea7f28bf70b.json,10,4.0,11,11,4.0,0.0,0.0,44.0,4.0,0.35398230088495575
finland,2021,Nordea Bank,evaluations/reruns/country_year_classification_20260630_211343/finland_2021/checkpoints_corrected/Finland_Nordea_Bank_2021_cea7f28bf70b.json,11,0.0,0,0,0.0,0.0,0.0,0.0,0.0,0.0
finland,2021,Nordea Bank,evaluations/reruns/country_year_classification_20260630_211343/finland_2021/checkpoints_corrected/Finland_Nordea_Bank_2021_cea7f28bf70b.json,12,4.0,24,24,4.0,0.0,0.0,96.0,4.0,0.35398230088495575
finland,2021,Nordea Bank,evaluations/reruns/country_year_classification_20260630_211343/finland_2021/checkpoints_corrected/Finland_Nordea_Bank_2021_cea7f28bf70b.json,13,5.0,61,61,5.0,0.0,0.0,305.0,5.0,0.4424778761061947
finland,2021,Nordea Bank,evaluations/reruns/country_year_classification_20260630_211343/finland_2021/checkpoints_corrected/Finland_Nordea_Bank_2021_cea7f28bf70b.json,14,4.0,2,2,4.0,0.0,0.0,8.0,4.0,0.35398230088495575
finland,2021,Nordea Bank,evaluations/reruns/country_year_classification_20260630_211343/finland_2021/checkpoints_corrected/Finland_Nordea_Bank_2021_cea7f28bf70b.json,15,4.0,2,2,4.0,0.0,0.0,8.0,4.0,0.35398230088495575
finland,2021,Nordea Bank,evaluations/reruns/country_year_classification_20260630_211343/finland_2021/checkpoints_corrected/Finland_Nordea_Bank_2021_cea7f28bf70b.json,16,5.0,36,36,5.0,0.0,0.0,180.0,5.0,0.4424778761061947
finland,2021,Nordea Bank,evaluations/reruns/country_year_classification_20260630_211343/finland_2021/checkpoints_corrected/Finland_Nordea_Bank_2021_cea7f28bf70b.json,17,4.0,10,10,4.0,0.0,0.0,40.0,4.0,0.35398230088495575
finland,2021,OP Yrityspankki,evaluations/reruns/country_year_classification_20260630_211343/finland_2021/checkpoints_corrected/Finland_OP_Yrityspankki_2021_9a3a5014c14b.json,1,3.0,2,2,3.0,0.0,0.0,6.0,3.0,0.297029702970297
finland,2021,OP Yrityspankki,evaluations/reruns/country_year_classification_20260630_211343/finland_2021/checkpoints_corrected/Finland_OP_Yrityspankki_2021_9a3a5014c14b.json,2,0.0,0,0,0.0,0.0,0.0,0.0,0.0,0.0
finland,2021,OP Yrityspankki,evaluations/reruns/country_year_classification_20260630_211343/finland_2021/checkpoints_corrected/Finland_OP_Yrityspankki_2021_9a3a5014c14b.json,3,3.0,9,9,3.0,0.0,0.0,27.0,3.0,0.297029702970297
finland,2021,OP Yrityspankki,evaluations/reruns/country_year_classification_20260630_211343/finland_2021/checkpoints_corrected/Finland_OP_Yrityspankki_2021_9a3a5014c14b.json,4,4.0,15,15,4.0,0.0,0.0,60.0,4.0,0.39603960396039606
finland,2021,OP Yrityspankki,evaluations/reruns/country_year_classification_20260630_211343/finland_2021/checkpoints_corrected/Finland_OP_Yrityspankki_2021_9a3a5014c14b.json,5,4.0,9,9,4.0,0.0,0.0,36.0,4.0,0.39603960396039606
finland,2021,OP Yrityspankki,evaluations/reruns/country_year_classification_20260630_211343/finland_2021/checkpoints_corrected/Finland_OP_Yrityspankki_2021_9a3a5014c14b.json,6,2.0,2,0,0.0,0.0,0.0,0.0,0.0,0.0
finland,2021,OP Yrityspankki,evaluations/reruns/country_year_classification_20260630_211343/finland_2021/checkpoints_corrected/Finland_OP_Yrityspankki_2021_9a3a5014c14b.json,7,3.0,9,9,3.0,0.0,0.0,27.0,3.0,0.297029702970297
finland,2021,OP Yrityspankki,evaluations/reruns/country_year_classification_20260630_211343/finland_2021/checkpoints_corrected/Finland_OP_Yrityspankki_2021_9a3a5014c14b.json,8,4.0,23,23,4.0,0.0,0.0,92.0,4.0,0.39603960396039606
finland,2021,OP Yrityspankki,evaluations/reruns/country_year_classification_20260630_211343/finland_2021/checkpoints_corrected/Finland_OP_Yrityspankki_2021_9a3a5014c14b.json,9,3.0,12,12,3.0,0.0,0.0,36.0,3.0,0.297029702970297
finland,2021,OP Yrityspankki,evaluations/reruns/country_year_classification_20260630_211343/finland_2021/checkpoints_corrected/Finland_OP_Yrityspankki_2021_9a3a5014c14b.json,10,3.5,6,6,3.5,0.0,0.0,21.0,3.5,0.3465346534653465
finland,2021,OP Yrityspankki,evaluations/reruns/country_year_classification_20260630_211343/finland_2021/checkpoints_corrected/Finland_OP_Yrityspankki_2021_9a3a5014c14b.json,11,3.0,11,11,3.0,0.0,0.0,33.0,3.0,0.297029702970297
finland,2021,OP Yrityspankki,evaluations/reruns/country_year_classification_20260630_211343/finland_2021/checkpoints_corrected/Finland_OP_Yrityspankki_2021_9a3a5014c14b.json,12,4.0,18,18,4.0,0.0,0.0,72.0,4.0,0.39603960396039606
finland,2021,OP Yrityspankki,evaluations/reruns/country_year_classification_20260630_211343/finland_2021/checkpoints_corrected/Finland_OP_Yrityspankki_2021_9a3a5014c14b.json,13,5.0,38,38,5.0,0.0,0.0,190.0,5.0,0.49504950495049505
finland,2021,OP Yrityspankki,evaluations/reruns/country_year_classification_20260630_211343/finland_2021/checkpoints_corrected/Finland_OP_Yrityspankki_2021_9a3a5014c14b.json,14,2.0,1,0,0.0,0.0,0.0,0.0,0.0,0.0
finland,2021,OP Yrityspankki,evaluations/reruns/country_year_classification_20260630_211343/finland_2021/checkpoints_corrected/Finland_OP_Yrityspankki_2021_9a3a5014c14b.json,15,3.0,5,5,3.0,0.0,0.0,15.0,3.0,0.297029702970297
finland,2021,OP Yrityspankki,evaluations/reruns/country_year_classification_20260630_211343/finland_2021/checkpoints_corrected/Finland_OP_Yrityspankki_2021_9a3a5014c14b.json,16,5.0,22,22,5.0,0.0,0.0,110.0,5.0,0.49504950495049505
finland,2021,OP Yrityspankki,evaluations/reruns/country_year_classification_20260630_211343/finland_2021/checkpoints_corrected/Finland_OP_Yrityspankki_2021_9a3a5014c14b.json,17,3.0,6,6,3.0,0.0,0.0,18.0,3.0,0.297029702970297
finland,2021,Oma Säästöpankki,evaluations/reruns/country_year_classification_20260630_211343/finland_2021/checkpoints_corrected/Finland_Oma_Saastopankki_2021_64db404dd053.json,1,4.0,4,4,4.0,0.0,0.0,16.0,4.0,0.2898550724637681
finland,2021,Oma Säästöpankki,evaluations/reruns/country_year_classification_20260630_211343/finland_2021/checkpoints_corrected/Finland_Oma_Saastopankki_2021_64db404dd053.json,2,4.0,2,2,4.0,0.0,0.0,8.0,4.0,0.2898550724637681
finland,2021,Oma Säästöpankki,evaluations/reruns/country_year_classification_20260630_211343/finland_2021/checkpoints_corrected/Finland_Oma_Saastopankki_2021_64db404dd053.json,3,4.0,10,10,4.0,0.0,0.0,40.0,4.0,0.2898550724637681
finland,2021,Oma Säästöpankki,evaluations/reruns/country_year_classification_20260630_211343/finland_2021/checkpoints_corrected/Finland_Oma_Saastopankki_2021_64db404dd053.json,4,4.0,20,20,4.0,0.0,0.0,80.0,4.0,0.2898550724637681
finland,2021,Oma Säästöpankki,evaluations/reruns/country_year_classification_20260630_211343/finland_2021/checkpoints_corrected/Finland_Oma_Saastopankki_2021_64db404dd053.json,5,4.0,4,4,4.0,0.0,0.0,16.0,4.0,0.2898550724637681
finland,2021,Oma Säästöpankki,evaluations/reruns/country_year_classification_20260630_211343/finland_2021/checkpoints_corrected/Finland_Oma_Saastopankki_2021_64db404dd053.json,6,4.0,2,2,4.0,0.0,0.0,8.0,4.0,0.2898550724637681
finland,2021,Oma Säästöpankki,evaluations/reruns/country_year_classification_20260630_211343/finland_2021/checkpoints_corrected/Finland_Oma_Saastopankki_2021_64db404dd053.json,7,4.0,10,10,4.0,0.0,0.0,40.0,4.0,0.2898550724637681
finland,2021,Oma Säästöpankki,evaluations/reruns/country_year_classification_20260630_211343/finland_2021/checkpoints_corrected/Finland_Oma_Saastopankki_2021_64db404dd053.json,8,4.0,20,20,4.0,0.0,0.0,80.0,4.0,0.2898550724637681
finland,2021,Oma Säästöpankki,evaluations/reruns/country_year_classification_20260630_211343/finland_2021/checkpoints_corrected/Finland_Oma_Saastopankki_2021_64db404dd053.json,9,4.0,12,12,4.0,0.0,0.0,48.0,4.0,0.2898550724637681
finland,2021,Oma Säästöpankki,evaluations/reruns/country_year_classification_20260630_211343/finland_2021/checkpoints_corrected/Finland_Oma_Saastopankki_2021_64db404dd053.json,10,4.0,5,5,4.0,0.0,0.0,20.0,4.0,0.2898550724637681
finland,2021,Oma Säästöpankki,evaluations/reruns/country_year_classification_20260630_211343/finland_2021/checkpoints_corrected/Finland_Oma_Saastopankki_2021_64db404dd053.json,11,4.0,4,4,4.0,0.0,0.0,16.0,4.0,0.2898550724637681
finland,2021,Oma Säästöpankki,evaluations/reruns/country_year_classification_20260630_211343/finland_2021/checkpoints_corrected/Finland_Oma_Saastopankki_2021_64db404dd053.json,12,4.0,15,15,4.0,0.0,0.0,60.0,4.0,0.2898550724637681
finland,2021,Oma Säästöpankki,evaluations/reruns/country_year_classification_20260630_211343/finland_2021/checkpoints_corrected/Finland_Oma_Saastopankki_2021_64db404dd053.json,13,5.0,49,49,5.0,0.0,0.0,245.0,5.0,0.36231884057971014
finland,2021,Oma Säästöpankki,evaluations/reruns/country_year_classification_20260630_211343/finland_2021/checkpoints_corrected/Finland_Oma_Saastopankki_2021_64db404dd053.json,14,4.0,2,2,4.0,0.0,0.0,8.0,4.0,0.2898550724637681
finland,2021,Oma Säästöpankki,evaluations/reruns/country_year_classification_20260630_211343/finland_2021/checkpoints_corrected/Finland_Oma_Saastopankki_2021_64db404dd053.json,15,4.0,4,4,4.0,0.0,0.0,16.0,4.0,0.2898550724637681
finland,2021,Oma Säästöpankki,evaluations/reruns/country_year_classification_20260630_211343/finland_2021/checkpoints_corrected/Finland_Oma_Saastopankki_2021_64db404dd053.json,16,4.0,6,6,4.0,0.0,0.0,24.0,4.0,0.2898550724637681
finland,2021,Oma Säästöpankki,evaluations/reruns/country_year_classification_20260630_211343/finland_2021/checkpoints_corrected/Finland_Oma_Saastopankki_2021_64db404dd053.json,17,4.0,8,8,4.0,0.0,0.0,32.0,4.0,0.2898550724637681
finland,2021,S-Pankki,evaluations/reruns/country_year_classification_20260630_211343/finland_2021/checkpoints_corrected/Finland_S_Pankki_2021_6bfeb6194ea5.json,1,0.0,0,0,0.0,0.0,0.0,0.0,0.0,0.0
finland,2021,S-Pankki,evaluations/reruns/country_year_classification_20260630_211343/finland_2021/checkpoints_corrected/Finland_S_Pankki_2021_6bfeb6194ea5.json,2,0.0,0,0,0.0,0.0,0.0,0.0,0.0,0.0
finland,2021,S-Pankki,evaluations/reruns/country_year_classification_20260630_211343/finland_2021/checkpoints_corrected/Finland_S_Pankki_2021_6bfeb6194ea5.json,3,2.0,1,0,0.0,0.0,0.0,0.0,0.0,0.0
finland,2021,S-Pankki,evaluations/reruns/country_year_classification_20260630_211343/finland_2021/checkpoints_corrected/Finland_S_Pankki_2021_6bfeb6194ea5.json,4,2.0,5,0,0.0,0.0,0.0,0.0,0.0,0.0
finland,2021,S-Pankki,evaluations/reruns/country_year_classification_20260630_211343/finland_2021/checkpoints_corrected/Finland_S_Pankki_2021_6bfeb6194ea5.json,5,4.0,12,12,4.0,0.0,0.0,48.0,4.0,0.7407407407407407
finland,2021,S-Pankki,evaluations/reruns/country_year_classification_20260630_211343/finland_2021/checkpoints_corrected/Finland_S_Pankki_2021_6bfeb6194ea5.json,6,1.0,1,0,0.0,0.0,0.0,0.0,0.0,0.0
finland,2021,S-Pankki,evaluations/reruns/country_year_classification_20260630_211343/finland_2021/checkpoints_corrected/Finland_S_Pankki_2021_6bfeb6194ea5.json,7,2.0,4,0,0.0,0.0,0.0,0.0,0.0,0.0
finland,2021,S-Pankki,evaluations/reruns/country_year_classification_20260630_211343/finland_2021/checkpoints_corrected/Finland_S_Pankki_2021_6bfeb6194ea5.json,8,4.0,12,12,4.0,0.0,0.0,48.0,4.0,0.7407407407407407
finland,2021,S-Pankki,evaluations/reruns/country_year_classification_20260630_211343/finland_2021/checkpoints_corrected/Finland_S_Pankki_2021_6bfeb6194ea5.json,9,1.0,1,0,0.0,0.0,0.0,0.0,0.0,0.0
finland,2021,S-Pankki,evaluations/reruns/country_year_classification_20260630_211343/finland_2021/checkpoints_corrected/Finland_S_Pankki_2021_6bfeb6194ea5.json,10,3.0,8,8,3.0,0.0,0.0,24.0,3.0,0.5555555555555556
finland,2021,S-Pankki,evaluations/reruns/country_year_classification_20260630_211343/finland_2021/checkpoints_corrected/Finland_S_Pankki_2021_6bfeb6194ea5.json,11,0.0,0,0,0.0,0.0,0.0,0.0,0.0,0.0
finland,2021,S-Pankki,evaluations/reruns/country_year_classification_20260630_211343/finland_2021/checkpoints_corrected/Finland_S_Pankki_2021_6bfeb6194ea5.json,12,4.0,3,3,4.0,0.0,0.0,12.0,4.0,0.7407407407407407
finland,2021,S-Pankki,evaluations/reruns/country_year_classification_20260630_211343/finland_2021/checkpoints_corrected/Finland_S_Pankki_2021_6bfeb6194ea5.json,13,5.0,12,12,5.0,0.0,0.0,60.0,5.0,0.9259259259259259
finland,2021,S-Pankki,evaluations/reruns/country_year_classification_20260630_211343/finland_2021/checkpoints_corrected/Finland_S_Pankki_2021_6bfeb6194ea5.json,14,0.0,0,0,0.0,0.0,0.0,0.0,0.0,0.0
finland,2021,S-Pankki,evaluations/reruns/country_year_classification_20260630_211343/finland_2021/checkpoints_corrected/Finland_S_Pankki_2021_6bfeb6194ea5.json,15,0.0,0,0,0.0,0.0,0.0,0.0,0.0,0.0
finland,2021,S-Pankki,evaluations/reruns/country_year_classification_20260630_211343/finland_2021/checkpoints_corrected/Finland_S_Pankki_2021_6bfeb6194ea5.json,16,4.0,10,10,4.0,0.0,0.0,40.0,4.0,0.7407407407407407
finland,2021,S-Pankki,evaluations/reruns/country_year_classification_20260630_211343/finland_2021/checkpoints_corrected/Finland_S_Pankki_2021_6bfeb6194ea5.json,17,3.0,2,2,3.0,0.0,0.0,6.0,3.0,0.5555555555555556
finland,2021,Suomen Asuntohypopankki,evaluations/reruns/country_year_classification_20260630_211343/finland_2021/checkpoints_corrected/Finland_Suomen_Asuntohypopankki_2021_227067c160cd.json,1,0.0,0,0,0.0,0.0,0.0,0.0,0.0,0.0
finland,2021,Suomen Asuntohypopankki,evaluations/reruns/country_year_classification_20260630_211343/finland_2021/checkpoints_corrected/Finland_Suomen_Asuntohypopankki_2021_227067c160cd.json,2,0.0,0,0,0.0,0.0,0.0,0.0,0.0,0.0
finland,2021,Suomen Asuntohypopankki,evaluations/reruns/country_year_classification_20260630_211343/finland_2021/checkpoints_corrected/Finland_Suomen_Asuntohypopankki_2021_227067c160cd.json,3,3.0,4,4,3.0,0.0,0.0,12.0,3.0,0.5263157894736842
finland,2021,Suomen Asuntohypopankki,evaluations/reruns/country_year_classification_20260630_211343/finland_2021/checkpoints_corrected/Finland_Suomen_Asuntohypopankki_2021_227067c160cd.json,4,2.0,1,0,0.0,0.0,0.0,0.0,0.0,0.0
finland,2021,Suomen Asuntohypopankki,evaluations/reruns/country_year_classification_20260630_211343/finland_2021/checkpoints_corrected/Finland_Suomen_Asuntohypopankki_2021_227067c160cd.json,5,3.0,1,1,3.0,0.0,0.0,3.0,3.0,0.5263157894736842
finland,2021,Suomen Asuntohypopankki,evaluations/reruns/country_year_classification_20260630_211343/finland_2021/checkpoints_corrected/Finland_Suomen_Asuntohypopankki_2021_227067c160cd.json,6,0.0,0,0,0.0,0.0,0.0,0.0,0.0,0.0
finland,2021,Suomen Asuntohypopankki,evaluations/reruns/country_year_classification_20260630_211343/finland_2021/checkpoints_corrected/Finland_Suomen_Asuntohypopankki_2021_227067c160cd.json,7,4.0,1,1,4.0,0.0,0.0,4.0,4.0,0.7017543859649122
finland,2021,Suomen Asuntohypopankki,evaluations/reruns/country_year_classification_20260630_211343/finland_2021/checkpoints_corrected/Finland_Suomen_Asuntohypopankki_2021_227067c160cd.json,8,4.0,12,12,4.0,0.0,0.0,48.0,4.0,0.7017543859649122
finland,2021,Suomen Asuntohypopankki,evaluations/reruns/country_year_classification_20260630_211343/finland_2021/checkpoints_corrected/Finland_Suomen_Asuntohypopankki_2021_227067c160cd.json,9,0.0,0,0,0.0,0.0,0.0,0.0,0.0,0.0
finland,2021,Suomen Asuntohypopankki,evaluations/reruns/country_year_classification_20260630_211343/finland_2021/checkpoints_corrected/Finland_Suomen_Asuntohypopankki_2021_227067c160cd.json,10,2.0,3,0,0.0,0.0,0.0,0.0,0.0,0.0
finland,2021,Suomen Asuntohypopankki,evaluations/reruns/country_year_classification_20260630_211343/finland_2021/checkpoints_corrected/Finland_Suomen_Asuntohypopankki_2021_227067c160cd.json,11,4.5,5,5,4.5,0.0,0.0,22.5,4.5,0.7894736842105263
finland,2021,Suomen Asuntohypopankki,evaluations/reruns/country_year_classification_20260630_211343/finland_2021/checkpoints_corrected/Finland_Suomen_Asuntohypopankki_2021_227067c160cd.json,12,0.0,0,0,0.0,0.0,0.0,0.0,0.0,0.0
finland,2021,Suomen Asuntohypopankki,evaluations/reruns/country_year_classification_20260630_211343/finland_2021/checkpoints_corrected/Finland_Suomen_Asuntohypopankki_2021_227067c160cd.json,13,4.0,2,2,4.0,0.0,0.0,8.0,4.0,0.7017543859649122
finland,2021,Suomen Asuntohypopankki,evaluations/reruns/country_year_classification_20260630_211343/finland_2021/checkpoints_corrected/Finland_Suomen_Asuntohypopankki_2021_227067c160cd.json,14,2.0,1,0,0.0,0.0,0.0,0.0,0.0,0.0
finland,2021,Suomen Asuntohypopankki,evaluations/reruns/country_year_classification_20260630_211343/finland_2021/checkpoints_corrected/Finland_Suomen_Asuntohypopankki_2021_227067c160cd.json,15,0.0,0,0,0.0,0.0,0.0,0.0,0.0,0.0
finland,2021,Suomen Asuntohypopankki,evaluations/reruns/country_year_classification_20260630_211343/finland_2021/checkpoints_corrected/Finland_Suomen_Asuntohypopankki_2021_227067c160cd.json,16,3.0,1,1,3.0,0.0,0.0,3.0,3.0,0.5263157894736842
finland,2021,Suomen Asuntohypopankki,evaluations/reruns/country_year_classification_20260630_211343/finland_2021/checkpoints_corrected/Finland_Suomen_Asuntohypopankki_2021_227067c160cd.json,17,3.0,1,1,3.0,0.0,0.0,3.0,3.0,0.5263157894736842
finland,2021,Säästöpankkien Keskuspankki,evaluations/reruns/country_year_classification_20260630_211343/finland_2021/checkpoints_corrected/Finland_Saastopankkien_Keskuspankki_2021_2fe88d2e07b5.json,1,0.0,0,0,0.0,0.0,0.0,0.0,0.0,0.0
finland,2021,Säästöpankkien Keskuspankki,evaluations/reruns/country_year_classification_20260630_211343/finland_2021/checkpoints_corrected/Finland_Saastopankkien_Keskuspankki_2021_2fe88d2e07b5.json,2,0.0,0,0,0.0,0.0,0.0,0.0,0.0,0.0
finland,2021,Säästöpankkien Keskuspankki,evaluations/reruns/country_year_classification_20260630_211343/finland_2021/checkpoints_corrected/Finland_Saastopankkien_Keskuspankki_2021_2fe88d2e07b5.json,3,4.0,3,3,4.0,0.0,0.0,12.0,4.0,0.39603960396039606
finland,2021,Säästöpankkien Keskuspankki,evaluations/reruns/country_year_classification_20260630_211343/finland_2021/checkpoints_corrected/Finland_Saastopankkien_Keskuspankki_2021_2fe88d2e07b5.json,4,4.0,9,9,4.0,0.0,0.0,36.0,4.0,0.39603960396039606
finland,2021,Säästöpankkien Keskuspankki,evaluations/reruns/country_year_classification_20260630_211343/finland_2021/checkpoints_corrected/Finland_Saastopankkien_Keskuspankki_2021_2fe88d2e07b5.json,5,4.0,3,3,4.0,0.0,0.0,12.0,4.0,0.39603960396039606
finland,2021,Säästöpankkien Keskuspankki,evaluations/reruns/country_year_classification_20260630_211343/finland_2021/checkpoints_corrected/Finland_Saastopankkien_Keskuspankki_2021_2fe88d2e07b5.json,6,2.0,1,0,0.0,0.0,0.0,0.0,0.0,0.0
finland,2021,Säästöpankkien Keskuspankki,evaluations/reruns/country_year_classification_20260630_211343/finland_2021/checkpoints_corrected/Finland_Saastopankkien_Keskuspankki_2021_2fe88d2e07b5.json,7,3.5,5,5,3.5,0.0,0.0,17.5,3.5,0.3465346534653465
finland,2021,Säästöpankkien Keskuspankki,evaluations/reruns/country_year_classification_20260630_211343/finland_2021/checkpoints_corrected/Finland_Saastopankkien_Keskuspankki_2021_2fe88d2e07b5.json,8,5.0,12,12,5.0,0.0,0.0,60.0,5.0,0.49504950495049505
finland,2021,Säästöpankkien Keskuspankki,evaluations/reruns/country_year_classification_20260630_211343/finland_2021/checkpoints_corrected/Finland_Saastopankkien_Keskuspankki_2021_2fe88d2e07b5.json,9,5.0,14,14,5.0,0.0,0.0,70.0,5.0,0.49504950495049505
finland,2021,Säästöpankkien Keskuspankki,evaluations/reruns/country_year_classification_20260630_211343/finland_2021/checkpoints_corrected/Finland_Saastopankkien_Keskuspankki_2021_2fe88d2e07b5.json,10,3.0,4,4,3.0,0.0,0.0,12.0,3.0,0.297029702970297
finland,2021,Säästöpankkien Keskuspankki,evaluations/reruns/country_year_classification_20260630_211343/finland_2021/checkpoints_corrected/Finland_Saastopankkien_Keskuspankki_2021_2fe88d2e07b5.json,11,4.0,5,5,4.0,0.0,0.0,20.0,4.0,0.39603960396039606
finland,2021,Säästöpankkien Keskuspankki,evaluations/reruns/country_year_classification_20260630_211343/finland_2021/checkpoints_corrected/Finland_Saastopankkien_Keskuspankki_2021_2fe88d2e07b5.json,12,5.0,11,11,5.0,0.0,0.0,55.0,5.0,0.49504950495049505
finland,2021,Säästöpankkien Keskuspankki,evaluations/reruns/country_year_classification_20260630_211343/finland_2021/checkpoints_corrected/Finland_Saastopankkien_Keskuspankki_2021_2fe88d2e07b5.json,13,5.0,27,27,5.0,0.0,0.0,135.0,5.0,0.49504950495049505
finland,2021,Säästöpankkien Keskuspankki,evaluations/reruns/country_year_classification_20260630_211343/finland_2021/checkpoints_corrected/Finland_Saastopankkien_Keskuspankki_2021_2fe88d2e07b5.json,14,2.0,2,0,0.0,0.0,0.0,0.0,0.0,0.0
finland,2021,Säästöpankkien Keskuspankki,evaluations/reruns/country_year_classification_20260630_211343/finland_2021/checkpoints_corrected/Finland_Saastopankkien_Keskuspankki_2021_2fe88d2e07b5.json,15,2.0,2,0,0.0,0.0,0.0,0.0,0.0,0.0
finland,2021,Säästöpankkien Keskuspankki,evaluations/reruns/country_year_classification_20260630_211343/finland_2021/checkpoints_corrected/Finland_Saastopankkien_Keskuspankki_2021_2fe88d2e07b5.json,16,5.0,16,16,5.0,0.0,0.0,80.0,5.0,0.49504950495049505
finland,2021,Säästöpankkien Keskuspankki,evaluations/reruns/country_year_classification_20260630_211343/finland_2021/checkpoints_corrected/Finland_Saastopankkien_Keskuspankki_2021_2fe88d2e07b5.json,17,3.0,6,6,3.0,0.0,0.0,18.0,3.0,0.297029702970297
finland,2021,Ålandsbanken,evaluations/reruns/country_year_classification_20260630_211343/finland_2021/checkpoints_corrected/Finland_Alandsbanken_2021_26a32d9e4d39.json,1,2.0,1,0,0.0,0.0,0.0,0.0,0.0,0.0
finland,2021,Ålandsbanken,evaluations/reruns/country_year_classification_20260630_211343/finland_2021/checkpoints_corrected/Finland_Alandsbanken_2021_26a32d9e4d39.json,2,2.0,1,0,0.0,0.0,0.0,0.0,0.0,0.0
finland,2021,Ålandsbanken,evaluations/reruns/country_year_classification_20260630_211343/finland_2021/checkpoints_corrected/Finland_Alandsbanken_2021_26a32d9e4d39.json,3,3.0,1,1,3.0,0.0,0.0,3.0,3.0,0.2608695652173913
finland,2021,Ålandsbanken,evaluations/reruns/country_year_classification_20260630_211343/finland_2021/checkpoints_corrected/Finland_Alandsbanken_2021_26a32d9e4d39.json,4,3.0,1,1,3.0,0.0,0.0,3.0,3.0,0.2608695652173913
finland,2021,Ålandsbanken,evaluations/reruns/country_year_classification_20260630_211343/finland_2021/checkpoints_corrected/Finland_Alandsbanken_2021_26a32d9e4d39.json,5,4.0,10,10,4.0,0.0,0.0,40.0,4.0,0.34782608695652173
finland,2021,Ålandsbanken,evaluations/reruns/country_year_classification_20260630_211343/finland_2021/checkpoints_corrected/Finland_Alandsbanken_2021_26a32d9e4d39.json,6,4.0,5,5,4.0,0.0,0.0,20.0,4.0,0.34782608695652173
finland,2021,Ålandsbanken,evaluations/reruns/country_year_classification_20260630_211343/finland_2021/checkpoints_corrected/Finland_Alandsbanken_2021_26a32d9e4d39.json,7,4.0,2,2,4.0,0.0,0.0,8.0,4.0,0.34782608695652173
finland,2021,Ålandsbanken,evaluations/reruns/country_year_classification_20260630_211343/finland_2021/checkpoints_corrected/Finland_Alandsbanken_2021_26a32d9e4d39.json,8,4.0,4,4,4.0,0.0,0.0,16.0,4.0,0.34782608695652173
finland,2021,Ålandsbanken,evaluations/reruns/country_year_classification_20260630_211343/finland_2021/checkpoints_corrected/Finland_Alandsbanken_2021_26a32d9e4d39.json,9,4.0,2,2,4.0,0.0,0.0,8.0,4.0,0.34782608695652173
finland,2021,Ålandsbanken,evaluations/reruns/country_year_classification_20260630_211343/finland_2021/checkpoints_corrected/Finland_Alandsbanken_2021_26a32d9e4d39.json,10,4.0,2,2,4.0,0.0,0.0,8.0,4.0,0.34782608695652173
finland,2021,Ålandsbanken,evaluations/reruns/country_year_classification_20260630_211343/finland_2021/checkpoints_corrected/Finland_Alandsbanken_2021_26a32d9e4d39.json,11,4.0,2,2,4.0,0.0,0.0,8.0,4.0,0.34782608695652173
finland,2021,Ålandsbanken,evaluations/reruns/country_year_classification_20260630_211343/finland_2021/checkpoints_corrected/Finland_Alandsbanken_2021_26a32d9e4d39.json,12,4.0,3,3,4.0,0.0,0.0,12.0,4.0,0.34782608695652173
finland,2021,Ålandsbanken,evaluations/reruns/country_year_classification_20260630_211343/finland_2021/checkpoints_corrected/Finland_Alandsbanken_2021_26a32d9e4d39.json,13,5.0,33,33,5.0,0.0,0.0,165.0,5.0,0.43478260869565216
finland,2021,Ålandsbanken,evaluations/reruns/country_year_classification_20260630_211343/finland_2021/checkpoints_corrected/Finland_Alandsbanken_2021_26a32d9e4d39.json,14,4.0,8,8,4.0,0.0,0.0,32.0,4.0,0.34782608695652173
finland,2021,Ålandsbanken,evaluations/reruns/country_year_classification_20260630_211343/finland_2021/checkpoints_corrected/Finland_Alandsbanken_2021_26a32d9e4d39.json,15,4.0,5,5,4.0,0.0,0.0,20.0,4.0,0.34782608695652173
finland,2021,Ålandsbanken,evaluations/reruns/country_year_classification_20260630_211343/finland_2021/checkpoints_corrected/Finland_Alandsbanken_2021_26a32d9e4d39.json,16,3.0,2,2,3.0,0.0,0.0,6.0,3.0,0.2608695652173913
finland,2021,Ålandsbanken,evaluations/reruns/country_year_classification_20260630_211343/finland_2021/checkpoints_corrected/Finland_Alandsbanken_2021_26a32d9e4d39.json,17,3.5,6,6,3.5,0.0,0.0,21.0,3.5,0.30434782608695654
finland,2022,Aktia Pankki,evaluations/reruns/country_year_classification_20260630_211343/finland_2022/checkpoints_corrected/Finland_Aktia_Pankki_2022_8c712c617c0b.json,1,5.0,4,4,5.0,0.0,0.0,20.0,5.0,0.29411764705882354
finland,2022,Aktia Pankki,evaluations/reruns/country_year_classification_20260630_211343/finland_2022/checkpoints_corrected/Finland_Aktia_Pankki_2022_8c712c617c0b.json,2,5.0,4,4,5.0,0.0,0.0,20.0,5.0,0.29411764705882354
finland,2022,Aktia Pankki,evaluations/reruns/country_year_classification_20260630_211343/finland_2022/checkpoints_corrected/Finland_Aktia_Pankki_2022_8c712c617c0b.json,3,5.0,12,12,5.0,0.0,0.0,60.0,5.0,0.29411764705882354
finland,2022,Aktia Pankki,evaluations/reruns/country_year_classification_20260630_211343/finland_2022/checkpoints_corrected/Finland_Aktia_Pankki_2022_8c712c617c0b.json,4,5.0,8,8,5.0,0.0,0.0,40.0,5.0,0.29411764705882354
finland,2022,Aktia Pankki,evaluations/reruns/country_year_classification_20260630_211343/finland_2022/checkpoints_corrected/Finland_Aktia_Pankki_2022_8c712c617c0b.json,5,5.0,8,8,5.0,0.0,0.0,40.0,5.0,0.29411764705882354
finland,2022,Aktia Pankki,evaluations/reruns/country_year_classification_20260630_211343/finland_2022/checkpoints_corrected/Finland_Aktia_Pankki_2022_8c712c617c0b.json,6,5.0,3,3,5.0,0.0,0.0,15.0,5.0,0.29411764705882354
finland,2022,Aktia Pankki,evaluations/reruns/country_year_classification_20260630_211343/finland_2022/checkpoints_corrected/Finland_Aktia_Pankki_2022_8c712c617c0b.json,7,5.0,19,19,5.0,0.0,0.0,95.0,5.0,0.29411764705882354
finland,2022,Aktia Pankki,evaluations/reruns/country_year_classification_20260630_211343/finland_2022/checkpoints_corrected/Finland_Aktia_Pankki_2022_8c712c617c0b.json,8,5.0,19,19,5.0,0.0,0.0,95.0,5.0,0.29411764705882354
finland,2022,Aktia Pankki,evaluations/reruns/country_year_classification_20260630_211343/finland_2022/checkpoints_corrected/Finland_Aktia_Pankki_2022_8c712c617c0b.json,9,5.0,12,12,5.0,0.0,0.0,60.0,5.0,0.29411764705882354
finland,2022,Aktia Pankki,evaluations/reruns/country_year_classification_20260630_211343/finland_2022/checkpoints_corrected/Finland_Aktia_Pankki_2022_8c712c617c0b.json,10,5.0,11,11,5.0,0.0,0.0,55.0,5.0,0.29411764705882354
finland,2022,Aktia Pankki,evaluations/reruns/country_year_classification_20260630_211343/finland_2022/checkpoints_corrected/Finland_Aktia_Pankki_2022_8c712c617c0b.json,11,5.0,4,4,5.0,0.0,0.0,20.0,5.0,0.29411764705882354
finland,2022,Aktia Pankki,evaluations/reruns/country_year_classification_20260630_211343/finland_2022/checkpoints_corrected/Finland_Aktia_Pankki_2022_8c712c617c0b.json,12,5.0,30,30,5.0,0.0,0.0,150.0,5.0,0.29411764705882354
finland,2022,Aktia Pankki,evaluations/reruns/country_year_classification_20260630_211343/finland_2022/checkpoints_corrected/Finland_Aktia_Pankki_2022_8c712c617c0b.json,13,5.0,62,62,5.0,0.0,0.0,310.0,5.0,0.29411764705882354
finland,2022,Aktia Pankki,evaluations/reruns/country_year_classification_20260630_211343/finland_2022/checkpoints_corrected/Finland_Aktia_Pankki_2022_8c712c617c0b.json,14,5.0,5,5,5.0,0.0,0.0,25.0,5.0,0.29411764705882354
finland,2022,Aktia Pankki,evaluations/reruns/country_year_classification_20260630_211343/finland_2022/checkpoints_corrected/Finland_Aktia_Pankki_2022_8c712c617c0b.json,15,5.0,7,7,5.0,0.0,0.0,35.0,5.0,0.29411764705882354
finland,2022,Aktia Pankki,evaluations/reruns/country_year_classification_20260630_211343/finland_2022/checkpoints_corrected/Finland_Aktia_Pankki_2022_8c712c617c0b.json,16,5.0,25,25,5.0,0.0,0.0,125.0,5.0,0.29411764705882354
finland,2022,Aktia Pankki,evaluations/reruns/country_year_classification_20260630_211343/finland_2022/checkpoints_corrected/Finland_Aktia_Pankki_2022_8c712c617c0b.json,17,5.0,18,18,5.0,0.0,0.0,90.0,5.0,0.29411764705882354
finland,2022,Alisa Pankki,evaluations/reruns/country_year_classification_20260630_211343/finland_2022/checkpoints_corrected/Finland_Alisa_Pankki_2022_a980255b2d3d.json,1,0.0,0,0,0.0,0.0,0.0,0.0,0.0,0.0
finland,2022,Alisa Pankki,evaluations/reruns/country_year_classification_20260630_211343/finland_2022/checkpoints_corrected/Finland_Alisa_Pankki_2022_a980255b2d3d.json,2,0.0,0,0,0.0,0.0,0.0,0.0,0.0,0.0
finland,2022,Alisa Pankki,evaluations/reruns/country_year_classification_20260630_211343/finland_2022/checkpoints_corrected/Finland_Alisa_Pankki_2022_a980255b2d3d.json,3,0.0,0,0,0.0,0.0,0.0,0.0,0.0,0.0
finland,2022,Alisa Pankki,evaluations/reruns/country_year_classification_20260630_211343/finland_2022/checkpoints_corrected/Finland_Alisa_Pankki_2022_a980255b2d3d.json,4,0.0,0,0,0.0,0.0,0.0,0.0,0.0,0.0
finland,2022,Alisa Pankki,evaluations/reruns/country_year_classification_20260630_211343/finland_2022/checkpoints_corrected/Finland_Alisa_Pankki_2022_a980255b2d3d.json,5,0.0,0,0,0.0,0.0,0.0,0.0,0.0,0.0
finland,2022,Alisa Pankki,evaluations/reruns/country_year_classification_20260630_211343/finland_2022/checkpoints_corrected/Finland_Alisa_Pankki_2022_a980255b2d3d.json,6,0.0,0,0,0.0,0.0,0.0,0.0,0.0,0.0
finland,2022,Alisa Pankki,evaluations/reruns/country_year_classification_20260630_211343/finland_2022/checkpoints_corrected/Finland_Alisa_Pankki_2022_a980255b2d3d.json,7,0.0,0,0,0.0,0.0,0.0,0.0,0.0,0.0
finland,2022,Alisa Pankki,evaluations/reruns/country_year_classification_20260630_211343/finland_2022/checkpoints_corrected/Finland_Alisa_Pankki_2022_a980255b2d3d.json,8,0.0,0,0,0.0,0.0,0.0,0.0,0.0,0.0
finland,2022,Alisa Pankki,evaluations/reruns/country_year_classification_20260630_211343/finland_2022/checkpoints_corrected/Finland_Alisa_Pankki_2022_a980255b2d3d.json,9,0.0,0,0,0.0,0.0,0.0,0.0,0.0,0.0
finland,2022,Alisa Pankki,evaluations/reruns/country_year_classification_20260630_211343/finland_2022/checkpoints_corrected/Finland_Alisa_Pankki_2022_a980255b2d3d.json,10,0.0,0,0,0.0,0.0,0.0,0.0,0.0,0.0
finland,2022,Alisa Pankki,evaluations/reruns/country_year_classification_20260630_211343/finland_2022/checkpoints_corrected/Finland_Alisa_Pankki_2022_a980255b2d3d.json,11,0.0,0,0,0.0,0.0,0.0,0.0,0.0,0.0
finland,2022,Alisa Pankki,evaluations/reruns/country_year_classification_20260630_211343/finland_2022/checkpoints_corrected/Finland_Alisa_Pankki_2022_a980255b2d3d.json,12,0.0,0,0,0.0,0.0,0.0,0.0,0.0,0.0
finland,2022,Alisa Pankki,evaluations/reruns/country_year_classification_20260630_211343/finland_2022/checkpoints_corrected/Finland_Alisa_Pankki_2022_a980255b2d3d.json,13,0.0,0,0,0.0,0.0,0.0,0.0,0.0,0.0
finland,2022,Alisa Pankki,evaluations/reruns/country_year_classification_20260630_211343/finland_2022/checkpoints_corrected/Finland_Alisa_Pankki_2022_a980255b2d3d.json,14,0.0,0,0,0.0,0.0,0.0,0.0,0.0,0.0
finland,2022,Alisa Pankki,evaluations/reruns/country_year_classification_20260630_211343/finland_2022/checkpoints_corrected/Finland_Alisa_Pankki_2022_a980255b2d3d.json,15,0.0,0,0,0.0,0.0,0.0,0.0,0.0,0.0
finland,2022,Alisa Pankki,evaluations/reruns/country_year_classification_20260630_211343/finland_2022/checkpoints_corrected/Finland_Alisa_Pankki_2022_a980255b2d3d.json,16,0.0,0,0,0.0,0.0,0.0,0.0,0.0,0.0
finland,2022,Alisa Pankki,evaluations/reruns/country_year_classification_20260630_211343/finland_2022/checkpoints_corrected/Finland_Alisa_Pankki_2022_a980255b2d3d.json,17,0.0,0,0,0.0,0.0,0.0,0.0,0.0,0.0
finland,2022,Bonum Pankki,evaluations/reruns/country_year_classification_20260630_211343/finland_2022/checkpoints_corrected/Finland_Bonum_Pankki_2022_ba9049333343.json,1,2.0,1,0,0.0,0.0,0.0,0.0,0.0,0.0
finland,2022,Bonum Pankki,evaluations/reruns/country_year_classification_20260630_211343/finland_2022/checkpoints_corrected/Finland_Bonum_Pankki_2022_ba9049333343.json,2,3.0,1,1,3.0,0.0,0.0,3.0,3.0,0.4166666666666667
finland,2022,Bonum Pankki,evaluations/reruns/country_year_classification_20260630_211343/finland_2022/checkpoints_corrected/Finland_Bonum_Pankki_2022_ba9049333343.json,3,3.0,3,3,3.0,0.0,0.0,9.0,3.0,0.4166666666666667
finland,2022,Bonum Pankki,evaluations/reruns/country_year_classification_20260630_211343/finland_2022/checkpoints_corrected/Finland_Bonum_Pankki_2022_ba9049333343.json,4,4.0,5,5,4.0,0.0,0.0,20.0,4.0,0.5555555555555556
finland,2022,Bonum Pankki,evaluations/reruns/country_year_classification_20260630_211343/finland_2022/checkpoints_corrected/Finland_Bonum_Pankki_2022_ba9049333343.json,5,4.0,8,8,4.0,0.0,0.0,32.0,4.0,0.5555555555555556
finland,2022,Bonum Pankki,evaluations/reruns/country_year_classification_20260630_211343/finland_2022/checkpoints_corrected/Finland_Bonum_Pankki_2022_ba9049333343.json,6,0.0,0,0,0.0,0.0,0.0,0.0,0.0,0.0
finland,2022,Bonum Pankki,evaluations/reruns/country_year_classification_20260630_211343/finland_2022/checkpoints_corrected/Finland_Bonum_Pankki_2022_ba9049333343.json,7,0.0,0,0,0.0,0.0,0.0,0.0,0.0,0.0
finland,2022,Bonum Pankki,evaluations/reruns/country_year_classification_20260630_211343/finland_2022/checkpoints_corrected/Finland_Bonum_Pankki_2022_ba9049333343.json,8,4.0,13,13,4.0,0.0,0.0,52.0,4.0,0.5555555555555556
finland,2022,Bonum Pankki,evaluations/reruns/country_year_classification_20260630_211343/finland_2022/checkpoints_corrected/Finland_Bonum_Pankki_2022_ba9049333343.json,9,2.0,4,0,0.0,0.0,0.0,0.0,0.0,0.0
finland,2022,Bonum Pankki,evaluations/reruns/country_year_classification_20260630_211343/finland_2022/checkpoints_corrected/Finland_Bonum_Pankki_2022_ba9049333343.json,10,4.0,5,5,4.0,0.0,0.0,20.0,4.0,0.5555555555555556
finland,2022,Bonum Pankki,evaluations/reruns/country_year_classification_20260630_211343/finland_2022/checkpoints_corrected/Finland_Bonum_Pankki_2022_ba9049333343.json,11,2.0,2,0,0.0,0.0,0.0,0.0,0.0,0.0
finland,2022,Bonum Pankki,evaluations/reruns/country_year_classification_20260630_211343/finland_2022/checkpoints_corrected/Finland_Bonum_Pankki_2022_ba9049333343.json,12,4.0,3,3,4.0,0.0,0.0,12.0,4.0,0.5555555555555556
finland,2022,Bonum Pankki,evaluations/reruns/country_year_classification_20260630_211343/finland_2022/checkpoints_corrected/Finland_Bonum_Pankki_2022_ba9049333343.json,13,5.0,10,10,5.0,0.0,0.0,50.0,5.0,0.6944444444444444
finland,2022,Bonum Pankki,evaluations/reruns/country_year_classification_20260630_211343/finland_2022/checkpoints_corrected/Finland_Bonum_Pankki_2022_ba9049333343.json,14,0.0,0,0,0.0,0.0,0.0,0.0,0.0,0.0
finland,2022,Bonum Pankki,evaluations/reruns/country_year_classification_20260630_211343/finland_2022/checkpoints_corrected/Finland_Bonum_Pankki_2022_ba9049333343.json,15,0.0,0,0,0.0,0.0,0.0,0.0,0.0,0.0
finland,2022,Bonum Pankki,evaluations/reruns/country_year_classification_20260630_211343/finland_2022/checkpoints_corrected/Finland_Bonum_Pankki_2022_ba9049333343.json,16,5.0,25,25,5.0,0.0,0.0,125.0,5.0,0.6944444444444444
finland,2022,Bonum Pankki,evaluations/reruns/country_year_classification_20260630_211343/finland_2022/checkpoints_corrected/Finland_Bonum_Pankki_2022_ba9049333343.json,17,2.0,6,0,0.0,0.0,0.0,0.0,0.0,0.0
finland,2022,Danske Bank,evaluations/reruns/country_year_classification_20260630_211343/finland_2022/checkpoints_corrected/Finland_Danske_Bank_2022_8d7bdaa2258c.json,1,4.0,4,4,4.0,0.0,0.0,16.0,4.0,0.2898550724637681
finland,2022,Danske Bank,evaluations/reruns/country_year_classification_20260630_211343/finland_2022/checkpoints_corrected/Finland_Danske_Bank_2022_8d7bdaa2258c.json,2,4.0,2,2,4.0,0.0,0.0,8.0,4.0,0.2898550724637681
finland,2022,Danske Bank,evaluations/reruns/country_year_classification_20260630_211343/finland_2022/checkpoints_corrected/Finland_Danske_Bank_2022_8d7bdaa2258c.json,3,4.0,5,5,4.0,0.0,0.0,20.0,4.0,0.2898550724637681
finland,2022,Danske Bank,evaluations/reruns/country_year_classification_20260630_211343/finland_2022/checkpoints_corrected/Finland_Danske_Bank_2022_8d7bdaa2258c.json,4,4.0,2,2,4.0,0.0,0.0,8.0,4.0,0.2898550724637681
finland,2022,Danske Bank,evaluations/reruns/country_year_classification_20260630_211343/finland_2022/checkpoints_corrected/Finland_Danske_Bank_2022_8d7bdaa2258c.json,5,4.0,2,2,4.0,0.0,0.0,8.0,4.0,0.2898550724637681
finland,2022,Danske Bank,evaluations/reruns/country_year_classification_20260630_211343/finland_2022/checkpoints_corrected/Finland_Danske_Bank_2022_8d7bdaa2258c.json,6,4.0,1,1,4.0,0.0,0.0,4.0,4.0,0.2898550724637681
finland,2022,Danske Bank,evaluations/reruns/country_year_classification_20260630_211343/finland_2022/checkpoints_corrected/Finland_Danske_Bank_2022_8d7bdaa2258c.json,7,4.0,9,9,4.0,0.0,0.0,36.0,4.0,0.2898550724637681
finland,2022,Danske Bank,evaluations/reruns/country_year_classification_20260630_211343/finland_2022/checkpoints_corrected/Finland_Danske_Bank_2022_8d7bdaa2258c.json,8,4.0,7,7,4.0,0.0,0.0,28.0,4.0,0.2898550724637681
finland,2022,Danske Bank,evaluations/reruns/country_year_classification_20260630_211343/finland_2022/checkpoints_corrected/Finland_Danske_Bank_2022_8d7bdaa2258c.json,9,4.0,13,13,4.0,0.0,0.0,52.0,4.0,0.2898550724637681
finland,2022,Danske Bank,evaluations/reruns/country_year_classification_20260630_211343/finland_2022/checkpoints_corrected/Finland_Danske_Bank_2022_8d7bdaa2258c.json,10,4.0,3,3,4.0,0.0,0.0,12.0,4.0,0.2898550724637681
finland,2022,Danske Bank,evaluations/reruns/country_year_classification_20260630_211343/finland_2022/checkpoints_corrected/Finland_Danske_Bank_2022_8d7bdaa2258c.json,11,4.0,1,1,4.0,0.0,0.0,4.0,4.0,0.2898550724637681
finland,2022,Danske Bank,evaluations/reruns/country_year_classification_20260630_211343/finland_2022/checkpoints_corrected/Finland_Danske_Bank_2022_8d7bdaa2258c.json,12,4.0,6,6,4.0,0.0,0.0,24.0,4.0,0.2898550724637681
finland,2022,Danske Bank,evaluations/reruns/country_year_classification_20260630_211343/finland_2022/checkpoints_corrected/Finland_Danske_Bank_2022_8d7bdaa2258c.json,13,5.0,49,49,5.0,0.0,0.0,245.0,5.0,0.36231884057971014
finland,2022,Danske Bank,evaluations/reruns/country_year_classification_20260630_211343/finland_2022/checkpoints_corrected/Finland_Danske_Bank_2022_8d7bdaa2258c.json,14,4.0,1,1,4.0,0.0,0.0,4.0,4.0,0.2898550724637681
finland,2022,Danske Bank,evaluations/reruns/country_year_classification_20260630_211343/finland_2022/checkpoints_corrected/Finland_Danske_Bank_2022_8d7bdaa2258c.json,15,4.0,5,5,4.0,0.0,0.0,20.0,4.0,0.2898550724637681
finland,2022,Danske Bank,evaluations/reruns/country_year_classification_20260630_211343/finland_2022/checkpoints_corrected/Finland_Danske_Bank_2022_8d7bdaa2258c.json,16,4.0,5,5,4.0,0.0,0.0,20.0,4.0,0.2898550724637681
finland,2022,Danske Bank,evaluations/reruns/country_year_classification_20260630_211343/finland_2022/checkpoints_corrected/Finland_Danske_Bank_2022_8d7bdaa2258c.json,17,4.0,3,3,4.0,0.0,0.0,12.0,4.0,0.2898550724637681
finland,2022,Nordea Bank,evaluations/reruns/country_year_classification_20260630_211343/finland_2022/checkpoints_corrected/Finland_Nordea_Bank_2022_b7ca39cc064e.json,1,3.0,3,3,3.0,0.0,0.0,9.0,3.0,0.29411764705882354
finland,2022,Nordea Bank,evaluations/reruns/country_year_classification_20260630_211343/finland_2022/checkpoints_corrected/Finland_Nordea_Bank_2022_b7ca39cc064e.json,2,2.0,1,0,0.0,0.0,0.0,0.0,0.0,0.0
finland,2022,Nordea Bank,evaluations/reruns/country_year_classification_20260630_211343/finland_2022/checkpoints_corrected/Finland_Nordea_Bank_2022_b7ca39cc064e.json,3,2.0,1,0,0.0,0.0,0.0,0.0,0.0,0.0
finland,2022,Nordea Bank,evaluations/reruns/country_year_classification_20260630_211343/finland_2022/checkpoints_corrected/Finland_Nordea_Bank_2022_b7ca39cc064e.json,4,3.0,8,8,3.0,0.0,0.0,24.0,3.0,0.29411764705882354
finland,2022,Nordea Bank,evaluations/reruns/country_year_classification_20260630_211343/finland_2022/checkpoints_corrected/Finland_Nordea_Bank_2022_b7ca39cc064e.json,5,5.0,24,24,5.0,0.0,0.0,120.0,5.0,0.49019607843137253
finland,2022,Nordea Bank,evaluations/reruns/country_year_classification_20260630_211343/finland_2022/checkpoints_corrected/Finland_Nordea_Bank_2022_b7ca39cc064e.json,6,2.0,2,0,0.0,0.0,0.0,0.0,0.0,0.0
finland,2022,Nordea Bank,evaluations/reruns/country_year_classification_20260630_211343/finland_2022/checkpoints_corrected/Finland_Nordea_Bank_2022_b7ca39cc064e.json,7,4.0,12,12,4.0,0.0,0.0,48.0,4.0,0.39215686274509803
finland,2022,Nordea Bank,evaluations/reruns/country_year_classification_20260630_211343/finland_2022/checkpoints_corrected/Finland_Nordea_Bank_2022_b7ca39cc064e.json,8,5.0,26,26,5.0,0.0,0.0,130.0,5.0,0.49019607843137253
finland,2022,Nordea Bank,evaluations/reruns/country_year_classification_20260630_211343/finland_2022/checkpoints_corrected/Finland_Nordea_Bank_2022_b7ca39cc064e.json,9,4.0,10,10,4.0,0.0,0.0,40.0,4.0,0.39215686274509803
finland,2022,Nordea Bank,evaluations/reruns/country_year_classification_20260630_211343/finland_2022/checkpoints_corrected/Finland_Nordea_Bank_2022_b7ca39cc064e.json,10,4.0,10,10,4.0,0.0,0.0,40.0,4.0,0.39215686274509803
finland,2022,Nordea Bank,evaluations/reruns/country_year_classification_20260630_211343/finland_2022/checkpoints_corrected/Finland_Nordea_Bank_2022_b7ca39cc064e.json,11,3.0,5,5,3.0,0.0,0.0,15.0,3.0,0.29411764705882354
finland,2022,Nordea Bank,evaluations/reruns/country_year_classification_20260630_211343/finland_2022/checkpoints_corrected/Finland_Nordea_Bank_2022_b7ca39cc064e.json,12,4.0,27,27,4.0,0.0,0.0,108.0,4.0,0.39215686274509803
finland,2022,Nordea Bank,evaluations/reruns/country_year_classification_20260630_211343/finland_2022/checkpoints_corrected/Finland_Nordea_Bank_2022_b7ca39cc064e.json,13,5.0,69,69,5.0,0.0,0.0,345.0,5.0,0.49019607843137253
finland,2022,Nordea Bank,evaluations/reruns/country_year_classification_20260630_211343/finland_2022/checkpoints_corrected/Finland_Nordea_Bank_2022_b7ca39cc064e.json,14,2.0,1,0,0.0,0.0,0.0,0.0,0.0,0.0
finland,2022,Nordea Bank,evaluations/reruns/country_year_classification_20260630_211343/finland_2022/checkpoints_corrected/Finland_Nordea_Bank_2022_b7ca39cc064e.json,15,3.0,4,4,3.0,0.0,0.0,12.0,3.0,0.29411764705882354
finland,2022,Nordea Bank,evaluations/reruns/country_year_classification_20260630_211343/finland_2022/checkpoints_corrected/Finland_Nordea_Bank_2022_b7ca39cc064e.json,16,5.0,40,40,5.0,0.0,0.0,200.0,5.0,0.49019607843137253
finland,2022,Nordea Bank,evaluations/reruns/country_year_classification_20260630_211343/finland_2022/checkpoints_corrected/Finland_Nordea_Bank_2022_b7ca39cc064e.json,17,3.0,18,18,3.0,0.0,0.0,54.0,3.0,0.29411764705882354
finland,2022,OP Yrityspankki,evaluations/reruns/country_year_classification_20260630_211343/finland_2022/checkpoints_corrected/Finland_OP_Yrityspankki_2022_a68f6b13b6c6.json,1,0.0,0,0,0.0,0.0,0.0,0.0,0.0,0.0
finland,2022,OP Yrityspankki,evaluations/reruns/country_year_classification_20260630_211343/finland_2022/checkpoints_corrected/Finland_OP_Yrityspankki_2022_a68f6b13b6c6.json,2,0.0,0,0,0.0,0.0,0.0,0.0,0.0,0.0
finland,2022,OP Yrityspankki,evaluations/reruns/country_year_classification_20260630_211343/finland_2022/checkpoints_corrected/Finland_OP_Yrityspankki_2022_a68f6b13b6c6.json,3,3.5,11,11,3.5,0.0,0.0,38.5,3.5,0.33980582524271846
finland,2022,OP Yrityspankki,evaluations/reruns/country_year_classification_20260630_211343/finland_2022/checkpoints_corrected/Finland_OP_Yrityspankki_2022_a68f6b13b6c6.json,4,5.0,15,15,5.0,0.0,0.0,75.0,5.0,0.4854368932038835
finland,2022,OP Yrityspankki,evaluations/reruns/country_year_classification_20260630_211343/finland_2022/checkpoints_corrected/Finland_OP_Yrityspankki_2022_a68f6b13b6c6.json,5,4.0,18,18,4.0,0.0,0.0,72.0,4.0,0.3883495145631068
finland,2022,OP Yrityspankki,evaluations/reruns/country_year_classification_20260630_211343/finland_2022/checkpoints_corrected/Finland_OP_Yrityspankki_2022_a68f6b13b6c6.json,6,2.5,1,0,0.0,0.0,0.0,0.0,0.0,0.0
finland,2022,OP Yrityspankki,evaluations/reruns/country_year_classification_20260630_211343/finland_2022/checkpoints_corrected/Finland_OP_Yrityspankki_2022_a68f6b13b6c6.json,7,4.5,21,21,4.5,0.0,0.0,94.5,4.5,0.4368932038834951
finland,2022,OP Yrityspankki,evaluations/reruns/country_year_classification_20260630_211343/finland_2022/checkpoints_corrected/Finland_OP_Yrityspankki_2022_a68f6b13b6c6.json,8,4.0,27,27,4.0,0.0,0.0,108.0,4.0,0.3883495145631068
finland,2022,OP Yrityspankki,evaluations/reruns/country_year_classification_20260630_211343/finland_2022/checkpoints_corrected/Finland_OP_Yrityspankki_2022_a68f6b13b6c6.json,9,3.0,9,9,3.0,0.0,0.0,27.0,3.0,0.2912621359223301
finland,2022,OP Yrityspankki,evaluations/reruns/country_year_classification_20260630_211343/finland_2022/checkpoints_corrected/Finland_OP_Yrityspankki_2022_a68f6b13b6c6.json,10,3.0,9,9,3.0,0.0,0.0,27.0,3.0,0.2912621359223301
finland,2022,OP Yrityspankki,evaluations/reruns/country_year_classification_20260630_211343/finland_2022/checkpoints_corrected/Finland_OP_Yrityspankki_2022_a68f6b13b6c6.json,11,4.0,8,8,4.0,0.0,0.0,32.0,4.0,0.3883495145631068
finland,2022,OP Yrityspankki,evaluations/reruns/country_year_classification_20260630_211343/finland_2022/checkpoints_corrected/Finland_OP_Yrityspankki_2022_a68f6b13b6c6.json,12,4.5,38,38,4.5,0.0,0.0,171.0,4.5,0.4368932038834951
finland,2022,OP Yrityspankki,evaluations/reruns/country_year_classification_20260630_211343/finland_2022/checkpoints_corrected/Finland_OP_Yrityspankki_2022_a68f6b13b6c6.json,13,5.0,64,64,5.0,0.0,0.0,320.0,5.0,0.4854368932038835
finland,2022,OP Yrityspankki,evaluations/reruns/country_year_classification_20260630_211343/finland_2022/checkpoints_corrected/Finland_OP_Yrityspankki_2022_a68f6b13b6c6.json,14,2.0,1,0,0.0,0.0,0.0,0.0,0.0,0.0
finland,2022,OP Yrityspankki,evaluations/reruns/country_year_classification_20260630_211343/finland_2022/checkpoints_corrected/Finland_OP_Yrityspankki_2022_a68f6b13b6c6.json,15,4.0,9,9,4.0,0.0,0.0,36.0,4.0,0.3883495145631068
finland,2022,OP Yrityspankki,evaluations/reruns/country_year_classification_20260630_211343/finland_2022/checkpoints_corrected/Finland_OP_Yrityspankki_2022_a68f6b13b6c6.json,16,4.0,14,14,4.0,0.0,0.0,56.0,4.0,0.3883495145631068
finland,2022,OP Yrityspankki,evaluations/reruns/country_year_classification_20260630_211343/finland_2022/checkpoints_corrected/Finland_OP_Yrityspankki_2022_a68f6b13b6c6.json,17,3.0,10,10,3.0,0.0,0.0,30.0,3.0,0.2912621359223301
finland,2022,Oma Säästöpankki,evaluations/reruns/country_year_classification_20260630_211343/finland_2022/checkpoints_corrected/Finland_Oma_Saastopankki_2022_a762a365031b.json,1,0.0,0,0,0.0,0.0,0.0,0.0,0.0,0.0
finland,2022,Oma Säästöpankki,evaluations/reruns/country_year_classification_20260630_211343/finland_2022/checkpoints_corrected/Finland_Oma_Saastopankki_2022_a762a365031b.json,2,0.0,0,0,0.0,0.0,0.0,0.0,0.0,0.0
finland,2022,Oma Säästöpankki,evaluations/reruns/country_year_classification_20260630_211343/finland_2022/checkpoints_corrected/Finland_Oma_Saastopankki_2022_a762a365031b.json,3,4.0,9,9,4.0,0.0,0.0,36.0,4.0,0.46511627906976744
finland,2022,Oma Säästöpankki,evaluations/reruns/country_year_classification_20260630_211343/finland_2022/checkpoints_corrected/Finland_Oma_Saastopankki_2022_a762a365031b.json,4,4.0,10,10,4.0,0.0,0.0,40.0,4.0,0.46511627906976744
finland,2022,Oma Säästöpankki,evaluations/reruns/country_year_classification_20260630_211343/finland_2022/checkpoints_corrected/Finland_Oma_Saastopankki_2022_a762a365031b.json,5,3.0,5,5,3.0,0.0,0.0,15.0,3.0,0.3488372093023256
finland,2022,Oma Säästöpankki,evaluations/reruns/country_year_classification_20260630_211343/finland_2022/checkpoints_corrected/Finland_Oma_Saastopankki_2022_a762a365031b.json,6,0.0,0,0,0.0,0.0,0.0,0.0,0.0,0.0
finland,2022,Oma Säästöpankki,evaluations/reruns/country_year_classification_20260630_211343/finland_2022/checkpoints_corrected/Finland_Oma_Saastopankki_2022_a762a365031b.json,7,3.0,5,5,3.0,0.0,0.0,15.0,3.0,0.3488372093023256
finland,2022,Oma Säästöpankki,evaluations/reruns/country_year_classification_20260630_211343/finland_2022/checkpoints_corrected/Finland_Oma_Saastopankki_2022_a762a365031b.json,8,4.0,17,17,4.0,0.0,0.0,68.0,4.0,0.46511627906976744
finland,2022,Oma Säästöpankki,evaluations/reruns/country_year_classification_20260630_211343/finland_2022/checkpoints_corrected/Finland_Oma_Saastopankki_2022_a762a365031b.json,9,4.0,8,8,4.0,0.0,0.0,32.0,4.0,0.46511627906976744
finland,2022,Oma Säästöpankki,evaluations/reruns/country_year_classification_20260630_211343/finland_2022/checkpoints_corrected/Finland_Oma_Saastopankki_2022_a762a365031b.json,10,2.0,2,0,0.0,0.0,0.0,0.0,0.0,0.0
finland,2022,Oma Säästöpankki,evaluations/reruns/country_year_classification_20260630_211343/finland_2022/checkpoints_corrected/Finland_Oma_Saastopankki_2022_a762a365031b.json,11,3.0,4,4,3.0,0.0,0.0,12.0,3.0,0.3488372093023256
finland,2022,Oma Säästöpankki,evaluations/reruns/country_year_classification_20260630_211343/finland_2022/checkpoints_corrected/Finland_Oma_Saastopankki_2022_a762a365031b.json,12,5.0,18,18,5.0,0.0,0.0,90.0,5.0,0.5813953488372093
finland,2022,Oma Säästöpankki,evaluations/reruns/country_year_classification_20260630_211343/finland_2022/checkpoints_corrected/Finland_Oma_Saastopankki_2022_a762a365031b.json,13,5.0,27,27,5.0,0.0,0.0,135.0,5.0,0.5813953488372093
finland,2022,Oma Säästöpankki,evaluations/reruns/country_year_classification_20260630_211343/finland_2022/checkpoints_corrected/Finland_Oma_Saastopankki_2022_a762a365031b.json,14,2.0,1,0,0.0,0.0,0.0,0.0,0.0,0.0
finland,2022,Oma Säästöpankki,evaluations/reruns/country_year_classification_20260630_211343/finland_2022/checkpoints_corrected/Finland_Oma_Saastopankki_2022_a762a365031b.json,15,2.0,2,0,0.0,0.0,0.0,0.0,0.0,0.0
finland,2022,Oma Säästöpankki,evaluations/reruns/country_year_classification_20260630_211343/finland_2022/checkpoints_corrected/Finland_Oma_Saastopankki_2022_a762a365031b.json,16,4.0,9,9,4.0,0.0,0.0,36.0,4.0,0.46511627906976744
finland,2022,Oma Säästöpankki,evaluations/reruns/country_year_classification_20260630_211343/finland_2022/checkpoints_corrected/Finland_Oma_Saastopankki_2022_a762a365031b.json,17,4.0,7,7,4.0,0.0,0.0,28.0,4.0,0.46511627906976744
finland,2022,S-Pankki,evaluations/reruns/country_year_classification_20260630_211343/finland_2022/checkpoints_corrected/Finland_S_Pankki_2022_28b4e355e24f.json,1,2.0,1,0,0.0,0.0,0.0,0.0,0.0,0.0
finland,2022,S-Pankki,evaluations/reruns/country_year_classification_20260630_211343/finland_2022/checkpoints_corrected/Finland_S_Pankki_2022_28b4e355e24f.json,2,0.0,0,0,0.0,0.0,0.0,0.0,0.0,0.0
finland,2022,S-Pankki,evaluations/reruns/country_year_classification_20260630_211343/finland_2022/checkpoints_corrected/Finland_S_Pankki_2022_28b4e355e24f.json,3,0.0,0,0,0.0,0.0,0.0,0.0,0.0,0.0
finland,2022,S-Pankki,evaluations/reruns/country_year_classification_20260630_211343/finland_2022/checkpoints_corrected/Finland_S_Pankki_2022_28b4e355e24f.json,4,2.5,3,0,0.0,0.0,0.0,0.0,0.0,0.0
finland,2022,S-Pankki,evaluations/reruns/country_year_classification_20260630_211343/finland_2022/checkpoints_corrected/Finland_S_Pankki_2022_28b4e355e24f.json,5,3.5,8,8,3.5,0.0,0.0,28.0,3.5,0.5932203389830508
finland,2022,S-Pankki,evaluations/reruns/country_year_classification_20260630_211343/finland_2022/checkpoints_corrected/Finland_S_Pankki_2022_28b4e355e24f.json,6,2.0,1,0,0.0,0.0,0.0,0.0,0.0,0.0
finland,2022,S-Pankki,evaluations/reruns/country_year_classification_20260630_211343/finland_2022/checkpoints_corrected/Finland_S_Pankki_2022_28b4e355e24f.json,7,2.0,1,0,0.0,0.0,0.0,0.0,0.0,0.0
finland,2022,S-Pankki,evaluations/reruns/country_year_classification_20260630_211343/finland_2022/checkpoints_corrected/Finland_S_Pankki_2022_28b4e355e24f.json,8,4.0,16,16,4.0,0.0,0.0,64.0,4.0,0.6779661016949152
finland,2022,S-Pankki,evaluations/reruns/country_year_classification_20260630_211343/finland_2022/checkpoints_corrected/Finland_S_Pankki_2022_28b4e355e24f.json,9,3.0,2,2,3.0,0.0,0.0,6.0,3.0,0.5084745762711864
finland,2022,S-Pankki,evaluations/reruns/country_year_classification_20260630_211343/finland_2022/checkpoints_corrected/Finland_S_Pankki_2022_28b4e355e24f.json,10,2.0,3,0,0.0,0.0,0.0,0.0,0.0,0.0
finland,2022,S-Pankki,evaluations/reruns/country_year_classification_20260630_211343/finland_2022/checkpoints_corrected/Finland_S_Pankki_2022_28b4e355e24f.json,11,0.0,0,0,0.0,0.0,0.0,0.0,0.0,0.0
finland,2022,S-Pankki,evaluations/reruns/country_year_classification_20260630_211343/finland_2022/checkpoints_corrected/Finland_S_Pankki_2022_28b4e355e24f.json,12,3.0,4,4,3.0,0.0,0.0,12.0,3.0,0.5084745762711864
finland,2022,S-Pankki,evaluations/reruns/country_year_classification_20260630_211343/finland_2022/checkpoints_corrected/Finland_S_Pankki_2022_28b4e355e24f.json,13,5.0,9,9,5.0,0.0,0.0,45.0,5.0,0.847457627118644
finland,2022,S-Pankki,evaluations/reruns/country_year_classification_20260630_211343/finland_2022/checkpoints_corrected/Finland_S_Pankki_2022_28b4e355e24f.json,14,0.0,0,0,0.0,0.0,0.0,0.0,0.0,0.0
finland,2022,S-Pankki,evaluations/reruns/country_year_classification_20260630_211343/finland_2022/checkpoints_corrected/Finland_S_Pankki_2022_28b4e355e24f.json,15,3.0,2,2,3.0,0.0,0.0,6.0,3.0,0.5084745762711864
finland,2022,S-Pankki,evaluations/reruns/country_year_classification_20260630_211343/finland_2022/checkpoints_corrected/Finland_S_Pankki_2022_28b4e355e24f.json,16,5.0,11,11,5.0,0.0,0.0,55.0,5.0,0.847457627118644
finland,2022,S-Pankki,evaluations/reruns/country_year_classification_20260630_211343/finland_2022/checkpoints_corrected/Finland_S_Pankki_2022_28b4e355e24f.json,17,3.0,2,2,3.0,0.0,0.0,6.0,3.0,0.5084745762711864
finland,2022,Suomen Asuntohypopankki,evaluations/reruns/country_year_classification_20260630_211343/finland_2022/checkpoints_corrected/Finland_Suomen_Asuntohypopankki_2022_6eb62b46a69f.json,1,0.0,0,0,0.0,0.0,0.0,0.0,0.0,0.0
finland,2022,Suomen Asuntohypopankki,evaluations/reruns/country_year_classification_20260630_211343/finland_2022/checkpoints_corrected/Finland_Suomen_Asuntohypopankki_2022_6eb62b46a69f.json,2,0.0,0,0,0.0,0.0,0.0,0.0,0.0,0.0
finland,2022,Suomen Asuntohypopankki,evaluations/reruns/country_year_classification_20260630_211343/finland_2022/checkpoints_corrected/Finland_Suomen_Asuntohypopankki_2022_6eb62b46a69f.json,3,2.0,4,0,0.0,0.0,0.0,0.0,0.0,0.0
finland,2022,Suomen Asuntohypopankki,evaluations/reruns/country_year_classification_20260630_211343/finland_2022/checkpoints_corrected/Finland_Suomen_Asuntohypopankki_2022_6eb62b46a69f.json,4,2.0,1,0,0.0,0.0,0.0,0.0,0.0,0.0
finland,2022,Suomen Asuntohypopankki,evaluations/reruns/country_year_classification_20260630_211343/finland_2022/checkpoints_corrected/Finland_Suomen_Asuntohypopankki_2022_6eb62b46a69f.json,5,2.0,2,0,0.0,0.0,0.0,0.0,0.0,0.0
finland,2022,Suomen Asuntohypopankki,evaluations/reruns/country_year_classification_20260630_211343/finland_2022/checkpoints_corrected/Finland_Suomen_Asuntohypopankki_2022_6eb62b46a69f.json,6,0.0,0,0,0.0,0.0,0.0,0.0,0.0,0.0
finland,2022,Suomen Asuntohypopankki,evaluations/reruns/country_year_classification_20260630_211343/finland_2022/checkpoints_corrected/Finland_Suomen_Asuntohypopankki_2022_6eb62b46a69f.json,7,2.0,1,0,0.0,0.0,0.0,0.0,0.0,0.0
finland,2022,Suomen Asuntohypopankki,evaluations/reruns/country_year_classification_20260630_211343/finland_2022/checkpoints_corrected/Finland_Suomen_Asuntohypopankki_2022_6eb62b46a69f.json,8,3.0,7,7,3.0,0.0,0.0,21.0,3.0,0.5660377358490566
finland,2022,Suomen Asuntohypopankki,evaluations/reruns/country_year_classification_20260630_211343/finland_2022/checkpoints_corrected/Finland_Suomen_Asuntohypopankki_2022_6eb62b46a69f.json,9,3.0,3,3,3.0,0.0,0.0,9.0,3.0,0.5660377358490566
finland,2022,Suomen Asuntohypopankki,evaluations/reruns/country_year_classification_20260630_211343/finland_2022/checkpoints_corrected/Finland_Suomen_Asuntohypopankki_2022_6eb62b46a69f.json,10,0.0,0,0,0.0,0.0,0.0,0.0,0.0,0.0
finland,2022,Suomen Asuntohypopankki,evaluations/reruns/country_year_classification_20260630_211343/finland_2022/checkpoints_corrected/Finland_Suomen_Asuntohypopankki_2022_6eb62b46a69f.json,11,4.0,9,9,4.0,0.0,0.0,36.0,4.0,0.7547169811320755
finland,2022,Suomen Asuntohypopankki,evaluations/reruns/country_year_classification_20260630_211343/finland_2022/checkpoints_corrected/Finland_Suomen_Asuntohypopankki_2022_6eb62b46a69f.json,12,5.0,4,4,5.0,0.0,0.0,20.0,5.0,0.9433962264150944
finland,2022,Suomen Asuntohypopankki,evaluations/reruns/country_year_classification_20260630_211343/finland_2022/checkpoints_corrected/Finland_Suomen_Asuntohypopankki_2022_6eb62b46a69f.json,13,4.0,3,3,4.0,0.0,0.0,12.0,4.0,0.7547169811320755
finland,2022,Suomen Asuntohypopankki,evaluations/reruns/country_year_classification_20260630_211343/finland_2022/checkpoints_corrected/Finland_Suomen_Asuntohypopankki_2022_6eb62b46a69f.json,14,0.0,0,0,0.0,0.0,0.0,0.0,0.0,0.0
finland,2022,Suomen Asuntohypopankki,evaluations/reruns/country_year_classification_20260630_211343/finland_2022/checkpoints_corrected/Finland_Suomen_Asuntohypopankki_2022_6eb62b46a69f.json,15,0.0,0,0,0.0,0.0,0.0,0.0,0.0,0.0
finland,2022,Suomen Asuntohypopankki,evaluations/reruns/country_year_classification_20260630_211343/finland_2022/checkpoints_corrected/Finland_Suomen_Asuntohypopankki_2022_6eb62b46a69f.json,16,3.5,6,6,3.5,0.0,0.0,21.0,3.5,0.660377358490566
finland,2022,Suomen Asuntohypopankki,evaluations/reruns/country_year_classification_20260630_211343/finland_2022/checkpoints_corrected/Finland_Suomen_Asuntohypopankki_2022_6eb62b46a69f.json,17,4.0,4,4,4.0,0.0,0.0,16.0,4.0,0.7547169811320755
finland,2022,Säästöpankkien Keskuspankki,evaluations/reruns/country_year_classification_20260630_211343/finland_2022/checkpoints_corrected/Finland_Saastopankkien_Keskuspankki_2022_578e2685430f.json,1,4.0,4,4,4.0,0.0,0.0,16.0,4.0,0.3508771929824561
finland,2022,Säästöpankkien Keskuspankki,evaluations/reruns/country_year_classification_20260630_211343/finland_2022/checkpoints_corrected/Finland_Saastopankkien_Keskuspankki_2022_578e2685430f.json,2,0.0,0,0,0.0,0.0,0.0,0.0,0.0,0.0
finland,2022,Säästöpankkien Keskuspankki,evaluations/reruns/country_year_classification_20260630_211343/finland_2022/checkpoints_corrected/Finland_Saastopankkien_Keskuspankki_2022_578e2685430f.json,3,4.0,6,6,4.0,0.0,0.0,24.0,4.0,0.3508771929824561
finland,2022,Säästöpankkien Keskuspankki,evaluations/reruns/country_year_classification_20260630_211343/finland_2022/checkpoints_corrected/Finland_Saastopankkien_Keskuspankki_2022_578e2685430f.json,4,4.0,6,6,4.0,0.0,0.0,24.0,4.0,0.3508771929824561
finland,2022,Säästöpankkien Keskuspankki,evaluations/reruns/country_year_classification_20260630_211343/finland_2022/checkpoints_corrected/Finland_Saastopankkien_Keskuspankki_2022_578e2685430f.json,5,4.0,9,9,4.0,0.0,0.0,36.0,4.0,0.3508771929824561
finland,2022,Säästöpankkien Keskuspankki,evaluations/reruns/country_year_classification_20260630_211343/finland_2022/checkpoints_corrected/Finland_Saastopankkien_Keskuspankki_2022_578e2685430f.json,6,2.0,2,0,0.0,0.0,0.0,0.0,0.0,0.0
finland,2022,Säästöpankkien Keskuspankki,evaluations/reruns/country_year_classification_20260630_211343/finland_2022/checkpoints_corrected/Finland_Saastopankkien_Keskuspankki_2022_578e2685430f.json,7,4.0,18,18,4.0,0.0,0.0,72.0,4.0,0.3508771929824561
finland,2022,Säästöpankkien Keskuspankki,evaluations/reruns/country_year_classification_20260630_211343/finland_2022/checkpoints_corrected/Finland_Saastopankkien_Keskuspankki_2022_578e2685430f.json,8,5.0,32,32,5.0,0.0,0.0,160.0,5.0,0.43859649122807015
finland,2022,Säästöpankkien Keskuspankki,evaluations/reruns/country_year_classification_20260630_211343/finland_2022/checkpoints_corrected/Finland_Saastopankkien_Keskuspankki_2022_578e2685430f.json,9,5.0,15,15,5.0,0.0,0.0,75.0,5.0,0.43859649122807015
finland,2022,Säästöpankkien Keskuspankki,evaluations/reruns/country_year_classification_20260630_211343/finland_2022/checkpoints_corrected/Finland_Saastopankkien_Keskuspankki_2022_578e2685430f.json,10,3.0,2,2,3.0,0.0,0.0,6.0,3.0,0.2631578947368421
finland,2022,Säästöpankkien Keskuspankki,evaluations/reruns/country_year_classification_20260630_211343/finland_2022/checkpoints_corrected/Finland_Saastopankkien_Keskuspankki_2022_578e2685430f.json,11,3.0,8,8,3.0,0.0,0.0,24.0,3.0,0.2631578947368421
finland,2022,Säästöpankkien Keskuspankki,evaluations/reruns/country_year_classification_20260630_211343/finland_2022/checkpoints_corrected/Finland_Saastopankkien_Keskuspankki_2022_578e2685430f.json,12,5.0,28,28,5.0,0.0,0.0,140.0,5.0,0.43859649122807015
finland,2022,Säästöpankkien Keskuspankki,evaluations/reruns/country_year_classification_20260630_211343/finland_2022/checkpoints_corrected/Finland_Saastopankkien_Keskuspankki_2022_578e2685430f.json,13,5.0,37,37,5.0,0.0,0.0,185.0,5.0,0.43859649122807015
finland,2022,Säästöpankkien Keskuspankki,evaluations/reruns/country_year_classification_20260630_211343/finland_2022/checkpoints_corrected/Finland_Saastopankkien_Keskuspankki_2022_578e2685430f.json,14,3.0,1,1,3.0,0.0,0.0,3.0,3.0,0.2631578947368421
finland,2022,Säästöpankkien Keskuspankki,evaluations/reruns/country_year_classification_20260630_211343/finland_2022/checkpoints_corrected/Finland_Saastopankkien_Keskuspankki_2022_578e2685430f.json,15,2.0,3,0,0.0,0.0,0.0,0.0,0.0,0.0
finland,2022,Säästöpankkien Keskuspankki,evaluations/reruns/country_year_classification_20260630_211343/finland_2022/checkpoints_corrected/Finland_Saastopankkien_Keskuspankki_2022_578e2685430f.json,16,5.0,25,25,5.0,0.0,0.0,125.0,5.0,0.43859649122807015
finland,2022,Säästöpankkien Keskuspankki,evaluations/reruns/country_year_classification_20260630_211343/finland_2022/checkpoints_corrected/Finland_Saastopankkien_Keskuspankki_2022_578e2685430f.json,17,3.0,3,3,3.0,0.0,0.0,9.0,3.0,0.2631578947368421
finland,2022,Ålandsbanken,evaluations/reruns/country_year_classification_20260630_211343/finland_2022/checkpoints_corrected/Finland_Alandsbanken_2022_6dd6ddeb1ac1.json,1,0.0,0,0,0.0,0.0,0.0,0.0,0.0,0.0
finland,2022,Ålandsbanken,evaluations/reruns/country_year_classification_20260630_211343/finland_2022/checkpoints_corrected/Finland_Alandsbanken_2022_6dd6ddeb1ac1.json,2,0.0,0,0,0.0,0.0,0.0,0.0,0.0,0.0
finland,2022,Ålandsbanken,evaluations/reruns/country_year_classification_20260630_211343/finland_2022/checkpoints_corrected/Finland_Alandsbanken_2022_6dd6ddeb1ac1.json,3,0.0,0,0,0.0,0.0,0.0,0.0,0.0,0.0
finland,2022,Ålandsbanken,evaluations/reruns/country_year_classification_20260630_211343/finland_2022/checkpoints_corrected/Finland_Alandsbanken_2022_6dd6ddeb1ac1.json,4,0.0,0,0,0.0,0.0,0.0,0.0,0.0,0.0
finland,2022,Ålandsbanken,evaluations/reruns/country_year_classification_20260630_211343/finland_2022/checkpoints_corrected/Finland_Alandsbanken_2022_6dd6ddeb1ac1.json,5,4.0,9,9,4.0,0.0,0.0,36.0,4.0,0.4329004329004329
finland,2022,Ålandsbanken,evaluations/reruns/country_year_classification_20260630_211343/finland_2022/checkpoints_corrected/Finland_Alandsbanken_2022_6dd6ddeb1ac1.json,6,3.0,5,5,3.0,0.0,0.0,15.0,3.0,0.3246753246753247
finland,2022,Ålandsbanken,evaluations/reruns/country_year_classification_20260630_211343/finland_2022/checkpoints_corrected/Finland_Alandsbanken_2022_6dd6ddeb1ac1.json,7,4.2,15,15,4.2,0.0,0.0,63.0,4.2,0.45454545454545453
finland,2022,Ålandsbanken,evaluations/reruns/country_year_classification_20260630_211343/finland_2022/checkpoints_corrected/Finland_Alandsbanken_2022_6dd6ddeb1ac1.json,8,5.0,6,6,5.0,0.0,0.0,30.0,5.0,0.5411255411255411
finland,2022,Ålandsbanken,evaluations/reruns/country_year_classification_20260630_211343/finland_2022/checkpoints_corrected/Finland_Alandsbanken_2022_6dd6ddeb1ac1.json,9,0.0,0,0,0.0,0.0,0.0,0.0,0.0,0.0
finland,2022,Ålandsbanken,evaluations/reruns/country_year_classification_20260630_211343/finland_2022/checkpoints_corrected/Finland_Alandsbanken_2022_6dd6ddeb1ac1.json,10,3.0,1,1,3.0,0.0,0.0,3.0,3.0,0.3246753246753247
finland,2022,Ålandsbanken,evaluations/reruns/country_year_classification_20260630_211343/finland_2022/checkpoints_corrected/Finland_Alandsbanken_2022_6dd6ddeb1ac1.json,11,3.0,1,1,3.0,0.0,0.0,3.0,3.0,0.3246753246753247
finland,2022,Ålandsbanken,evaluations/reruns/country_year_classification_20260630_211343/finland_2022/checkpoints_corrected/Finland_Alandsbanken_2022_6dd6ddeb1ac1.json,12,5.0,10,10,5.0,0.0,0.0,50.0,5.0,0.5411255411255411
finland,2022,Ålandsbanken,evaluations/reruns/country_year_classification_20260630_211343/finland_2022/checkpoints_corrected/Finland_Alandsbanken_2022_6dd6ddeb1ac1.json,13,5.0,44,44,5.0,0.0,0.0,220.0,5.0,0.5411255411255411
finland,2022,Ålandsbanken,evaluations/reruns/country_year_classification_20260630_211343/finland_2022/checkpoints_corrected/Finland_Alandsbanken_2022_6dd6ddeb1ac1.json,14,5.0,6,6,5.0,0.0,0.0,30.0,5.0,0.5411255411255411
finland,2022,Ålandsbanken,evaluations/reruns/country_year_classification_20260630_211343/finland_2022/checkpoints_corrected/Finland_Alandsbanken_2022_6dd6ddeb1ac1.json,15,5.0,3,3,5.0,0.0,0.0,15.0,5.0,0.5411255411255411
finland,2022,Ålandsbanken,evaluations/reruns/country_year_classification_20260630_211343/finland_2022/checkpoints_corrected/Finland_Alandsbanken_2022_6dd6ddeb1ac1.json,16,4.0,10,10,4.0,0.0,0.0,40.0,4.0,0.4329004329004329
finland,2022,Ålandsbanken,evaluations/reruns/country_year_classification_20260630_211343/finland_2022/checkpoints_corrected/Finland_Alandsbanken_2022_6dd6ddeb1ac1.json,17,0.0,0,0,0.0,0.0,0.0,0.0,0.0,0.0
finland,2023,Aktia Pankki,evaluations/reruns/country_year_classification_20260630_211343/finland_2023/checkpoints_corrected/Finland_Aktia_Pankki_2023_114062953d15.json,1,5.0,6,6,5.0,0.0,0.0,30.0,5.0,0.29411764705882354
finland,2023,Aktia Pankki,evaluations/reruns/country_year_classification_20260630_211343/finland_2023/checkpoints_corrected/Finland_Aktia_Pankki_2023_114062953d15.json,2,5.0,4,4,5.0,0.0,0.0,20.0,5.0,0.29411764705882354
finland,2023,Aktia Pankki,evaluations/reruns/country_year_classification_20260630_211343/finland_2023/checkpoints_corrected/Finland_Aktia_Pankki_2023_114062953d15.json,3,5.0,20,20,5.0,0.0,0.0,100.0,5.0,0.29411764705882354
finland,2023,Aktia Pankki,evaluations/reruns/country_year_classification_20260630_211343/finland_2023/checkpoints_corrected/Finland_Aktia_Pankki_2023_114062953d15.json,4,5.0,11,11,5.0,0.0,0.0,55.0,5.0,0.29411764705882354
finland,2023,Aktia Pankki,evaluations/reruns/country_year_classification_20260630_211343/finland_2023/checkpoints_corrected/Finland_Aktia_Pankki_2023_114062953d15.json,5,5.0,14,14,5.0,0.0,0.0,70.0,5.0,0.29411764705882354
finland,2023,Aktia Pankki,evaluations/reruns/country_year_classification_20260630_211343/finland_2023/checkpoints_corrected/Finland_Aktia_Pankki_2023_114062953d15.json,6,5.0,7,7,5.0,0.0,0.0,35.0,5.0,0.29411764705882354
finland,2023,Aktia Pankki,evaluations/reruns/country_year_classification_20260630_211343/finland_2023/checkpoints_corrected/Finland_Aktia_Pankki_2023_114062953d15.json,7,5.0,29,29,5.0,0.0,0.0,145.0,5.0,0.29411764705882354
finland,2023,Aktia Pankki,evaluations/reruns/country_year_classification_20260630_211343/finland_2023/checkpoints_corrected/Finland_Aktia_Pankki_2023_114062953d15.json,8,5.0,38,38,5.0,0.0,0.0,190.0,5.0,0.29411764705882354
finland,2023,Aktia Pankki,evaluations/reruns/country_year_classification_20260630_211343/finland_2023/checkpoints_corrected/Finland_Aktia_Pankki_2023_114062953d15.json,9,5.0,19,19,5.0,0.0,0.0,95.0,5.0,0.29411764705882354
finland,2023,Aktia Pankki,evaluations/reruns/country_year_classification_20260630_211343/finland_2023/checkpoints_corrected/Finland_Aktia_Pankki_2023_114062953d15.json,10,5.0,14,14,5.0,0.0,0.0,70.0,5.0,0.29411764705882354
finland,2023,Aktia Pankki,evaluations/reruns/country_year_classification_20260630_211343/finland_2023/checkpoints_corrected/Finland_Aktia_Pankki_2023_114062953d15.json,11,5.0,8,8,5.0,0.0,0.0,40.0,5.0,0.29411764705882354
finland,2023,Aktia Pankki,evaluations/reruns/country_year_classification_20260630_211343/finland_2023/checkpoints_corrected/Finland_Aktia_Pankki_2023_114062953d15.json,12,5.0,42,42,5.0,0.0,0.0,210.0,5.0,0.29411764705882354
finland,2023,Aktia Pankki,evaluations/reruns/country_year_classification_20260630_211343/finland_2023/checkpoints_corrected/Finland_Aktia_Pankki_2023_114062953d15.json,13,5.0,103,103,5.0,0.0,0.0,515.0,5.0,0.29411764705882354
finland,2023,Aktia Pankki,evaluations/reruns/country_year_classification_20260630_211343/finland_2023/checkpoints_corrected/Finland_Aktia_Pankki_2023_114062953d15.json,14,5.0,8,8,5.0,0.0,0.0,40.0,5.0,0.29411764705882354
finland,2023,Aktia Pankki,evaluations/reruns/country_year_classification_20260630_211343/finland_2023/checkpoints_corrected/Finland_Aktia_Pankki_2023_114062953d15.json,15,5.0,8,8,5.0,0.0,0.0,40.0,5.0,0.29411764705882354
finland,2023,Aktia Pankki,evaluations/reruns/country_year_classification_20260630_211343/finland_2023/checkpoints_corrected/Finland_Aktia_Pankki_2023_114062953d15.json,16,5.0,22,22,5.0,0.0,0.0,110.0,5.0,0.29411764705882354
finland,2023,Aktia Pankki,evaluations/reruns/country_year_classification_20260630_211343/finland_2023/checkpoints_corrected/Finland_Aktia_Pankki_2023_114062953d15.json,17,5.0,26,26,5.0,0.0,0.0,130.0,5.0,0.29411764705882354
finland,2023,Alisa Pankki,evaluations/reruns/country_year_classification_20260630_211343/finland_2023/checkpoints_corrected/Finland_Alisa_Pankki_2023_45e76c165cf0.json,1,2.0,1,0,0.0,0.0,0.0,0.0,0.0,0.0
finland,2023,Alisa Pankki,evaluations/reruns/country_year_classification_20260630_211343/finland_2023/checkpoints_corrected/Finland_Alisa_Pankki_2023_45e76c165cf0.json,2,0.0,0,0,0.0,0.0,0.0,0.0,0.0,0.0
finland,2023,Alisa Pankki,evaluations/reruns/country_year_classification_20260630_211343/finland_2023/checkpoints_corrected/Finland_Alisa_Pankki_2023_45e76c165cf0.json,3,0.0,0,0,0.0,0.0,0.0,0.0,0.0,0.0
finland,2023,Alisa Pankki,evaluations/reruns/country_year_classification_20260630_211343/finland_2023/checkpoints_corrected/Finland_Alisa_Pankki_2023_45e76c165cf0.json,4,0.0,0,0,0.0,0.0,0.0,0.0,0.0,0.0
finland,2023,Alisa Pankki,evaluations/reruns/country_year_classification_20260630_211343/finland_2023/checkpoints_corrected/Finland_Alisa_Pankki_2023_45e76c165cf0.json,5,2.0,2,0,0.0,0.0,0.0,0.0,0.0,0.0
finland,2023,Alisa Pankki,evaluations/reruns/country_year_classification_20260630_211343/finland_2023/checkpoints_corrected/Finland_Alisa_Pankki_2023_45e76c165cf0.json,6,0.0,0,0,0.0,0.0,0.0,0.0,0.0,0.0
finland,2023,Alisa Pankki,evaluations/reruns/country_year_classification_20260630_211343/finland_2023/checkpoints_corrected/Finland_Alisa_Pankki_2023_45e76c165cf0.json,7,0.0,0,0,0.0,0.0,0.0,0.0,0.0,0.0
finland,2023,Alisa Pankki,evaluations/reruns/country_year_classification_20260630_211343/finland_2023/checkpoints_corrected/Finland_Alisa_Pankki_2023_45e76c165cf0.json,8,3.5,10,10,3.5,0.0,0.0,35.0,3.5,1.6666666666666667
finland,2023,Alisa Pankki,evaluations/reruns/country_year_classification_20260630_211343/finland_2023/checkpoints_corrected/Finland_Alisa_Pankki_2023_45e76c165cf0.json,9,3.0,3,3,3.0,0.0,0.0,9.0,3.0,1.4285714285714286
finland,2023,Alisa Pankki,evaluations/reruns/country_year_classification_20260630_211343/finland_2023/checkpoints_corrected/Finland_Alisa_Pankki_2023_45e76c165cf0.json,10,2.0,2,0,0.0,0.0,0.0,0.0,0.0,0.0
finland,2023,Alisa Pankki,evaluations/reruns/country_year_classification_20260630_211343/finland_2023/checkpoints_corrected/Finland_Alisa_Pankki_2023_45e76c165cf0.json,11,0.0,0,0,0.0,0.0,0.0,0.0,0.0,0.0
finland,2023,Alisa Pankki,evaluations/reruns/country_year_classification_20260630_211343/finland_2023/checkpoints_corrected/Finland_Alisa_Pankki_2023_45e76c165cf0.json,12,0.0,0,0,0.0,0.0,0.0,0.0,0.0,0.0
finland,2023,Alisa Pankki,evaluations/reruns/country_year_classification_20260630_211343/finland_2023/checkpoints_corrected/Finland_Alisa_Pankki_2023_45e76c165cf0.json,13,2.0,2,0,0.0,0.0,0.0,0.0,0.0,0.0
finland,2023,Alisa Pankki,evaluations/reruns/country_year_classification_20260630_211343/finland_2023/checkpoints_corrected/Finland_Alisa_Pankki_2023_45e76c165cf0.json,14,0.0,0,0,0.0,0.0,0.0,0.0,0.0,0.0
finland,2023,Alisa Pankki,evaluations/reruns/country_year_classification_20260630_211343/finland_2023/checkpoints_corrected/Finland_Alisa_Pankki_2023_45e76c165cf0.json,15,0.0,0,0,0.0,0.0,0.0,0.0,0.0,0.0
finland,2023,Alisa Pankki,evaluations/reruns/country_year_classification_20260630_211343/finland_2023/checkpoints_corrected/Finland_Alisa_Pankki_2023_45e76c165cf0.json,16,4.0,7,7,4.0,0.0,0.0,28.0,4.0,1.9047619047619047
finland,2023,Alisa Pankki,evaluations/reruns/country_year_classification_20260630_211343/finland_2023/checkpoints_corrected/Finland_Alisa_Pankki_2023_45e76c165cf0.json,17,2.0,2,0,0.0,0.0,0.0,0.0,0.0,0.0
finland,2023,Bonum Pankki,evaluations/reruns/country_year_classification_20260630_211343/finland_2023/checkpoints_corrected/Finland_Bonum_Pankki_2023_38cc1f468399.json,1,0.0,0,0,0.0,0.0,0.0,0.0,0.0,0.0
finland,2023,Bonum Pankki,evaluations/reruns/country_year_classification_20260630_211343/finland_2023/checkpoints_corrected/Finland_Bonum_Pankki_2023_38cc1f468399.json,2,0.0,0,0,0.0,0.0,0.0,0.0,0.0,0.0
finland,2023,Bonum Pankki,evaluations/reruns/country_year_classification_20260630_211343/finland_2023/checkpoints_corrected/Finland_Bonum_Pankki_2023_38cc1f468399.json,3,2.0,1,0,0.0,0.0,0.0,0.0,0.0,0.0
finland,2023,Bonum Pankki,evaluations/reruns/country_year_classification_20260630_211343/finland_2023/checkpoints_corrected/Finland_Bonum_Pankki_2023_38cc1f468399.json,4,0.0,0,0,0.0,0.0,0.0,0.0,0.0,0.0
finland,2023,Bonum Pankki,evaluations/reruns/country_year_classification_20260630_211343/finland_2023/checkpoints_corrected/Finland_Bonum_Pankki_2023_38cc1f468399.json,5,2.0,1,0,0.0,0.0,0.0,0.0,0.0,0.0
finland,2023,Bonum Pankki,evaluations/reruns/country_year_classification_20260630_211343/finland_2023/checkpoints_corrected/Finland_Bonum_Pankki_2023_38cc1f468399.json,6,0.0,0,0,0.0,0.0,0.0,0.0,0.0,0.0
finland,2023,Bonum Pankki,evaluations/reruns/country_year_classification_20260630_211343/finland_2023/checkpoints_corrected/Finland_Bonum_Pankki_2023_38cc1f468399.json,7,0.0,0,0,0.0,0.0,0.0,0.0,0.0,0.0
finland,2023,Bonum Pankki,evaluations/reruns/country_year_classification_20260630_211343/finland_2023/checkpoints_corrected/Finland_Bonum_Pankki_2023_38cc1f468399.json,8,2.0,2,0,0.0,0.0,0.0,0.0,0.0,0.0
finland,2023,Bonum Pankki,evaluations/reruns/country_year_classification_20260630_211343/finland_2023/checkpoints_corrected/Finland_Bonum_Pankki_2023_38cc1f468399.json,9,2.0,1,0,0.0,0.0,0.0,0.0,0.0,0.0
finland,2023,Bonum Pankki,evaluations/reruns/country_year_classification_20260630_211343/finland_2023/checkpoints_corrected/Finland_Bonum_Pankki_2023_38cc1f468399.json,10,2.0,1,0,0.0,0.0,0.0,0.0,0.0,0.0
finland,2023,Bonum Pankki,evaluations/reruns/country_year_classification_20260630_211343/finland_2023/checkpoints_corrected/Finland_Bonum_Pankki_2023_38cc1f468399.json,11,0.0,0,0,0.0,0.0,0.0,0.0,0.0,0.0
finland,2023,Bonum Pankki,evaluations/reruns/country_year_classification_20260630_211343/finland_2023/checkpoints_corrected/Finland_Bonum_Pankki_2023_38cc1f468399.json,12,0.0,0,0,0.0,0.0,0.0,0.0,0.0,0.0
finland,2023,Bonum Pankki,evaluations/reruns/country_year_classification_20260630_211343/finland_2023/checkpoints_corrected/Finland_Bonum_Pankki_2023_38cc1f468399.json,13,2.0,3,0,0.0,0.0,0.0,0.0,0.0,0.0
finland,2023,Bonum Pankki,evaluations/reruns/country_year_classification_20260630_211343/finland_2023/checkpoints_corrected/Finland_Bonum_Pankki_2023_38cc1f468399.json,14,0.0,0,0,0.0,0.0,0.0,0.0,0.0,0.0
finland,2023,Bonum Pankki,evaluations/reruns/country_year_classification_20260630_211343/finland_2023/checkpoints_corrected/Finland_Bonum_Pankki_2023_38cc1f468399.json,15,0.0,0,0,0.0,0.0,0.0,0.0,0.0,0.0
finland,2023,Bonum Pankki,evaluations/reruns/country_year_classification_20260630_211343/finland_2023/checkpoints_corrected/Finland_Bonum_Pankki_2023_38cc1f468399.json,16,2.0,2,0,0.0,0.0,0.0,0.0,0.0,0.0
finland,2023,Bonum Pankki,evaluations/reruns/country_year_classification_20260630_211343/finland_2023/checkpoints_corrected/Finland_Bonum_Pankki_2023_38cc1f468399.json,17,0.0,0,0,0.0,0.0,0.0,0.0,0.0,0.0
finland,2023,Danske Bank,evaluations/reruns/country_year_classification_20260630_211343/finland_2023/checkpoints_corrected/Finland_Danske_Bank_2023_906c4fa04dc6.json,1,3.0,2,2,3.0,0.0,0.0,6.0,3.0,0.3
finland,2023,Danske Bank,evaluations/reruns/country_year_classification_20260630_211343/finland_2023/checkpoints_corrected/Finland_Danske_Bank_2023_906c4fa04dc6.json,2,2.0,1,0,0.0,0.0,0.0,0.0,0.0,0.0
finland,2023,Danske Bank,evaluations/reruns/country_year_classification_20260630_211343/finland_2023/checkpoints_corrected/Finland_Danske_Bank_2023_906c4fa04dc6.json,3,2.5,6,0,0.0,0.0,0.0,0.0,0.0,0.0
finland,2023,Danske Bank,evaluations/reruns/country_year_classification_20260630_211343/finland_2023/checkpoints_corrected/Finland_Danske_Bank_2023_906c4fa04dc6.json,4,3.0,6,6,3.0,0.0,0.0,18.0,3.0,0.3
finland,2023,Danske Bank,evaluations/reruns/country_year_classification_20260630_211343/finland_2023/checkpoints_corrected/Finland_Danske_Bank_2023_906c4fa04dc6.json,5,5.0,10,10,5.0,0.0,0.0,50.0,5.0,0.5
finland,2023,Danske Bank,evaluations/reruns/country_year_classification_20260630_211343/finland_2023/checkpoints_corrected/Finland_Danske_Bank_2023_906c4fa04dc6.json,6,2.0,1,0,0.0,0.0,0.0,0.0,0.0,0.0
finland,2023,Danske Bank,evaluations/reruns/country_year_classification_20260630_211343/finland_2023/checkpoints_corrected/Finland_Danske_Bank_2023_906c4fa04dc6.json,7,4.5,25,25,4.5,0.0,0.0,112.5,4.5,0.45
finland,2023,Danske Bank,evaluations/reruns/country_year_classification_20260630_211343/finland_2023/checkpoints_corrected/Finland_Danske_Bank_2023_906c4fa04dc6.json,8,3.0,19,19,3.0,0.0,0.0,57.0,3.0,0.3
finland,2023,Danske Bank,evaluations/reruns/country_year_classification_20260630_211343/finland_2023/checkpoints_corrected/Finland_Danske_Bank_2023_906c4fa04dc6.json,9,4.0,21,21,4.0,0.0,0.0,84.0,4.0,0.4
finland,2023,Danske Bank,evaluations/reruns/country_year_classification_20260630_211343/finland_2023/checkpoints_corrected/Finland_Danske_Bank_2023_906c4fa04dc6.json,10,2.5,6,0,0.0,0.0,0.0,0.0,0.0,0.0
finland,2023,Danske Bank,evaluations/reruns/country_year_classification_20260630_211343/finland_2023/checkpoints_corrected/Finland_Danske_Bank_2023_906c4fa04dc6.json,11,3.5,4,4,3.5,0.0,0.0,14.0,3.5,0.35
finland,2023,Danske Bank,evaluations/reruns/country_year_classification_20260630_211343/finland_2023/checkpoints_corrected/Finland_Danske_Bank_2023_906c4fa04dc6.json,12,4.0,32,32,4.0,0.0,0.0,128.0,4.0,0.4
finland,2023,Danske Bank,evaluations/reruns/country_year_classification_20260630_211343/finland_2023/checkpoints_corrected/Finland_Danske_Bank_2023_906c4fa04dc6.json,13,5.0,86,86,5.0,0.0,0.0,430.0,5.0,0.5
finland,2023,Danske Bank,evaluations/reruns/country_year_classification_20260630_211343/finland_2023/checkpoints_corrected/Finland_Danske_Bank_2023_906c4fa04dc6.json,14,3.5,3,3,3.5,0.0,0.0,10.5,3.5,0.35
finland,2023,Danske Bank,evaluations/reruns/country_year_classification_20260630_211343/finland_2023/checkpoints_corrected/Finland_Danske_Bank_2023_906c4fa04dc6.json,15,4.0,4,4,4.0,0.0,0.0,16.0,4.0,0.4
finland,2023,Danske Bank,evaluations/reruns/country_year_classification_20260630_211343/finland_2023/checkpoints_corrected/Finland_Danske_Bank_2023_906c4fa04dc6.json,16,4.0,18,18,4.0,0.0,0.0,72.0,4.0,0.4
finland,2023,Danske Bank,evaluations/reruns/country_year_classification_20260630_211343/finland_2023/checkpoints_corrected/Finland_Danske_Bank_2023_906c4fa04dc6.json,17,3.5,15,15,3.5,0.0,0.0,52.5,3.5,0.35
finland,2023,Nordea Bank,evaluations/reruns/country_year_classification_20260630_211343/finland_2023/checkpoints_corrected/Finland_Nordea_Bank_2023_213f8e961fff.json,1,3.0,3,3,3.0,0.0,0.0,9.0,3.0,0.23809523809523808
finland,2023,Nordea Bank,evaluations/reruns/country_year_classification_20260630_211343/finland_2023/checkpoints_corrected/Finland_Nordea_Bank_2023_213f8e961fff.json,2,3.0,2,2,3.0,0.0,0.0,6.0,3.0,0.23809523809523808
finland,2023,Nordea Bank,evaluations/reruns/country_year_classification_20260630_211343/finland_2023/checkpoints_corrected/Finland_Nordea_Bank_2023_213f8e961fff.json,3,3.0,5,5,3.0,0.0,0.0,15.0,3.0,0.23809523809523808
finland,2023,Nordea Bank,evaluations/reruns/country_year_classification_20260630_211343/finland_2023/checkpoints_corrected/Finland_Nordea_Bank_2023_213f8e961fff.json,4,4.0,12,12,4.0,0.0,0.0,48.0,4.0,0.31746031746031744
finland,2023,Nordea Bank,evaluations/reruns/country_year_classification_20260630_211343/finland_2023/checkpoints_corrected/Finland_Nordea_Bank_2023_213f8e961fff.json,5,5.0,24,24,5.0,0.0,0.0,120.0,5.0,0.3968253968253968
finland,2023,Nordea Bank,evaluations/reruns/country_year_classification_20260630_211343/finland_2023/checkpoints_corrected/Finland_Nordea_Bank_2023_213f8e961fff.json,6,2.0,2,0,0.0,0.0,0.0,0.0,0.0,0.0
finland,2023,Nordea Bank,evaluations/reruns/country_year_classification_20260630_211343/finland_2023/checkpoints_corrected/Finland_Nordea_Bank_2023_213f8e961fff.json,7,4.0,18,18,4.0,0.0,0.0,72.0,4.0,0.31746031746031744
finland,2023,Nordea Bank,evaluations/reruns/country_year_classification_20260630_211343/finland_2023/checkpoints_corrected/Finland_Nordea_Bank_2023_213f8e961fff.json,8,5.0,26,26,5.0,0.0,0.0,130.0,5.0,0.3968253968253968
finland,2023,Nordea Bank,evaluations/reruns/country_year_classification_20260630_211343/finland_2023/checkpoints_corrected/Finland_Nordea_Bank_2023_213f8e961fff.json,9,4.0,24,24,4.0,0.0,0.0,96.0,4.0,0.31746031746031744
finland,2023,Nordea Bank,evaluations/reruns/country_year_classification_20260630_211343/finland_2023/checkpoints_corrected/Finland_Nordea_Bank_2023_213f8e961fff.json,10,4.0,23,23,4.0,0.0,0.0,92.0,4.0,0.31746031746031744
finland,2023,Nordea Bank,evaluations/reruns/country_year_classification_20260630_211343/finland_2023/checkpoints_corrected/Finland_Nordea_Bank_2023_213f8e961fff.json,11,3.0,10,10,3.0,0.0,0.0,30.0,3.0,0.23809523809523808
finland,2023,Nordea Bank,evaluations/reruns/country_year_classification_20260630_211343/finland_2023/checkpoints_corrected/Finland_Nordea_Bank_2023_213f8e961fff.json,12,5.0,34,34,5.0,0.0,0.0,170.0,5.0,0.3968253968253968
finland,2023,Nordea Bank,evaluations/reruns/country_year_classification_20260630_211343/finland_2023/checkpoints_corrected/Finland_Nordea_Bank_2023_213f8e961fff.json,13,5.0,112,112,5.0,0.0,0.0,560.0,5.0,0.3968253968253968
finland,2023,Nordea Bank,evaluations/reruns/country_year_classification_20260630_211343/finland_2023/checkpoints_corrected/Finland_Nordea_Bank_2023_213f8e961fff.json,14,3.0,9,9,3.0,0.0,0.0,27.0,3.0,0.23809523809523808
finland,2023,Nordea Bank,evaluations/reruns/country_year_classification_20260630_211343/finland_2023/checkpoints_corrected/Finland_Nordea_Bank_2023_213f8e961fff.json,15,4.0,20,20,4.0,0.0,0.0,80.0,4.0,0.31746031746031744
finland,2023,Nordea Bank,evaluations/reruns/country_year_classification_20260630_211343/finland_2023/checkpoints_corrected/Finland_Nordea_Bank_2023_213f8e961fff.json,16,5.0,36,36,5.0,0.0,0.0,180.0,5.0,0.3968253968253968
finland,2023,Nordea Bank,evaluations/reruns/country_year_classification_20260630_211343/finland_2023/checkpoints_corrected/Finland_Nordea_Bank_2023_213f8e961fff.json,17,3.0,12,12,3.0,0.0,0.0,36.0,3.0,0.23809523809523808
finland,2023,OP Yrityspankki,evaluations/reruns/country_year_classification_20260630_211343/finland_2023/checkpoints_corrected/Finland_OP_Yrityspankki_2023_ef7ae0564fd4.json,1,3.0,4,4,3.0,0.0,0.0,12.0,3.0,0.25210084033613445
finland,2023,OP Yrityspankki,evaluations/reruns/country_year_classification_20260630_211343/finland_2023/checkpoints_corrected/Finland_OP_Yrityspankki_2023_ef7ae0564fd4.json,2,3.0,3,3,3.0,0.0,0.0,9.0,3.0,0.25210084033613445
finland,2023,OP Yrityspankki,evaluations/reruns/country_year_classification_20260630_211343/finland_2023/checkpoints_corrected/Finland_OP_Yrityspankki_2023_ef7ae0564fd4.json,3,5.0,20,20,5.0,0.0,0.0,100.0,5.0,0.42016806722689076
finland,2023,OP Yrityspankki,evaluations/reruns/country_year_classification_20260630_211343/finland_2023/checkpoints_corrected/Finland_OP_Yrityspankki_2023_ef7ae0564fd4.json,4,5.0,15,15,5.0,0.0,0.0,75.0,5.0,0.42016806722689076
finland,2023,OP Yrityspankki,evaluations/reruns/country_year_classification_20260630_211343/finland_2023/checkpoints_corrected/Finland_OP_Yrityspankki_2023_ef7ae0564fd4.json,5,3.0,15,15,3.0,0.0,0.0,45.0,3.0,0.25210084033613445
finland,2023,OP Yrityspankki,evaluations/reruns/country_year_classification_20260630_211343/finland_2023/checkpoints_corrected/Finland_OP_Yrityspankki_2023_ef7ae0564fd4.json,6,2.0,3,0,0.0,0.0,0.0,0.0,0.0,0.0
finland,2023,OP Yrityspankki,evaluations/reruns/country_year_classification_20260630_211343/finland_2023/checkpoints_corrected/Finland_OP_Yrityspankki_2023_ef7ae0564fd4.json,7,5.0,32,32,5.0,0.0,0.0,160.0,5.0,0.42016806722689076
finland,2023,OP Yrityspankki,evaluations/reruns/country_year_classification_20260630_211343/finland_2023/checkpoints_corrected/Finland_OP_Yrityspankki_2023_ef7ae0564fd4.json,8,4.0,35,35,4.0,0.0,0.0,140.0,4.0,0.33613445378151263
finland,2023,OP Yrityspankki,evaluations/reruns/country_year_classification_20260630_211343/finland_2023/checkpoints_corrected/Finland_OP_Yrityspankki_2023_ef7ae0564fd4.json,9,4.0,31,31,4.0,0.0,0.0,124.0,4.0,0.33613445378151263
finland,2023,OP Yrityspankki,evaluations/reruns/country_year_classification_20260630_211343/finland_2023/checkpoints_corrected/Finland_OP_Yrityspankki_2023_ef7ae0564fd4.json,10,3.0,13,13,3.0,0.0,0.0,39.0,3.0,0.25210084033613445
finland,2023,OP Yrityspankki,evaluations/reruns/country_year_classification_20260630_211343/finland_2023/checkpoints_corrected/Finland_OP_Yrityspankki_2023_ef7ae0564fd4.json,11,4.0,12,12,4.0,0.0,0.0,48.0,4.0,0.33613445378151263
finland,2023,OP Yrityspankki,evaluations/reruns/country_year_classification_20260630_211343/finland_2023/checkpoints_corrected/Finland_OP_Yrityspankki_2023_ef7ae0564fd4.json,12,4.0,32,32,4.0,0.0,0.0,128.0,4.0,0.33613445378151263
finland,2023,OP Yrityspankki,evaluations/reruns/country_year_classification_20260630_211343/finland_2023/checkpoints_corrected/Finland_OP_Yrityspankki_2023_ef7ae0564fd4.json,13,5.0,132,132,5.0,0.0,0.0,660.0,5.0,0.42016806722689076
finland,2023,OP Yrityspankki,evaluations/reruns/country_year_classification_20260630_211343/finland_2023/checkpoints_corrected/Finland_OP_Yrityspankki_2023_ef7ae0564fd4.json,14,0.0,0,0,0.0,0.0,0.0,0.0,0.0,0.0
finland,2023,OP Yrityspankki,evaluations/reruns/country_year_classification_20260630_211343/finland_2023/checkpoints_corrected/Finland_OP_Yrityspankki_2023_ef7ae0564fd4.json,15,4.0,16,16,4.0,0.0,0.0,64.0,4.0,0.33613445378151263
finland,2023,OP Yrityspankki,evaluations/reruns/country_year_classification_20260630_211343/finland_2023/checkpoints_corrected/Finland_OP_Yrityspankki_2023_ef7ae0564fd4.json,16,4.5,46,46,4.5,0.0,0.0,207.0,4.5,0.37815126050420167
finland,2023,OP Yrityspankki,evaluations/reruns/country_year_classification_20260630_211343/finland_2023/checkpoints_corrected/Finland_OP_Yrityspankki_2023_ef7ae0564fd4.json,17,3.0,25,25,3.0,0.0,0.0,75.0,3.0,0.25210084033613445
finland,2023,Oma Säästöpankki,evaluations/reruns/country_year_classification_20260630_211343/finland_2023/checkpoints_corrected/Finland_Oma_Saastopankki_2023_10f19bccf497.json,1,3.0,2,2,3.0,0.0,0.0,6.0,3.0,0.234375
finland,2023,Oma Säästöpankki,evaluations/reruns/country_year_classification_20260630_211343/finland_2023/checkpoints_corrected/Finland_Oma_Saastopankki_2023_10f19bccf497.json,2,3.0,2,2,3.0,0.0,0.0,6.0,3.0,0.234375
finland,2023,Oma Säästöpankki,evaluations/reruns/country_year_classification_20260630_211343/finland_2023/checkpoints_corrected/Finland_Oma_Saastopankki_2023_10f19bccf497.json,3,4.0,21,21,4.0,0.0,0.0,84.0,4.0,0.3125
finland,2023,Oma Säästöpankki,evaluations/reruns/country_year_classification_20260630_211343/finland_2023/checkpoints_corrected/Finland_Oma_Saastopankki_2023_10f19bccf497.json,4,4.0,19,19,4.0,0.0,0.0,76.0,4.0,0.3125
finland,2023,Oma Säästöpankki,evaluations/reruns/country_year_classification_20260630_211343/finland_2023/checkpoints_corrected/Finland_Oma_Saastopankki_2023_10f19bccf497.json,5,3.0,11,11,3.0,0.0,0.0,33.0,3.0,0.234375
finland,2023,Oma Säästöpankki,evaluations/reruns/country_year_classification_20260630_211343/finland_2023/checkpoints_corrected/Finland_Oma_Saastopankki_2023_10f19bccf497.json,6,3.0,2,2,3.0,0.0,0.0,6.0,3.0,0.234375
finland,2023,Oma Säästöpankki,evaluations/reruns/country_year_classification_20260630_211343/finland_2023/checkpoints_corrected/Finland_Oma_Saastopankki_2023_10f19bccf497.json,7,4.0,13,13,4.0,0.0,0.0,52.0,4.0,0.3125
finland,2023,Oma Säästöpankki,evaluations/reruns/country_year_classification_20260630_211343/finland_2023/checkpoints_corrected/Finland_Oma_Saastopankki_2023_10f19bccf497.json,8,5.0,31,31,5.0,0.0,0.0,155.0,5.0,0.390625
finland,2023,Oma Säästöpankki,evaluations/reruns/country_year_classification_20260630_211343/finland_2023/checkpoints_corrected/Finland_Oma_Saastopankki_2023_10f19bccf497.json,9,5.0,13,13,5.0,0.0,0.0,65.0,5.0,0.390625
finland,2023,Oma Säästöpankki,evaluations/reruns/country_year_classification_20260630_211343/finland_2023/checkpoints_corrected/Finland_Oma_Saastopankki_2023_10f19bccf497.json,10,3.0,6,6,3.0,0.0,0.0,18.0,3.0,0.234375
finland,2023,Oma Säästöpankki,evaluations/reruns/country_year_classification_20260630_211343/finland_2023/checkpoints_corrected/Finland_Oma_Saastopankki_2023_10f19bccf497.json,11,3.0,7,7,3.0,0.0,0.0,21.0,3.0,0.234375
finland,2023,Oma Säästöpankki,evaluations/reruns/country_year_classification_20260630_211343/finland_2023/checkpoints_corrected/Finland_Oma_Saastopankki_2023_10f19bccf497.json,12,4.0,23,23,4.0,0.0,0.0,92.0,4.0,0.3125
finland,2023,Oma Säästöpankki,evaluations/reruns/country_year_classification_20260630_211343/finland_2023/checkpoints_corrected/Finland_Oma_Saastopankki_2023_10f19bccf497.json,13,5.0,49,49,5.0,0.0,0.0,245.0,5.0,0.390625
finland,2023,Oma Säästöpankki,evaluations/reruns/country_year_classification_20260630_211343/finland_2023/checkpoints_corrected/Finland_Oma_Saastopankki_2023_10f19bccf497.json,14,3.0,4,4,3.0,0.0,0.0,12.0,3.0,0.234375
finland,2023,Oma Säästöpankki,evaluations/reruns/country_year_classification_20260630_211343/finland_2023/checkpoints_corrected/Finland_Oma_Saastopankki_2023_10f19bccf497.json,15,3.0,5,5,3.0,0.0,0.0,15.0,3.0,0.234375
finland,2023,Oma Säästöpankki,evaluations/reruns/country_year_classification_20260630_211343/finland_2023/checkpoints_corrected/Finland_Oma_Saastopankki_2023_10f19bccf497.json,16,4.0,9,9,4.0,0.0,0.0,36.0,4.0,0.3125
finland,2023,Oma Säästöpankki,evaluations/reruns/country_year_classification_20260630_211343/finland_2023/checkpoints_corrected/Finland_Oma_Saastopankki_2023_10f19bccf497.json,17,5.0,9,9,5.0,0.0,0.0,45.0,5.0,0.390625
finland,2023,S-Pankki,evaluations/reruns/country_year_classification_20260630_211343/finland_2023/checkpoints_corrected/Finland_S_Pankki_2023_16bb167577d4.json,1,0.0,0,0,0.0,0.0,0.0,0.0,0.0,0.0
finland,2023,S-Pankki,evaluations/reruns/country_year_classification_20260630_211343/finland_2023/checkpoints_corrected/Finland_S_Pankki_2023_16bb167577d4.json,2,3.0,3,3,3.0,0.0,0.0,9.0,3.0,0.27522935779816515
finland,2023,S-Pankki,evaluations/reruns/country_year_classification_20260630_211343/finland_2023/checkpoints_corrected/Finland_S_Pankki_2023_16bb167577d4.json,3,2.5,4,0,0.0,0.0,0.0,0.0,0.0,0.0
finland,2023,S-Pankki,evaluations/reruns/country_year_classification_20260630_211343/finland_2023/checkpoints_corrected/Finland_S_Pankki_2023_16bb167577d4.json,4,3.0,4,4,3.0,0.0,0.0,12.0,3.0,0.27522935779816515
finland,2023,S-Pankki,evaluations/reruns/country_year_classification_20260630_211343/finland_2023/checkpoints_corrected/Finland_S_Pankki_2023_16bb167577d4.json,5,3.0,4,4,3.0,0.0,0.0,12.0,3.0,0.27522935779816515
finland,2023,S-Pankki,evaluations/reruns/country_year_classification_20260630_211343/finland_2023/checkpoints_corrected/Finland_S_Pankki_2023_16bb167577d4.json,6,4.0,3,3,4.0,0.0,0.0,12.0,4.0,0.3669724770642202
finland,2023,S-Pankki,evaluations/reruns/country_year_classification_20260630_211343/finland_2023/checkpoints_corrected/Finland_S_Pankki_2023_16bb167577d4.json,7,4.0,6,6,4.0,0.0,0.0,24.0,4.0,0.3669724770642202
finland,2023,S-Pankki,evaluations/reruns/country_year_classification_20260630_211343/finland_2023/checkpoints_corrected/Finland_S_Pankki_2023_16bb167577d4.json,8,5.0,11,11,5.0,0.0,0.0,55.0,5.0,0.45871559633027525
finland,2023,S-Pankki,evaluations/reruns/country_year_classification_20260630_211343/finland_2023/checkpoints_corrected/Finland_S_Pankki_2023_16bb167577d4.json,9,4.0,8,8,4.0,0.0,0.0,32.0,4.0,0.3669724770642202
finland,2023,S-Pankki,evaluations/reruns/country_year_classification_20260630_211343/finland_2023/checkpoints_corrected/Finland_S_Pankki_2023_16bb167577d4.json,10,3.0,5,5,3.0,0.0,0.0,15.0,3.0,0.27522935779816515
finland,2023,S-Pankki,evaluations/reruns/country_year_classification_20260630_211343/finland_2023/checkpoints_corrected/Finland_S_Pankki_2023_16bb167577d4.json,11,0.0,0,0,0.0,0.0,0.0,0.0,0.0,0.0
finland,2023,S-Pankki,evaluations/reruns/country_year_classification_20260630_211343/finland_2023/checkpoints_corrected/Finland_S_Pankki_2023_16bb167577d4.json,12,4.5,11,11,4.5,0.0,0.0,49.5,4.5,0.41284403669724773
finland,2023,S-Pankki,evaluations/reruns/country_year_classification_20260630_211343/finland_2023/checkpoints_corrected/Finland_S_Pankki_2023_16bb167577d4.json,13,5.0,23,23,5.0,0.0,0.0,115.0,5.0,0.45871559633027525
finland,2023,S-Pankki,evaluations/reruns/country_year_classification_20260630_211343/finland_2023/checkpoints_corrected/Finland_S_Pankki_2023_16bb167577d4.json,14,4.0,2,2,4.0,0.0,0.0,8.0,4.0,0.3669724770642202
finland,2023,S-Pankki,evaluations/reruns/country_year_classification_20260630_211343/finland_2023/checkpoints_corrected/Finland_S_Pankki_2023_16bb167577d4.json,15,4.5,4,4,4.5,0.0,0.0,18.0,4.5,0.41284403669724773
finland,2023,S-Pankki,evaluations/reruns/country_year_classification_20260630_211343/finland_2023/checkpoints_corrected/Finland_S_Pankki_2023_16bb167577d4.json,16,4.0,11,11,4.0,0.0,0.0,44.0,4.0,0.3669724770642202
finland,2023,S-Pankki,evaluations/reruns/country_year_classification_20260630_211343/finland_2023/checkpoints_corrected/Finland_S_Pankki_2023_16bb167577d4.json,17,3.5,4,4,3.5,0.0,0.0,14.0,3.5,0.3211009174311927
finland,2023,Suomen Asuntohypopankki,evaluations/reruns/country_year_classification_20260630_211343/finland_2023/checkpoints_corrected/Finland_Suomen_Asuntohypopankki_2023_5ffe98a36bea.json,1,0.0,0,0,0.0,0.0,0.0,0.0,0.0,0.0
finland,2023,Suomen Asuntohypopankki,evaluations/reruns/country_year_classification_20260630_211343/finland_2023/checkpoints_corrected/Finland_Suomen_Asuntohypopankki_2023_5ffe98a36bea.json,2,0.0,0,0,0.0,0.0,0.0,0.0,0.0,0.0
finland,2023,Suomen Asuntohypopankki,evaluations/reruns/country_year_classification_20260630_211343/finland_2023/checkpoints_corrected/Finland_Suomen_Asuntohypopankki_2023_5ffe98a36bea.json,3,2.5,2,0,0.0,0.0,0.0,0.0,0.0,0.0
finland,2023,Suomen Asuntohypopankki,evaluations/reruns/country_year_classification_20260630_211343/finland_2023/checkpoints_corrected/Finland_Suomen_Asuntohypopankki_2023_5ffe98a36bea.json,4,2.0,1,0,0.0,0.0,0.0,0.0,0.0,0.0
finland,2023,Suomen Asuntohypopankki,evaluations/reruns/country_year_classification_20260630_211343/finland_2023/checkpoints_corrected/Finland_Suomen_Asuntohypopankki_2023_5ffe98a36bea.json,5,1.0,1,0,0.0,0.0,0.0,0.0,0.0,0.0
finland,2023,Suomen Asuntohypopankki,evaluations/reruns/country_year_classification_20260630_211343/finland_2023/checkpoints_corrected/Finland_Suomen_Asuntohypopankki_2023_5ffe98a36bea.json,6,0.0,0,0,0.0,0.0,0.0,0.0,0.0,0.0
finland,2023,Suomen Asuntohypopankki,evaluations/reruns/country_year_classification_20260630_211343/finland_2023/checkpoints_corrected/Finland_Suomen_Asuntohypopankki_2023_5ffe98a36bea.json,7,1.0,1,0,0.0,0.0,0.0,0.0,0.0,0.0
finland,2023,Suomen Asuntohypopankki,evaluations/reruns/country_year_classification_20260630_211343/finland_2023/checkpoints_corrected/Finland_Suomen_Asuntohypopankki_2023_5ffe98a36bea.json,8,4.0,9,9,4.0,0.0,0.0,36.0,4.0,1.25
finland,2023,Suomen Asuntohypopankki,evaluations/reruns/country_year_classification_20260630_211343/finland_2023/checkpoints_corrected/Finland_Suomen_Asuntohypopankki_2023_5ffe98a36bea.json,9,2.5,1,0,0.0,0.0,0.0,0.0,0.0,0.0
finland,2023,Suomen Asuntohypopankki,evaluations/reruns/country_year_classification_20260630_211343/finland_2023/checkpoints_corrected/Finland_Suomen_Asuntohypopankki_2023_5ffe98a36bea.json,10,0.0,0,0,0.0,0.0,0.0,0.0,0.0,0.0
finland,2023,Suomen Asuntohypopankki,evaluations/reruns/country_year_classification_20260630_211343/finland_2023/checkpoints_corrected/Finland_Suomen_Asuntohypopankki_2023_5ffe98a36bea.json,11,4.0,8,8,4.0,0.0,0.0,32.0,4.0,1.25
finland,2023,Suomen Asuntohypopankki,evaluations/reruns/country_year_classification_20260630_211343/finland_2023/checkpoints_corrected/Finland_Suomen_Asuntohypopankki_2023_5ffe98a36bea.json,12,0.0,0,0,0.0,0.0,0.0,0.0,0.0,0.0
finland,2023,Suomen Asuntohypopankki,evaluations/reruns/country_year_classification_20260630_211343/finland_2023/checkpoints_corrected/Finland_Suomen_Asuntohypopankki_2023_5ffe98a36bea.json,13,4.0,10,10,4.0,0.0,0.0,40.0,4.0,1.25
finland,2023,Suomen Asuntohypopankki,evaluations/reruns/country_year_classification_20260630_211343/finland_2023/checkpoints_corrected/Finland_Suomen_Asuntohypopankki_2023_5ffe98a36bea.json,14,0.0,0,0,0.0,0.0,0.0,0.0,0.0,0.0
finland,2023,Suomen Asuntohypopankki,evaluations/reruns/country_year_classification_20260630_211343/finland_2023/checkpoints_corrected/Finland_Suomen_Asuntohypopankki_2023_5ffe98a36bea.json,15,0.0,0,0,0.0,0.0,0.0,0.0,0.0,0.0
finland,2023,Suomen Asuntohypopankki,evaluations/reruns/country_year_classification_20260630_211343/finland_2023/checkpoints_corrected/Finland_Suomen_Asuntohypopankki_2023_5ffe98a36bea.json,16,4.0,5,5,4.0,0.0,0.0,20.0,4.0,1.25
finland,2023,Suomen Asuntohypopankki,evaluations/reruns/country_year_classification_20260630_211343/finland_2023/checkpoints_corrected/Finland_Suomen_Asuntohypopankki_2023_5ffe98a36bea.json,17,2.0,1,0,0.0,0.0,0.0,0.0,0.0,0.0
finland,2023,Säästöpankkien Keskuspankki,evaluations/reruns/country_year_classification_20260630_211343/finland_2023/checkpoints_corrected/Finland_Saastopankkien_Keskuspankki_2023_7a92af68e355.json,1,3.0,5,5,3.0,0.0,0.0,15.0,3.0,0.2459016393442623
finland,2023,Säästöpankkien Keskuspankki,evaluations/reruns/country_year_classification_20260630_211343/finland_2023/checkpoints_corrected/Finland_Saastopankkien_Keskuspankki_2023_7a92af68e355.json,2,0.0,0,0,0.0,0.0,0.0,0.0,0.0,0.0
finland,2023,Säästöpankkien Keskuspankki,evaluations/reruns/country_year_classification_20260630_211343/finland_2023/checkpoints_corrected/Finland_Saastopankkien_Keskuspankki_2023_7a92af68e355.json,3,4.0,12,12,4.0,0.0,0.0,48.0,4.0,0.32786885245901637
finland,2023,Säästöpankkien Keskuspankki,evaluations/reruns/country_year_classification_20260630_211343/finland_2023/checkpoints_corrected/Finland_Saastopankkien_Keskuspankki_2023_7a92af68e355.json,4,4.0,9,9,4.0,0.0,0.0,36.0,4.0,0.32786885245901637
finland,2023,Säästöpankkien Keskuspankki,evaluations/reruns/country_year_classification_20260630_211343/finland_2023/checkpoints_corrected/Finland_Saastopankkien_Keskuspankki_2023_7a92af68e355.json,5,4.0,10,10,4.0,0.0,0.0,40.0,4.0,0.32786885245901637
finland,2023,Säästöpankkien Keskuspankki,evaluations/reruns/country_year_classification_20260630_211343/finland_2023/checkpoints_corrected/Finland_Saastopankkien_Keskuspankki_2023_7a92af68e355.json,6,4.0,9,9,4.0,0.0,0.0,36.0,4.0,0.32786885245901637
finland,2023,Säästöpankkien Keskuspankki,evaluations/reruns/country_year_classification_20260630_211343/finland_2023/checkpoints_corrected/Finland_Saastopankkien_Keskuspankki_2023_7a92af68e355.json,7,4.0,26,26,4.0,0.0,0.0,104.0,4.0,0.32786885245901637
finland,2023,Säästöpankkien Keskuspankki,evaluations/reruns/country_year_classification_20260630_211343/finland_2023/checkpoints_corrected/Finland_Saastopankkien_Keskuspankki_2023_7a92af68e355.json,8,4.0,28,28,4.0,0.0,0.0,112.0,4.0,0.32786885245901637
finland,2023,Säästöpankkien Keskuspankki,evaluations/reruns/country_year_classification_20260630_211343/finland_2023/checkpoints_corrected/Finland_Saastopankkien_Keskuspankki_2023_7a92af68e355.json,9,3.0,9,9,3.0,0.0,0.0,27.0,3.0,0.2459016393442623
finland,2023,Säästöpankkien Keskuspankki,evaluations/reruns/country_year_classification_20260630_211343/finland_2023/checkpoints_corrected/Finland_Saastopankkien_Keskuspankki_2023_7a92af68e355.json,10,3.0,5,5,3.0,0.0,0.0,15.0,3.0,0.2459016393442623
finland,2023,Säästöpankkien Keskuspankki,evaluations/reruns/country_year_classification_20260630_211343/finland_2023/checkpoints_corrected/Finland_Saastopankkien_Keskuspankki_2023_7a92af68e355.json,11,4.0,14,14,4.0,0.0,0.0,56.0,4.0,0.32786885245901637
finland,2023,Säästöpankkien Keskuspankki,evaluations/reruns/country_year_classification_20260630_211343/finland_2023/checkpoints_corrected/Finland_Saastopankkien_Keskuspankki_2023_7a92af68e355.json,12,5.0,30,30,5.0,0.0,0.0,150.0,5.0,0.4098360655737705
finland,2023,Säästöpankkien Keskuspankki,evaluations/reruns/country_year_classification_20260630_211343/finland_2023/checkpoints_corrected/Finland_Saastopankkien_Keskuspankki_2023_7a92af68e355.json,13,5.0,58,58,5.0,0.0,0.0,290.0,5.0,0.4098360655737705
finland,2023,Säästöpankkien Keskuspankki,evaluations/reruns/country_year_classification_20260630_211343/finland_2023/checkpoints_corrected/Finland_Saastopankkien_Keskuspankki_2023_7a92af68e355.json,14,4.0,5,5,4.0,0.0,0.0,20.0,4.0,0.32786885245901637
finland,2023,Säästöpankkien Keskuspankki,evaluations/reruns/country_year_classification_20260630_211343/finland_2023/checkpoints_corrected/Finland_Saastopankkien_Keskuspankki_2023_7a92af68e355.json,15,5.0,17,17,5.0,0.0,0.0,85.0,5.0,0.4098360655737705
finland,2023,Säästöpankkien Keskuspankki,evaluations/reruns/country_year_classification_20260630_211343/finland_2023/checkpoints_corrected/Finland_Saastopankkien_Keskuspankki_2023_7a92af68e355.json,16,5.0,31,31,5.0,0.0,0.0,155.0,5.0,0.4098360655737705
finland,2023,Säästöpankkien Keskuspankki,evaluations/reruns/country_year_classification_20260630_211343/finland_2023/checkpoints_corrected/Finland_Saastopankkien_Keskuspankki_2023_7a92af68e355.json,17,2.0,8,0,0.0,0.0,0.0,0.0,0.0,0.0
finland,2023,Ålandsbanken,evaluations/reruns/country_year_classification_20260630_211343/finland_2023/checkpoints_corrected/Finland_Alandsbanken_2023_3c91f681aeee.json,1,2.0,3,0,0.0,0.0,0.0,0.0,0.0,0.0
finland,2023,Ålandsbanken,evaluations/reruns/country_year_classification_20260630_211343/finland_2023/checkpoints_corrected/Finland_Alandsbanken_2023_3c91f681aeee.json,2,0.0,0,0,0.0,0.0,0.0,0.0,0.0,0.0
finland,2023,Ålandsbanken,evaluations/reruns/country_year_classification_20260630_211343/finland_2023/checkpoints_corrected/Finland_Alandsbanken_2023_3c91f681aeee.json,3,3.0,4,4,3.0,0.0,0.0,12.0,3.0,0.23076923076923078
finland,2023,Ålandsbanken,evaluations/reruns/country_year_classification_20260630_211343/finland_2023/checkpoints_corrected/Finland_Alandsbanken_2023_3c91f681aeee.json,4,3.0,5,5,3.0,0.0,0.0,15.0,3.0,0.23076923076923078
finland,2023,Ålandsbanken,evaluations/reruns/country_year_classification_20260630_211343/finland_2023/checkpoints_corrected/Finland_Alandsbanken_2023_3c91f681aeee.json,5,4.5,8,8,4.5,0.0,0.0,36.0,4.5,0.34615384615384615
finland,2023,Ålandsbanken,evaluations/reruns/country_year_classification_20260630_211343/finland_2023/checkpoints_corrected/Finland_Alandsbanken_2023_3c91f681aeee.json,6,5.0,10,10,5.0,0.0,0.0,50.0,5.0,0.38461538461538464
finland,2023,Ålandsbanken,evaluations/reruns/country_year_classification_20260630_211343/finland_2023/checkpoints_corrected/Finland_Alandsbanken_2023_3c91f681aeee.json,7,5.0,13,13,5.0,0.0,0.0,65.0,5.0,0.38461538461538464
finland,2023,Ålandsbanken,evaluations/reruns/country_year_classification_20260630_211343/finland_2023/checkpoints_corrected/Finland_Alandsbanken_2023_3c91f681aeee.json,8,5.0,16,16,5.0,0.0,0.0,80.0,5.0,0.38461538461538464
finland,2023,Ålandsbanken,evaluations/reruns/country_year_classification_20260630_211343/finland_2023/checkpoints_corrected/Finland_Alandsbanken_2023_3c91f681aeee.json,9,4.0,5,5,4.0,0.0,0.0,20.0,4.0,0.3076923076923077
finland,2023,Ålandsbanken,evaluations/reruns/country_year_classification_20260630_211343/finland_2023/checkpoints_corrected/Finland_Alandsbanken_2023_3c91f681aeee.json,10,3.5,4,4,3.5,0.0,0.0,14.0,3.5,0.2692307692307692
finland,2023,Ålandsbanken,evaluations/reruns/country_year_classification_20260630_211343/finland_2023/checkpoints_corrected/Finland_Alandsbanken_2023_3c91f681aeee.json,11,5.0,4,4,5.0,0.0,0.0,20.0,5.0,0.38461538461538464
finland,2023,Ålandsbanken,evaluations/reruns/country_year_classification_20260630_211343/finland_2023/checkpoints_corrected/Finland_Alandsbanken_2023_3c91f681aeee.json,12,5.0,33,33,5.0,0.0,0.0,165.0,5.0,0.38461538461538464
finland,2023,Ålandsbanken,evaluations/reruns/country_year_classification_20260630_211343/finland_2023/checkpoints_corrected/Finland_Alandsbanken_2023_3c91f681aeee.json,13,5.0,86,86,5.0,0.0,0.0,430.0,5.0,0.38461538461538464
finland,2023,Ålandsbanken,evaluations/reruns/country_year_classification_20260630_211343/finland_2023/checkpoints_corrected/Finland_Alandsbanken_2023_3c91f681aeee.json,14,5.0,14,14,5.0,0.0,0.0,70.0,5.0,0.38461538461538464
finland,2023,Ålandsbanken,evaluations/reruns/country_year_classification_20260630_211343/finland_2023/checkpoints_corrected/Finland_Alandsbanken_2023_3c91f681aeee.json,15,5.0,11,11,5.0,0.0,0.0,55.0,5.0,0.38461538461538464
finland,2023,Ålandsbanken,evaluations/reruns/country_year_classification_20260630_211343/finland_2023/checkpoints_corrected/Finland_Alandsbanken_2023_3c91f681aeee.json,16,4.0,9,9,4.0,0.0,0.0,36.0,4.0,0.3076923076923077
finland,2023,Ålandsbanken,evaluations/reruns/country_year_classification_20260630_211343/finland_2023/checkpoints_corrected/Finland_Alandsbanken_2023_3c91f681aeee.json,17,3.0,10,10,3.0,0.0,0.0,30.0,3.0,0.23076923076923078
finland,2024,Aktia Pankki,evaluations/reruns/country_year_classification_20260630_211343/finland_2024/checkpoints_corrected/Finland_Aktia_Pankki_2024_45cc7d5cb88f.json,1,0.0,0,0,0.0,0.0,0.0,0.0,0.0,0.0
finland,2024,Aktia Pankki,evaluations/reruns/country_year_classification_20260630_211343/finland_2024/checkpoints_corrected/Finland_Aktia_Pankki_2024_45cc7d5cb88f.json,2,0.0,0,0,0.0,0.0,0.0,0.0,0.0,0.0
finland,2024,Aktia Pankki,evaluations/reruns/country_year_classification_20260630_211343/finland_2024/checkpoints_corrected/Finland_Aktia_Pankki_2024_45cc7d5cb88f.json,3,4.0,14,14,4.0,0.0,0.0,56.0,4.0,0.3418803418803419
finland,2024,Aktia Pankki,evaluations/reruns/country_year_classification_20260630_211343/finland_2024/checkpoints_corrected/Finland_Aktia_Pankki_2024_45cc7d5cb88f.json,4,3.0,8,8,3.0,0.0,0.0,24.0,3.0,0.2564102564102564
finland,2024,Aktia Pankki,evaluations/reruns/country_year_classification_20260630_211343/finland_2024/checkpoints_corrected/Finland_Aktia_Pankki_2024_45cc7d5cb88f.json,5,4.5,15,15,4.5,0.0,0.0,67.5,4.5,0.38461538461538464
finland,2024,Aktia Pankki,evaluations/reruns/country_year_classification_20260630_211343/finland_2024/checkpoints_corrected/Finland_Aktia_Pankki_2024_45cc7d5cb88f.json,6,4.0,15,15,4.0,0.0,0.0,60.0,4.0,0.3418803418803419
finland,2024,Aktia Pankki,evaluations/reruns/country_year_classification_20260630_211343/finland_2024/checkpoints_corrected/Finland_Aktia_Pankki_2024_45cc7d5cb88f.json,7,4.0,19,19,4.0,0.0,0.0,76.0,4.0,0.3418803418803419
finland,2024,Aktia Pankki,evaluations/reruns/country_year_classification_20260630_211343/finland_2024/checkpoints_corrected/Finland_Aktia_Pankki_2024_45cc7d5cb88f.json,8,5.0,21,21,5.0,0.0,0.0,105.0,5.0,0.42735042735042733
finland,2024,Aktia Pankki,evaluations/reruns/country_year_classification_20260630_211343/finland_2024/checkpoints_corrected/Finland_Aktia_Pankki_2024_45cc7d5cb88f.json,9,4.0,5,5,4.0,0.0,0.0,20.0,4.0,0.3418803418803419
finland,2024,Aktia Pankki,evaluations/reruns/country_year_classification_20260630_211343/finland_2024/checkpoints_corrected/Finland_Aktia_Pankki_2024_45cc7d5cb88f.json,10,4.0,17,17,4.0,0.0,0.0,68.0,4.0,0.3418803418803419
finland,2024,Aktia Pankki,evaluations/reruns/country_year_classification_20260630_211343/finland_2024/checkpoints_corrected/Finland_Aktia_Pankki_2024_45cc7d5cb88f.json,11,2.0,2,0,0.0,0.0,0.0,0.0,0.0,0.0
finland,2024,Aktia Pankki,evaluations/reruns/country_year_classification_20260630_211343/finland_2024/checkpoints_corrected/Finland_Aktia_Pankki_2024_45cc7d5cb88f.json,12,5.0,34,34,5.0,0.0,0.0,170.0,5.0,0.42735042735042733
finland,2024,Aktia Pankki,evaluations/reruns/country_year_classification_20260630_211343/finland_2024/checkpoints_corrected/Finland_Aktia_Pankki_2024_45cc7d5cb88f.json,13,5.0,41,41,5.0,0.0,0.0,205.0,5.0,0.42735042735042733
finland,2024,Aktia Pankki,evaluations/reruns/country_year_classification_20260630_211343/finland_2024/checkpoints_corrected/Finland_Aktia_Pankki_2024_45cc7d5cb88f.json,14,4.0,9,9,4.0,0.0,0.0,36.0,4.0,0.3418803418803419
finland,2024,Aktia Pankki,evaluations/reruns/country_year_classification_20260630_211343/finland_2024/checkpoints_corrected/Finland_Aktia_Pankki_2024_45cc7d5cb88f.json,15,5.0,21,21,5.0,0.0,0.0,105.0,5.0,0.42735042735042733
finland,2024,Aktia Pankki,evaluations/reruns/country_year_classification_20260630_211343/finland_2024/checkpoints_corrected/Finland_Aktia_Pankki_2024_45cc7d5cb88f.json,16,4.0,18,18,4.0,0.0,0.0,72.0,4.0,0.3418803418803419
finland,2024,Aktia Pankki,evaluations/reruns/country_year_classification_20260630_211343/finland_2024/checkpoints_corrected/Finland_Aktia_Pankki_2024_45cc7d5cb88f.json,17,3.0,12,12,3.0,0.0,0.0,36.0,3.0,0.2564102564102564
finland,2024,Alisa Pankki,evaluations/reruns/country_year_classification_20260630_211343/finland_2024/checkpoints_corrected/Finland_Alisa_Pankki_2024_dcb84f716d33.json,1,2.0,1,0,0.0,0.0,0.0,0.0,0.0,0.0
finland,2024,Alisa Pankki,evaluations/reruns/country_year_classification_20260630_211343/finland_2024/checkpoints_corrected/Finland_Alisa_Pankki_2024_dcb84f716d33.json,2,0.0,0,0,0.0,0.0,0.0,0.0,0.0,0.0
finland,2024,Alisa Pankki,evaluations/reruns/country_year_classification_20260630_211343/finland_2024/checkpoints_corrected/Finland_Alisa_Pankki_2024_dcb84f716d33.json,3,2.0,1,0,0.0,0.0,0.0,0.0,0.0,0.0
finland,2024,Alisa Pankki,evaluations/reruns/country_year_classification_20260630_211343/finland_2024/checkpoints_corrected/Finland_Alisa_Pankki_2024_dcb84f716d33.json,4,0.0,0,0,0.0,0.0,0.0,0.0,0.0,0.0
finland,2024,Alisa Pankki,evaluations/reruns/country_year_classification_20260630_211343/finland_2024/checkpoints_corrected/Finland_Alisa_Pankki_2024_dcb84f716d33.json,5,2.0,1,0,0.0,0.0,0.0,0.0,0.0,0.0
finland,2024,Alisa Pankki,evaluations/reruns/country_year_classification_20260630_211343/finland_2024/checkpoints_corrected/Finland_Alisa_Pankki_2024_dcb84f716d33.json,6,0.0,0,0,0.0,0.0,0.0,0.0,0.0,0.0
finland,2024,Alisa Pankki,evaluations/reruns/country_year_classification_20260630_211343/finland_2024/checkpoints_corrected/Finland_Alisa_Pankki_2024_dcb84f716d33.json,7,0.0,0,0,0.0,0.0,0.0,0.0,0.0,0.0
finland,2024,Alisa Pankki,evaluations/reruns/country_year_classification_20260630_211343/finland_2024/checkpoints_corrected/Finland_Alisa_Pankki_2024_dcb84f716d33.json,8,3.5,14,14,3.5,0.0,0.0,49.0,3.5,1.1666666666666667
finland,2024,Alisa Pankki,evaluations/reruns/country_year_classification_20260630_211343/finland_2024/checkpoints_corrected/Finland_Alisa_Pankki_2024_dcb84f716d33.json,9,4.0,9,9,4.0,0.0,0.0,36.0,4.0,1.3333333333333333
finland,2024,Alisa Pankki,evaluations/reruns/country_year_classification_20260630_211343/finland_2024/checkpoints_corrected/Finland_Alisa_Pankki_2024_dcb84f716d33.json,10,2.0,1,0,0.0,0.0,0.0,0.0,0.0,0.0
finland,2024,Alisa Pankki,evaluations/reruns/country_year_classification_20260630_211343/finland_2024/checkpoints_corrected/Finland_Alisa_Pankki_2024_dcb84f716d33.json,11,0.0,0,0,0.0,0.0,0.0,0.0,0.0,0.0
finland,2024,Alisa Pankki,evaluations/reruns/country_year_classification_20260630_211343/finland_2024/checkpoints_corrected/Finland_Alisa_Pankki_2024_dcb84f716d33.json,12,0.0,0,0,0.0,0.0,0.0,0.0,0.0,0.0
finland,2024,Alisa Pankki,evaluations/reruns/country_year_classification_20260630_211343/finland_2024/checkpoints_corrected/Finland_Alisa_Pankki_2024_dcb84f716d33.json,13,2.0,1,0,0.0,0.0,0.0,0.0,0.0,0.0
finland,2024,Alisa Pankki,evaluations/reruns/country_year_classification_20260630_211343/finland_2024/checkpoints_corrected/Finland_Alisa_Pankki_2024_dcb84f716d33.json,14,0.0,0,0,0.0,0.0,0.0,0.0,0.0,0.0
finland,2024,Alisa Pankki,evaluations/reruns/country_year_classification_20260630_211343/finland_2024/checkpoints_corrected/Finland_Alisa_Pankki_2024_dcb84f716d33.json,15,0.0,0,0,0.0,0.0,0.0,0.0,0.0,0.0
finland,2024,Alisa Pankki,evaluations/reruns/country_year_classification_20260630_211343/finland_2024/checkpoints_corrected/Finland_Alisa_Pankki_2024_dcb84f716d33.json,16,3.0,1,1,3.0,0.0,0.0,3.0,3.0,1.0
finland,2024,Alisa Pankki,evaluations/reruns/country_year_classification_20260630_211343/finland_2024/checkpoints_corrected/Finland_Alisa_Pankki_2024_dcb84f716d33.json,17,4.5,5,5,4.5,0.0,0.0,22.5,4.5,1.5
finland,2024,Bonum Pankki,evaluations/reruns/country_year_classification_20260630_211343/finland_2024/checkpoints_corrected/Finland_Bonum_Pankki_2024_69e4b2613b94.json,1,2.0,1,0,0.0,0.0,0.0,0.0,0.0,0.0
finland,2024,Bonum Pankki,evaluations/reruns/country_year_classification_20260630_211343/finland_2024/checkpoints_corrected/Finland_Bonum_Pankki_2024_69e4b2613b94.json,2,2.5,1,0,0.0,0.0,0.0,0.0,0.0,0.0
finland,2024,Bonum Pankki,evaluations/reruns/country_year_classification_20260630_211343/finland_2024/checkpoints_corrected/Finland_Bonum_Pankki_2024_69e4b2613b94.json,3,5.0,22,22,5.0,0.0,0.0,110.0,5.0,0.37037037037037035
finland,2024,Bonum Pankki,evaluations/reruns/country_year_classification_20260630_211343/finland_2024/checkpoints_corrected/Finland_Bonum_Pankki_2024_69e4b2613b94.json,4,5.0,23,23,5.0,0.0,0.0,115.0,5.0,0.37037037037037035
finland,2024,Bonum Pankki,evaluations/reruns/country_year_classification_20260630_211343/finland_2024/checkpoints_corrected/Finland_Bonum_Pankki_2024_69e4b2613b94.json,5,5.0,15,15,5.0,0.0,0.0,75.0,5.0,0.37037037037037035
finland,2024,Bonum Pankki,evaluations/reruns/country_year_classification_20260630_211343/finland_2024/checkpoints_corrected/Finland_Bonum_Pankki_2024_69e4b2613b94.json,6,5.0,12,12,5.0,0.0,0.0,60.0,5.0,0.37037037037037035
finland,2024,Bonum Pankki,evaluations/reruns/country_year_classification_20260630_211343/finland_2024/checkpoints_corrected/Finland_Bonum_Pankki_2024_69e4b2613b94.json,7,4.0,20,20,4.0,0.0,0.0,80.0,4.0,0.2962962962962963
finland,2024,Bonum Pankki,evaluations/reruns/country_year_classification_20260630_211343/finland_2024/checkpoints_corrected/Finland_Bonum_Pankki_2024_69e4b2613b94.json,8,5.0,43,43,5.0,0.0,0.0,215.0,5.0,0.37037037037037035
finland,2024,Bonum Pankki,evaluations/reruns/country_year_classification_20260630_211343/finland_2024/checkpoints_corrected/Finland_Bonum_Pankki_2024_69e4b2613b94.json,9,3.0,12,12,3.0,0.0,0.0,36.0,3.0,0.2222222222222222
finland,2024,Bonum Pankki,evaluations/reruns/country_year_classification_20260630_211343/finland_2024/checkpoints_corrected/Finland_Bonum_Pankki_2024_69e4b2613b94.json,10,5.0,23,23,5.0,0.0,0.0,115.0,5.0,0.37037037037037035
finland,2024,Bonum Pankki,evaluations/reruns/country_year_classification_20260630_211343/finland_2024/checkpoints_corrected/Finland_Bonum_Pankki_2024_69e4b2613b94.json,11,4.0,10,10,4.0,0.0,0.0,40.0,4.0,0.2962962962962963
finland,2024,Bonum Pankki,evaluations/reruns/country_year_classification_20260630_211343/finland_2024/checkpoints_corrected/Finland_Bonum_Pankki_2024_69e4b2613b94.json,12,5.0,41,41,5.0,0.0,0.0,205.0,5.0,0.37037037037037035
finland,2024,Bonum Pankki,evaluations/reruns/country_year_classification_20260630_211343/finland_2024/checkpoints_corrected/Finland_Bonum_Pankki_2024_69e4b2613b94.json,13,5.0,62,62,5.0,0.0,0.0,310.0,5.0,0.37037037037037035
finland,2024,Bonum Pankki,evaluations/reruns/country_year_classification_20260630_211343/finland_2024/checkpoints_corrected/Finland_Bonum_Pankki_2024_69e4b2613b94.json,14,4.0,10,10,4.0,0.0,0.0,40.0,4.0,0.2962962962962963
finland,2024,Bonum Pankki,evaluations/reruns/country_year_classification_20260630_211343/finland_2024/checkpoints_corrected/Finland_Bonum_Pankki_2024_69e4b2613b94.json,15,4.5,27,27,4.5,0.0,0.0,121.5,4.5,0.3333333333333333
finland,2024,Bonum Pankki,evaluations/reruns/country_year_classification_20260630_211343/finland_2024/checkpoints_corrected/Finland_Bonum_Pankki_2024_69e4b2613b94.json,16,5.0,39,39,5.0,0.0,0.0,195.0,5.0,0.37037037037037035
finland,2024,Bonum Pankki,evaluations/reruns/country_year_classification_20260630_211343/finland_2024/checkpoints_corrected/Finland_Bonum_Pankki_2024_69e4b2613b94.json,17,3.0,11,11,3.0,0.0,0.0,33.0,3.0,0.2222222222222222
finland,2024,Danske Bank,evaluations/reruns/country_year_classification_20260630_211343/finland_2024/checkpoints_corrected/Finland_Danske_Bank_2024_8381f710ffb6.json,1,4.0,7,7,4.0,0.0,0.0,28.0,4.0,0.3333333333333333
finland,2024,Danske Bank,evaluations/reruns/country_year_classification_20260630_211343/finland_2024/checkpoints_corrected/Finland_Danske_Bank_2024_8381f710ffb6.json,2,0.0,0,0,0.0,0.0,0.0,0.0,0.0,0.0
finland,2024,Danske Bank,evaluations/reruns/country_year_classification_20260630_211343/finland_2024/checkpoints_corrected/Finland_Danske_Bank_2024_8381f710ffb6.json,3,3.0,3,3,3.0,0.0,0.0,9.0,3.0,0.25
finland,2024,Danske Bank,evaluations/reruns/country_year_classification_20260630_211343/finland_2024/checkpoints_corrected/Finland_Danske_Bank_2024_8381f710ffb6.json,4,3.0,6,6,3.0,0.0,0.0,18.0,3.0,0.25
finland,2024,Danske Bank,evaluations/reruns/country_year_classification_20260630_211343/finland_2024/checkpoints_corrected/Finland_Danske_Bank_2024_8381f710ffb6.json,5,5.0,21,21,5.0,0.0,0.0,105.0,5.0,0.4166666666666667
finland,2024,Danske Bank,evaluations/reruns/country_year_classification_20260630_211343/finland_2024/checkpoints_corrected/Finland_Danske_Bank_2024_8381f710ffb6.json,6,3.0,2,2,3.0,0.0,0.0,6.0,3.0,0.25
finland,2024,Danske Bank,evaluations/reruns/country_year_classification_20260630_211343/finland_2024/checkpoints_corrected/Finland_Danske_Bank_2024_8381f710ffb6.json,7,4.0,20,20,4.0,0.0,0.0,80.0,4.0,0.3333333333333333
finland,2024,Danske Bank,evaluations/reruns/country_year_classification_20260630_211343/finland_2024/checkpoints_corrected/Finland_Danske_Bank_2024_8381f710ffb6.json,8,4.0,36,36,4.0,0.0,0.0,144.0,4.0,0.3333333333333333
finland,2024,Danske Bank,evaluations/reruns/country_year_classification_20260630_211343/finland_2024/checkpoints_corrected/Finland_Danske_Bank_2024_8381f710ffb6.json,9,4.0,17,17,4.0,0.0,0.0,68.0,4.0,0.3333333333333333
finland,2024,Danske Bank,evaluations/reruns/country_year_classification_20260630_211343/finland_2024/checkpoints_corrected/Finland_Danske_Bank_2024_8381f710ffb6.json,10,4.0,19,19,4.0,0.0,0.0,76.0,4.0,0.3333333333333333
finland,2024,Danske Bank,evaluations/reruns/country_year_classification_20260630_211343/finland_2024/checkpoints_corrected/Finland_Danske_Bank_2024_8381f710ffb6.json,11,3.0,8,8,3.0,0.0,0.0,24.0,3.0,0.25
finland,2024,Danske Bank,evaluations/reruns/country_year_classification_20260630_211343/finland_2024/checkpoints_corrected/Finland_Danske_Bank_2024_8381f710ffb6.json,12,4.0,20,20,4.0,0.0,0.0,80.0,4.0,0.3333333333333333
finland,2024,Danske Bank,evaluations/reruns/country_year_classification_20260630_211343/finland_2024/checkpoints_corrected/Finland_Danske_Bank_2024_8381f710ffb6.json,13,5.0,137,137,5.0,0.0,0.0,685.0,5.0,0.4166666666666667
finland,2024,Danske Bank,evaluations/reruns/country_year_classification_20260630_211343/finland_2024/checkpoints_corrected/Finland_Danske_Bank_2024_8381f710ffb6.json,14,3.0,7,7,3.0,0.0,0.0,21.0,3.0,0.25
finland,2024,Danske Bank,evaluations/reruns/country_year_classification_20260630_211343/finland_2024/checkpoints_corrected/Finland_Danske_Bank_2024_8381f710ffb6.json,15,4.0,27,27,4.0,0.0,0.0,108.0,4.0,0.3333333333333333
finland,2024,Danske Bank,evaluations/reruns/country_year_classification_20260630_211343/finland_2024/checkpoints_corrected/Finland_Danske_Bank_2024_8381f710ffb6.json,16,4.0,42,42,4.0,0.0,0.0,168.0,4.0,0.3333333333333333
finland,2024,Danske Bank,evaluations/reruns/country_year_classification_20260630_211343/finland_2024/checkpoints_corrected/Finland_Danske_Bank_2024_8381f710ffb6.json,17,3.0,11,11,3.0,0.0,0.0,33.0,3.0,0.25
finland,2024,Nordea Bank,evaluations/reruns/country_year_classification_20260630_211343/finland_2024/checkpoints_corrected/Finland_Nordea_Bank_2024_fc7e60246401.json,1,4.0,4,4,4.0,0.0,0.0,16.0,4.0,0.3053435114503817
finland,2024,Nordea Bank,evaluations/reruns/country_year_classification_20260630_211343/finland_2024/checkpoints_corrected/Finland_Nordea_Bank_2024_fc7e60246401.json,2,2.0,2,0,0.0,0.0,0.0,0.0,0.0,0.0
finland,2024,Nordea Bank,evaluations/reruns/country_year_classification_20260630_211343/finland_2024/checkpoints_corrected/Finland_Nordea_Bank_2024_fc7e60246401.json,3,4.0,20,20,4.0,0.0,0.0,80.0,4.0,0.3053435114503817
finland,2024,Nordea Bank,evaluations/reruns/country_year_classification_20260630_211343/finland_2024/checkpoints_corrected/Finland_Nordea_Bank_2024_fc7e60246401.json,4,4.0,11,11,4.0,0.0,0.0,44.0,4.0,0.3053435114503817
finland,2024,Nordea Bank,evaluations/reruns/country_year_classification_20260630_211343/finland_2024/checkpoints_corrected/Finland_Nordea_Bank_2024_fc7e60246401.json,5,5.0,47,47,5.0,0.0,0.0,235.0,5.0,0.3816793893129771
finland,2024,Nordea Bank,evaluations/reruns/country_year_classification_20260630_211343/finland_2024/checkpoints_corrected/Finland_Nordea_Bank_2024_fc7e60246401.json,6,4.5,25,25,4.5,0.0,0.0,112.5,4.5,0.3435114503816794
finland,2024,Nordea Bank,evaluations/reruns/country_year_classification_20260630_211343/finland_2024/checkpoints_corrected/Finland_Nordea_Bank_2024_fc7e60246401.json,7,4.0,36,36,4.0,0.0,0.0,144.0,4.0,0.3053435114503817
finland,2024,Nordea Bank,evaluations/reruns/country_year_classification_20260630_211343/finland_2024/checkpoints_corrected/Finland_Nordea_Bank_2024_fc7e60246401.json,8,5.0,51,51,5.0,0.0,0.0,255.0,5.0,0.3816793893129771
finland,2024,Nordea Bank,evaluations/reruns/country_year_classification_20260630_211343/finland_2024/checkpoints_corrected/Finland_Nordea_Bank_2024_fc7e60246401.json,9,4.0,19,19,4.0,0.0,0.0,76.0,4.0,0.3053435114503817
finland,2024,Nordea Bank,evaluations/reruns/country_year_classification_20260630_211343/finland_2024/checkpoints_corrected/Finland_Nordea_Bank_2024_fc7e60246401.json,10,4.0,31,31,4.0,0.0,0.0,124.0,4.0,0.3053435114503817
finland,2024,Nordea Bank,evaluations/reruns/country_year_classification_20260630_211343/finland_2024/checkpoints_corrected/Finland_Nordea_Bank_2024_fc7e60246401.json,11,2.0,3,0,0.0,0.0,0.0,0.0,0.0,0.0
finland,2024,Nordea Bank,evaluations/reruns/country_year_classification_20260630_211343/finland_2024/checkpoints_corrected/Finland_Nordea_Bank_2024_fc7e60246401.json,12,4.5,76,76,4.5,0.0,0.0,342.0,4.5,0.3435114503816794
finland,2024,Nordea Bank,evaluations/reruns/country_year_classification_20260630_211343/finland_2024/checkpoints_corrected/Finland_Nordea_Bank_2024_fc7e60246401.json,13,5.0,209,209,5.0,0.0,0.0,1045.0,5.0,0.3816793893129771
finland,2024,Nordea Bank,evaluations/reruns/country_year_classification_20260630_211343/finland_2024/checkpoints_corrected/Finland_Nordea_Bank_2024_fc7e60246401.json,14,4.5,36,36,4.5,0.0,0.0,162.0,4.5,0.3435114503816794
finland,2024,Nordea Bank,evaluations/reruns/country_year_classification_20260630_211343/finland_2024/checkpoints_corrected/Finland_Nordea_Bank_2024_fc7e60246401.json,15,5.0,68,68,5.0,0.0,0.0,340.0,5.0,0.3816793893129771
finland,2024,Nordea Bank,evaluations/reruns/country_year_classification_20260630_211343/finland_2024/checkpoints_corrected/Finland_Nordea_Bank_2024_fc7e60246401.json,16,5.0,51,51,5.0,0.0,0.0,255.0,5.0,0.3816793893129771
finland,2024,Nordea Bank,evaluations/reruns/country_year_classification_20260630_211343/finland_2024/checkpoints_corrected/Finland_Nordea_Bank_2024_fc7e60246401.json,17,3.0,13,13,3.0,0.0,0.0,39.0,3.0,0.22900763358778625
finland,2024,OP Yrityspankki,evaluations/reruns/country_year_classification_20260630_211343/finland_2024/checkpoints_corrected/Finland_OP_Yrityspankki_2024_69dd83a089f3.json,1,3.5,2,2,3.5,0.0,0.0,7.0,3.5,0.23809523809523808
finland,2024,OP Yrityspankki,evaluations/reruns/country_year_classification_20260630_211343/finland_2024/checkpoints_corrected/Finland_OP_Yrityspankki_2024_69dd83a089f3.json,2,3.0,3,3,3.0,0.0,0.0,9.0,3.0,0.20408163265306123
finland,2024,OP Yrityspankki,evaluations/reruns/country_year_classification_20260630_211343/finland_2024/checkpoints_corrected/Finland_OP_Yrityspankki_2024_69dd83a089f3.json,3,5.0,24,24,5.0,0.0,0.0,120.0,5.0,0.3401360544217687
finland,2024,OP Yrityspankki,evaluations/reruns/country_year_classification_20260630_211343/finland_2024/checkpoints_corrected/Finland_OP_Yrityspankki_2024_69dd83a089f3.json,4,4.5,21,21,4.5,0.0,0.0,94.5,4.5,0.30612244897959184
finland,2024,OP Yrityspankki,evaluations/reruns/country_year_classification_20260630_211343/finland_2024/checkpoints_corrected/Finland_OP_Yrityspankki_2024_69dd83a089f3.json,5,5.0,50,50,5.0,0.0,0.0,250.0,5.0,0.3401360544217687
finland,2024,OP Yrityspankki,evaluations/reruns/country_year_classification_20260630_211343/finland_2024/checkpoints_corrected/Finland_OP_Yrityspankki_2024_69dd83a089f3.json,6,4.0,44,44,4.0,0.0,0.0,176.0,4.0,0.272108843537415
finland,2024,OP Yrityspankki,evaluations/reruns/country_year_classification_20260630_211343/finland_2024/checkpoints_corrected/Finland_OP_Yrityspankki_2024_69dd83a089f3.json,7,5.0,43,43,5.0,0.0,0.0,215.0,5.0,0.3401360544217687
finland,2024,OP Yrityspankki,evaluations/reruns/country_year_classification_20260630_211343/finland_2024/checkpoints_corrected/Finland_OP_Yrityspankki_2024_69dd83a089f3.json,8,5.0,66,66,5.0,0.0,0.0,330.0,5.0,0.3401360544217687
finland,2024,OP Yrityspankki,evaluations/reruns/country_year_classification_20260630_211343/finland_2024/checkpoints_corrected/Finland_OP_Yrityspankki_2024_69dd83a089f3.json,9,4.5,41,41,4.5,0.0,0.0,184.5,4.5,0.30612244897959184
finland,2024,OP Yrityspankki,evaluations/reruns/country_year_classification_20260630_211343/finland_2024/checkpoints_corrected/Finland_OP_Yrityspankki_2024_69dd83a089f3.json,10,4.0,46,46,4.0,0.0,0.0,184.0,4.0,0.272108843537415
finland,2024,OP Yrityspankki,evaluations/reruns/country_year_classification_20260630_211343/finland_2024/checkpoints_corrected/Finland_OP_Yrityspankki_2024_69dd83a089f3.json,11,4.0,15,15,4.0,0.0,0.0,60.0,4.0,0.272108843537415
finland,2024,OP Yrityspankki,evaluations/reruns/country_year_classification_20260630_211343/finland_2024/checkpoints_corrected/Finland_OP_Yrityspankki_2024_69dd83a089f3.json,12,4.0,71,71,4.0,0.0,0.0,284.0,4.0,0.272108843537415
finland,2024,OP Yrityspankki,evaluations/reruns/country_year_classification_20260630_211343/finland_2024/checkpoints_corrected/Finland_OP_Yrityspankki_2024_69dd83a089f3.json,13,5.0,172,172,5.0,0.0,0.0,860.0,5.0,0.3401360544217687
finland,2024,OP Yrityspankki,evaluations/reruns/country_year_classification_20260630_211343/finland_2024/checkpoints_corrected/Finland_OP_Yrityspankki_2024_69dd83a089f3.json,14,4.0,44,44,4.0,0.0,0.0,176.0,4.0,0.272108843537415
finland,2024,OP Yrityspankki,evaluations/reruns/country_year_classification_20260630_211343/finland_2024/checkpoints_corrected/Finland_OP_Yrityspankki_2024_69dd83a089f3.json,15,5.0,59,59,5.0,0.0,0.0,295.0,5.0,0.3401360544217687
finland,2024,OP Yrityspankki,evaluations/reruns/country_year_classification_20260630_211343/finland_2024/checkpoints_corrected/Finland_OP_Yrityspankki_2024_69dd83a089f3.json,16,5.0,80,80,5.0,0.0,0.0,400.0,5.0,0.3401360544217687
finland,2024,OP Yrityspankki,evaluations/reruns/country_year_classification_20260630_211343/finland_2024/checkpoints_corrected/Finland_OP_Yrityspankki_2024_69dd83a089f3.json,17,3.0,17,17,3.0,0.0,0.0,51.0,3.0,0.20408163265306123
finland,2024,Oma Säästöpankki,evaluations/reruns/country_year_classification_20260630_211343/finland_2024/checkpoints_corrected/Finland_Oma_Saastopankki_2024_41c5cad0a3b3.json,1,2.5,1,0,0.0,0.0,0.0,0.0,0.0,0.0
finland,2024,Oma Säästöpankki,evaluations/reruns/country_year_classification_20260630_211343/finland_2024/checkpoints_corrected/Finland_Oma_Saastopankki_2024_41c5cad0a3b3.json,2,2.5,1,0,0.0,0.0,0.0,0.0,0.0,0.0
finland,2024,Oma Säästöpankki,evaluations/reruns/country_year_classification_20260630_211343/finland_2024/checkpoints_corrected/Finland_Oma_Saastopankki_2024_41c5cad0a3b3.json,3,4.0,25,25,4.0,6250.0,5.0,100.0,1.0,0.3389830508474576
finland,2024,Oma Säästöpankki,evaluations/reruns/country_year_classification_20260630_211343/finland_2024/checkpoints_corrected/Finland_Oma_Saastopankki_2024_41c5cad0a3b3.json,4,3.5,14,14,3.5,0.0,0.0,49.0,3.5,0.2966101694915254
finland,2024,Oma Säästöpankki,evaluations/reruns/country_year_classification_20260630_211343/finland_2024/checkpoints_corrected/Finland_Oma_Saastopankki_2024_41c5cad0a3b3.json,5,4.0,19,19,4.0,0.0,0.0,76.0,4.0,0.3389830508474576
finland,2024,Oma Säästöpankki,evaluations/reruns/country_year_classification_20260630_211343/finland_2024/checkpoints_corrected/Finland_Oma_Saastopankki_2024_41c5cad0a3b3.json,6,4.5,11,11,4.5,0.0,0.0,49.5,4.5,0.3813559322033898
finland,2024,Oma Säästöpankki,evaluations/reruns/country_year_classification_20260630_211343/finland_2024/checkpoints_corrected/Finland_Oma_Saastopankki_2024_41c5cad0a3b3.json,7,4.5,20,20,4.5,0.0,0.0,90.0,4.5,0.3813559322033898
finland,2024,Oma Säästöpankki,evaluations/reruns/country_year_classification_20260630_211343/finland_2024/checkpoints_corrected/Finland_Oma_Saastopankki_2024_41c5cad0a3b3.json,8,5.0,33,33,5.0,0.0,0.0,165.0,5.0,0.423728813559322
finland,2024,Oma Säästöpankki,evaluations/reruns/country_year_classification_20260630_211343/finland_2024/checkpoints_corrected/Finland_Oma_Saastopankki_2024_41c5cad0a3b3.json,9,3.0,2,2,3.0,0.0,0.0,6.0,3.0,0.2542372881355932
finland,2024,Oma Säästöpankki,evaluations/reruns/country_year_classification_20260630_211343/finland_2024/checkpoints_corrected/Finland_Oma_Saastopankki_2024_41c5cad0a3b3.json,10,4.0,15,15,4.0,0.0,0.0,60.0,4.0,0.3389830508474576
finland,2024,Oma Säästöpankki,evaluations/reruns/country_year_classification_20260630_211343/finland_2024/checkpoints_corrected/Finland_Oma_Saastopankki_2024_41c5cad0a3b3.json,11,2.5,2,0,0.0,0.0,0.0,0.0,0.0,0.0
finland,2024,Oma Säästöpankki,evaluations/reruns/country_year_classification_20260630_211343/finland_2024/checkpoints_corrected/Finland_Oma_Saastopankki_2024_41c5cad0a3b3.json,12,4.5,23,23,4.5,0.0,0.0,103.5,4.5,0.3813559322033898
finland,2024,Oma Säästöpankki,evaluations/reruns/country_year_classification_20260630_211343/finland_2024/checkpoints_corrected/Finland_Oma_Saastopankki_2024_41c5cad0a3b3.json,13,5.0,67,67,5.0,0.0,0.0,335.0,5.0,0.423728813559322
finland,2024,Oma Säästöpankki,evaluations/reruns/country_year_classification_20260630_211343/finland_2024/checkpoints_corrected/Finland_Oma_Saastopankki_2024_41c5cad0a3b3.json,14,4.5,13,13,4.5,0.0,0.0,58.5,4.5,0.3813559322033898
finland,2024,Oma Säästöpankki,evaluations/reruns/country_year_classification_20260630_211343/finland_2024/checkpoints_corrected/Finland_Oma_Saastopankki_2024_41c5cad0a3b3.json,15,4.5,15,15,4.5,0.0,0.0,67.5,4.5,0.3813559322033898
finland,2024,Oma Säästöpankki,evaluations/reruns/country_year_classification_20260630_211343/finland_2024/checkpoints_corrected/Finland_Oma_Saastopankki_2024_41c5cad0a3b3.json,16,5.0,32,32,5.0,0.0,0.0,160.0,5.0,0.423728813559322
finland,2024,Oma Säästöpankki,evaluations/reruns/country_year_classification_20260630_211343/finland_2024/checkpoints_corrected/Finland_Oma_Saastopankki_2024_41c5cad0a3b3.json,17,3.0,11,11,3.0,0.0,0.0,33.0,3.0,0.2542372881355932
finland,2024,S-Pankki,evaluations/reruns/country_year_classification_20260630_211343/finland_2024/checkpoints_corrected/Finland_S_Pankki_2024_edb1095086ca.json,1,4.0,3,3,4.0,0.0,0.0,12.0,4.0,0.30303030303030304
finland,2024,S-Pankki,evaluations/reruns/country_year_classification_20260630_211343/finland_2024/checkpoints_corrected/Finland_S_Pankki_2024_edb1095086ca.json,2,4.0,1,1,4.0,0.0,0.0,4.0,4.0,0.30303030303030304
finland,2024,S-Pankki,evaluations/reruns/country_year_classification_20260630_211343/finland_2024/checkpoints_corrected/Finland_S_Pankki_2024_edb1095086ca.json,3,4.0,21,21,4.0,0.0,0.0,84.0,4.0,0.30303030303030304
finland,2024,S-Pankki,evaluations/reruns/country_year_classification_20260630_211343/finland_2024/checkpoints_corrected/Finland_S_Pankki_2024_edb1095086ca.json,4,3.0,2,2,3.0,0.0,0.0,6.0,3.0,0.22727272727272727
finland,2024,S-Pankki,evaluations/reruns/country_year_classification_20260630_211343/finland_2024/checkpoints_corrected/Finland_S_Pankki_2024_edb1095086ca.json,5,5.0,24,24,5.0,0.0,0.0,120.0,5.0,0.3787878787878788
finland,2024,S-Pankki,evaluations/reruns/country_year_classification_20260630_211343/finland_2024/checkpoints_corrected/Finland_S_Pankki_2024_edb1095086ca.json,6,3.0,4,4,3.0,0.0,0.0,12.0,3.0,0.22727272727272727
finland,2024,S-Pankki,evaluations/reruns/country_year_classification_20260630_211343/finland_2024/checkpoints_corrected/Finland_S_Pankki_2024_edb1095086ca.json,7,5.0,24,24,5.0,0.0,0.0,120.0,5.0,0.3787878787878788
finland,2024,S-Pankki,evaluations/reruns/country_year_classification_20260630_211343/finland_2024/checkpoints_corrected/Finland_S_Pankki_2024_edb1095086ca.json,8,5.0,59,59,5.0,0.0,0.0,295.0,5.0,0.3787878787878788
finland,2024,S-Pankki,evaluations/reruns/country_year_classification_20260630_211343/finland_2024/checkpoints_corrected/Finland_S_Pankki_2024_edb1095086ca.json,9,4.0,9,9,4.0,0.0,0.0,36.0,4.0,0.30303030303030304
finland,2024,S-Pankki,evaluations/reruns/country_year_classification_20260630_211343/finland_2024/checkpoints_corrected/Finland_S_Pankki_2024_edb1095086ca.json,10,4.0,29,29,4.0,0.0,0.0,116.0,4.0,0.30303030303030304
finland,2024,S-Pankki,evaluations/reruns/country_year_classification_20260630_211343/finland_2024/checkpoints_corrected/Finland_S_Pankki_2024_edb1095086ca.json,11,3.0,2,2,3.0,0.0,0.0,6.0,3.0,0.22727272727272727
finland,2024,S-Pankki,evaluations/reruns/country_year_classification_20260630_211343/finland_2024/checkpoints_corrected/Finland_S_Pankki_2024_edb1095086ca.json,12,4.0,24,24,4.0,0.0,0.0,96.0,4.0,0.30303030303030304
finland,2024,S-Pankki,evaluations/reruns/country_year_classification_20260630_211343/finland_2024/checkpoints_corrected/Finland_S_Pankki_2024_edb1095086ca.json,13,5.0,63,63,5.0,0.0,0.0,315.0,5.0,0.3787878787878788
finland,2024,S-Pankki,evaluations/reruns/country_year_classification_20260630_211343/finland_2024/checkpoints_corrected/Finland_S_Pankki_2024_edb1095086ca.json,14,3.0,4,4,3.0,0.0,0.0,12.0,3.0,0.22727272727272727
finland,2024,S-Pankki,evaluations/reruns/country_year_classification_20260630_211343/finland_2024/checkpoints_corrected/Finland_S_Pankki_2024_edb1095086ca.json,15,5.0,23,23,5.0,0.0,0.0,115.0,5.0,0.3787878787878788
finland,2024,S-Pankki,evaluations/reruns/country_year_classification_20260630_211343/finland_2024/checkpoints_corrected/Finland_S_Pankki_2024_edb1095086ca.json,16,5.0,41,41,5.0,0.0,0.0,205.0,5.0,0.3787878787878788
finland,2024,S-Pankki,evaluations/reruns/country_year_classification_20260630_211343/finland_2024/checkpoints_corrected/Finland_S_Pankki_2024_edb1095086ca.json,17,2.0,4,0,0.0,0.0,0.0,0.0,0.0,0.0
finland,2024,Suomen Asuntohypopankki,evaluations/reruns/country_year_classification_20260630_211343/finland_2024/checkpoints_corrected/Finland_Suomen_Asuntohypopankki_2024_caa23cedf328.json,1,0.0,0,0,0.0,0.0,0.0,0.0,0.0,0.0
finland,2024,Suomen Asuntohypopankki,evaluations/reruns/country_year_classification_20260630_211343/finland_2024/checkpoints_corrected/Finland_Suomen_Asuntohypopankki_2024_caa23cedf328.json,2,0.0,0,0,0.0,0.0,0.0,0.0,0.0,0.0
finland,2024,Suomen Asuntohypopankki,evaluations/reruns/country_year_classification_20260630_211343/finland_2024/checkpoints_corrected/Finland_Suomen_Asuntohypopankki_2024_caa23cedf328.json,3,0.0,0,0,0.0,0.0,0.0,0.0,0.0,0.0
finland,2024,Suomen Asuntohypopankki,evaluations/reruns/country_year_classification_20260630_211343/finland_2024/checkpoints_corrected/Finland_Suomen_Asuntohypopankki_2024_caa23cedf328.json,4,0.0,0,0,0.0,0.0,0.0,0.0,0.0,0.0
finland,2024,Suomen Asuntohypopankki,evaluations/reruns/country_year_classification_20260630_211343/finland_2024/checkpoints_corrected/Finland_Suomen_Asuntohypopankki_2024_caa23cedf328.json,5,2.0,1,0,0.0,0.0,0.0,0.0,0.0,0.0
finland,2024,Suomen Asuntohypopankki,evaluations/reruns/country_year_classification_20260630_211343/finland_2024/checkpoints_corrected/Finland_Suomen_Asuntohypopankki_2024_caa23cedf328.json,6,0.0,0,0,0.0,0.0,0.0,0.0,0.0,0.0
finland,2024,Suomen Asuntohypopankki,evaluations/reruns/country_year_classification_20260630_211343/finland_2024/checkpoints_corrected/Finland_Suomen_Asuntohypopankki_2024_caa23cedf328.json,7,4.0,5,5,4.0,0.0,0.0,20.0,4.0,0.7843137254901961
finland,2024,Suomen Asuntohypopankki,evaluations/reruns/country_year_classification_20260630_211343/finland_2024/checkpoints_corrected/Finland_Suomen_Asuntohypopankki_2024_caa23cedf328.json,8,3.0,13,13,3.0,0.0,0.0,39.0,3.0,0.5882352941176471
finland,2024,Suomen Asuntohypopankki,evaluations/reruns/country_year_classification_20260630_211343/finland_2024/checkpoints_corrected/Finland_Suomen_Asuntohypopankki_2024_caa23cedf328.json,9,3.0,5,5,3.0,0.0,0.0,15.0,3.0,0.5882352941176471
finland,2024,Suomen Asuntohypopankki,evaluations/reruns/country_year_classification_20260630_211343/finland_2024/checkpoints_corrected/Finland_Suomen_Asuntohypopankki_2024_caa23cedf328.json,10,0.0,0,0,0.0,0.0,0.0,0.0,0.0,0.0
finland,2024,Suomen Asuntohypopankki,evaluations/reruns/country_year_classification_20260630_211343/finland_2024/checkpoints_corrected/Finland_Suomen_Asuntohypopankki_2024_caa23cedf328.json,11,4.5,18,18,4.5,0.0,0.0,81.0,4.5,0.8823529411764706
finland,2024,Suomen Asuntohypopankki,evaluations/reruns/country_year_classification_20260630_211343/finland_2024/checkpoints_corrected/Finland_Suomen_Asuntohypopankki_2024_caa23cedf328.json,12,3.0,2,2,3.0,0.0,0.0,6.0,3.0,0.5882352941176471
finland,2024,Suomen Asuntohypopankki,evaluations/reruns/country_year_classification_20260630_211343/finland_2024/checkpoints_corrected/Finland_Suomen_Asuntohypopankki_2024_caa23cedf328.json,13,5.0,9,9,5.0,0.0,0.0,45.0,5.0,0.9803921568627451
finland,2024,Suomen Asuntohypopankki,evaluations/reruns/country_year_classification_20260630_211343/finland_2024/checkpoints_corrected/Finland_Suomen_Asuntohypopankki_2024_caa23cedf328.json,14,1.0,1,0,0.0,0.0,0.0,0.0,0.0,0.0
finland,2024,Suomen Asuntohypopankki,evaluations/reruns/country_year_classification_20260630_211343/finland_2024/checkpoints_corrected/Finland_Suomen_Asuntohypopankki_2024_caa23cedf328.json,15,1.0,1,0,0.0,0.0,0.0,0.0,0.0,0.0
finland,2024,Suomen Asuntohypopankki,evaluations/reruns/country_year_classification_20260630_211343/finland_2024/checkpoints_corrected/Finland_Suomen_Asuntohypopankki_2024_caa23cedf328.json,16,3.0,2,2,3.0,0.0,0.0,6.0,3.0,0.5882352941176471
finland,2024,Suomen Asuntohypopankki,evaluations/reruns/country_year_classification_20260630_211343/finland_2024/checkpoints_corrected/Finland_Suomen_Asuntohypopankki_2024_caa23cedf328.json,17,2.0,1,0,0.0,0.0,0.0,0.0,0.0,0.0
finland,2024,Säästöpankkien Keskuspankki,evaluations/reruns/country_year_classification_20260630_211343/finland_2024/checkpoints_corrected/Finland_Saastopankkien_Keskuspankki_2024_abc05fa2a92e.json,1,4.0,13,13,4.0,0.0,0.0,52.0,4.0,0.2962962962962963
finland,2024,Säästöpankkien Keskuspankki,evaluations/reruns/country_year_classification_20260630_211343/finland_2024/checkpoints_corrected/Finland_Saastopankkien_Keskuspankki_2024_abc05fa2a92e.json,2,3.0,1,1,3.0,0.0,0.0,3.0,3.0,0.2222222222222222
finland,2024,Säästöpankkien Keskuspankki,evaluations/reruns/country_year_classification_20260630_211343/finland_2024/checkpoints_corrected/Finland_Saastopankkien_Keskuspankki_2024_abc05fa2a92e.json,3,4.0,15,15,4.0,0.0,0.0,60.0,4.0,0.2962962962962963
finland,2024,Säästöpankkien Keskuspankki,evaluations/reruns/country_year_classification_20260630_211343/finland_2024/checkpoints_corrected/Finland_Saastopankkien_Keskuspankki_2024_abc05fa2a92e.json,4,3.0,14,14,3.0,0.0,0.0,42.0,3.0,0.2222222222222222
finland,2024,Säästöpankkien Keskuspankki,evaluations/reruns/country_year_classification_20260630_211343/finland_2024/checkpoints_corrected/Finland_Saastopankkien_Keskuspankki_2024_abc05fa2a92e.json,5,4.0,17,17,4.0,0.0,0.0,68.0,4.0,0.2962962962962963
finland,2024,Säästöpankkien Keskuspankki,evaluations/reruns/country_year_classification_20260630_211343/finland_2024/checkpoints_corrected/Finland_Saastopankkien_Keskuspankki_2024_abc05fa2a92e.json,6,4.5,9,9,4.5,0.0,0.0,40.5,4.5,0.3333333333333333
finland,2024,Säästöpankkien Keskuspankki,evaluations/reruns/country_year_classification_20260630_211343/finland_2024/checkpoints_corrected/Finland_Saastopankkien_Keskuspankki_2024_abc05fa2a92e.json,7,4.5,27,27,4.5,0.0,0.0,121.5,4.5,0.3333333333333333
finland,2024,Säästöpankkien Keskuspankki,evaluations/reruns/country_year_classification_20260630_211343/finland_2024/checkpoints_corrected/Finland_Saastopankkien_Keskuspankki_2024_abc05fa2a92e.json,8,5.0,40,40,5.0,0.0,0.0,200.0,5.0,0.37037037037037035
finland,2024,Säästöpankkien Keskuspankki,evaluations/reruns/country_year_classification_20260630_211343/finland_2024/checkpoints_corrected/Finland_Saastopankkien_Keskuspankki_2024_abc05fa2a92e.json,9,4.0,24,24,4.0,0.0,0.0,96.0,4.0,0.2962962962962963
finland,2024,Säästöpankkien Keskuspankki,evaluations/reruns/country_year_classification_20260630_211343/finland_2024/checkpoints_corrected/Finland_Saastopankkien_Keskuspankki_2024_abc05fa2a92e.json,10,4.0,15,15,4.0,0.0,0.0,60.0,4.0,0.2962962962962963
finland,2024,Säästöpankkien Keskuspankki,evaluations/reruns/country_year_classification_20260630_211343/finland_2024/checkpoints_corrected/Finland_Saastopankkien_Keskuspankki_2024_abc05fa2a92e.json,11,4.0,9,9,4.0,0.0,0.0,36.0,4.0,0.2962962962962963
finland,2024,Säästöpankkien Keskuspankki,evaluations/reruns/country_year_classification_20260630_211343/finland_2024/checkpoints_corrected/Finland_Saastopankkien_Keskuspankki_2024_abc05fa2a92e.json,12,4.5,23,23,4.5,0.0,0.0,103.5,4.5,0.3333333333333333
finland,2024,Säästöpankkien Keskuspankki,evaluations/reruns/country_year_classification_20260630_211343/finland_2024/checkpoints_corrected/Finland_Saastopankkien_Keskuspankki_2024_abc05fa2a92e.json,13,5.0,58,58,5.0,0.0,0.0,290.0,5.0,0.37037037037037035
finland,2024,Säästöpankkien Keskuspankki,evaluations/reruns/country_year_classification_20260630_211343/finland_2024/checkpoints_corrected/Finland_Saastopankkien_Keskuspankki_2024_abc05fa2a92e.json,14,4.5,7,7,4.5,0.0,0.0,31.5,4.5,0.3333333333333333
finland,2024,Säästöpankkien Keskuspankki,evaluations/reruns/country_year_classification_20260630_211343/finland_2024/checkpoints_corrected/Finland_Saastopankkien_Keskuspankki_2024_abc05fa2a92e.json,15,4.5,9,9,4.5,0.0,0.0,40.5,4.5,0.3333333333333333
finland,2024,Säästöpankkien Keskuspankki,evaluations/reruns/country_year_classification_20260630_211343/finland_2024/checkpoints_corrected/Finland_Saastopankkien_Keskuspankki_2024_abc05fa2a92e.json,16,5.0,56,56,5.0,0.0,0.0,280.0,5.0,0.37037037037037035
finland,2024,Säästöpankkien Keskuspankki,evaluations/reruns/country_year_classification_20260630_211343/finland_2024/checkpoints_corrected/Finland_Saastopankkien_Keskuspankki_2024_abc05fa2a92e.json,17,2.0,8,0,0.0,0.0,0.0,0.0,0.0,0.0
finland,2024,Ålandsbanken,evaluations/reruns/country_year_classification_20260630_211343/finland_2024/checkpoints_corrected/Finland_Alandsbanken_2024_9655fef12275.json,1,2.0,1,0,0.0,0.0,0.0,0.0,0.0,0.0
finland,2024,Ålandsbanken,evaluations/reruns/country_year_classification_20260630_211343/finland_2024/checkpoints_corrected/Finland_Alandsbanken_2024_9655fef12275.json,2,2.0,1,0,0.0,0.0,0.0,0.0,0.0,0.0
finland,2024,Ålandsbanken,evaluations/reruns/country_year_classification_20260630_211343/finland_2024/checkpoints_corrected/Finland_Alandsbanken_2024_9655fef12275.json,3,4.0,16,16,4.0,0.0,0.0,64.0,4.0,0.37735849056603776
finland,2024,Ålandsbanken,evaluations/reruns/country_year_classification_20260630_211343/finland_2024/checkpoints_corrected/Finland_Alandsbanken_2024_9655fef12275.json,4,3.0,10,10,3.0,0.0,0.0,30.0,3.0,0.2830188679245283
finland,2024,Ålandsbanken,evaluations/reruns/country_year_classification_20260630_211343/finland_2024/checkpoints_corrected/Finland_Alandsbanken_2024_9655fef12275.json,5,4.0,17,17,4.0,0.0,0.0,68.0,4.0,0.37735849056603776
finland,2024,Ålandsbanken,evaluations/reruns/country_year_classification_20260630_211343/finland_2024/checkpoints_corrected/Finland_Alandsbanken_2024_9655fef12275.json,6,4.0,28,28,4.0,0.0,0.0,112.0,4.0,0.37735849056603776
finland,2024,Ålandsbanken,evaluations/reruns/country_year_classification_20260630_211343/finland_2024/checkpoints_corrected/Finland_Alandsbanken_2024_9655fef12275.json,7,4.0,34,34,4.0,0.0,0.0,136.0,4.0,0.37735849056603776
finland,2024,Ålandsbanken,evaluations/reruns/country_year_classification_20260630_211343/finland_2024/checkpoints_corrected/Finland_Alandsbanken_2024_9655fef12275.json,8,5.0,44,44,5.0,0.0,0.0,220.0,5.0,0.4716981132075472
finland,2024,Ålandsbanken,evaluations/reruns/country_year_classification_20260630_211343/finland_2024/checkpoints_corrected/Finland_Alandsbanken_2024_9655fef12275.json,9,2.5,4,0,0.0,0.0,0.0,0.0,0.0,0.0
finland,2024,Ålandsbanken,evaluations/reruns/country_year_classification_20260630_211343/finland_2024/checkpoints_corrected/Finland_Alandsbanken_2024_9655fef12275.json,10,3.0,11,11,3.0,0.0,0.0,33.0,3.0,0.2830188679245283
finland,2024,Ålandsbanken,evaluations/reruns/country_year_classification_20260630_211343/finland_2024/checkpoints_corrected/Finland_Alandsbanken_2024_9655fef12275.json,11,3.0,11,11,3.0,0.0,0.0,33.0,3.0,0.2830188679245283
finland,2024,Ålandsbanken,evaluations/reruns/country_year_classification_20260630_211343/finland_2024/checkpoints_corrected/Finland_Alandsbanken_2024_9655fef12275.json,12,4.5,57,57,4.5,0.0,0.0,256.5,4.5,0.42452830188679247
finland,2024,Ålandsbanken,evaluations/reruns/country_year_classification_20260630_211343/finland_2024/checkpoints_corrected/Finland_Alandsbanken_2024_9655fef12275.json,13,5.0,137,137,5.0,0.0,0.0,685.0,5.0,0.4716981132075472
finland,2024,Ålandsbanken,evaluations/reruns/country_year_classification_20260630_211343/finland_2024/checkpoints_corrected/Finland_Alandsbanken_2024_9655fef12275.json,14,4.5,32,32,4.5,0.0,0.0,144.0,4.5,0.42452830188679247
finland,2024,Ålandsbanken,evaluations/reruns/country_year_classification_20260630_211343/finland_2024/checkpoints_corrected/Finland_Alandsbanken_2024_9655fef12275.json,15,4.0,25,25,4.0,0.0,0.0,100.0,4.0,0.37735849056603776
finland,2024,Ålandsbanken,evaluations/reruns/country_year_classification_20260630_211343/finland_2024/checkpoints_corrected/Finland_Alandsbanken_2024_9655fef12275.json,16,5.0,40,40,5.0,0.0,0.0,200.0,5.0,0.4716981132075472
finland,2024,Ålandsbanken,evaluations/reruns/country_year_classification_20260630_211343/finland_2024/checkpoints_corrected/Finland_Alandsbanken_2024_9655fef12275.json,17,2.0,6,0,0.0,0.0,0.0,0.0,0.0,0.0
ukraine,2019,A-bank,evaluations/reruns/country_year_classification_20260630_211343/ukraine_2019/checkpoints_corrected/Ukraine_A_bank_2019_5e556d579c8c.json,1,0.0,0,0,0.0,0.0,0.0,0.0,0.0,0.0
ukraine,2019,A-bank,evaluations/reruns/country_year_classification_20260630_211343/ukraine_2019/checkpoints_corrected/Ukraine_A_bank_2019_5e556d579c8c.json,2,0.0,0,0,0.0,0.0,0.0,0.0,0.0,0.0
ukraine,2019,A-bank,evaluations/reruns/country_year_classification_20260630_211343/ukraine_2019/checkpoints_corrected/Ukraine_A_bank_2019_5e556d579c8c.json,3,2.0,4,0,0.0,0.0,0.0,0.0,0.0,0.0
ukraine,2019,A-bank,evaluations/reruns/country_year_classification_20260630_211343/ukraine_2019/checkpoints_corrected/Ukraine_A_bank_2019_5e556d579c8c.json,4,1.0,1,0,0.0,0.0,0.0,0.0,0.0,0.0
ukraine,2019,A-bank,evaluations/reruns/country_year_classification_20260630_211343/ukraine_2019/checkpoints_corrected/Ukraine_A_bank_2019_5e556d579c8c.json,5,0.0,0,0,0.0,0.0,0.0,0.0,0.0,0.0
ukraine,2019,A-bank,evaluations/reruns/country_year_classification_20260630_211343/ukraine_2019/checkpoints_corrected/Ukraine_A_bank_2019_5e556d579c8c.json,6,0.0,0,0,0.0,0.0,0.0,0.0,0.0,0.0
ukraine,2019,A-bank,evaluations/reruns/country_year_classification_20260630_211343/ukraine_2019/checkpoints_corrected/Ukraine_A_bank_2019_5e556d579c8c.json,7,0.0,0,0,0.0,0.0,0.0,0.0,0.0,0.0
ukraine,2019,A-bank,evaluations/reruns/country_year_classification_20260630_211343/ukraine_2019/checkpoints_corrected/Ukraine_A_bank_2019_5e556d579c8c.json,8,4.0,18,18,4.0,0.0,0.0,72.0,4.0,1.6666666666666667
ukraine,2019,A-bank,evaluations/reruns/country_year_classification_20260630_211343/ukraine_2019/checkpoints_corrected/Ukraine_A_bank_2019_5e556d579c8c.json,9,3.0,9,9,3.0,0.0,0.0,27.0,3.0,1.25
ukraine,2019,A-bank,evaluations/reruns/country_year_classification_20260630_211343/ukraine_2019/checkpoints_corrected/Ukraine_A_bank_2019_5e556d579c8c.json,10,0.0,0,0,0.0,0.0,0.0,0.0,0.0,0.0
ukraine,2019,A-bank,evaluations/reruns/country_year_classification_20260630_211343/ukraine_2019/checkpoints_corrected/Ukraine_A_bank_2019_5e556d579c8c.json,11,0.0,0,0,0.0,0.0,0.0,0.0,0.0,0.0
ukraine,2019,A-bank,evaluations/reruns/country_year_classification_20260630_211343/ukraine_2019/checkpoints_corrected/Ukraine_A_bank_2019_5e556d579c8c.json,12,0.0,0,0,0.0,0.0,0.0,0.0,0.0,0.0
ukraine,2019,A-bank,evaluations/reruns/country_year_classification_20260630_211343/ukraine_2019/checkpoints_corrected/Ukraine_A_bank_2019_5e556d579c8c.json,13,0.0,0,0,0.0,0.0,0.0,0.0,0.0,0.0
ukraine,2019,A-bank,evaluations/reruns/country_year_classification_20260630_211343/ukraine_2019/checkpoints_corrected/Ukraine_A_bank_2019_5e556d579c8c.json,14,0.0,0,0,0.0,0.0,0.0,0.0,0.0,0.0
ukraine,2019,A-bank,evaluations/reruns/country_year_classification_20260630_211343/ukraine_2019/checkpoints_corrected/Ukraine_A_bank_2019_5e556d579c8c.json,15,0.0,0,0,0.0,0.0,0.0,0.0,0.0,0.0
ukraine,2019,A-bank,evaluations/reruns/country_year_classification_20260630_211343/ukraine_2019/checkpoints_corrected/Ukraine_A_bank_2019_5e556d579c8c.json,16,5.0,31,31,5.0,0.0,0.0,155.0,5.0,2.0833333333333335
ukraine,2019,A-bank,evaluations/reruns/country_year_classification_20260630_211343/ukraine_2019/checkpoints_corrected/Ukraine_A_bank_2019_5e556d579c8c.json,17,1.0,2,0,0.0,0.0,0.0,0.0,0.0,0.0
ukraine,2019,Credit Agricole Bank,evaluations/reruns/country_year_classification_20260630_211343/ukraine_2019/checkpoints_corrected/Ukraine_Credit_Agricole_Bank_2019_ac5beaa76657.json,1,0.0,0,0,0.0,0.0,0.0,0.0,0.0,0.0
ukraine,2019,Credit Agricole Bank,evaluations/reruns/country_year_classification_20260630_211343/ukraine_2019/checkpoints_corrected/Ukraine_Credit_Agricole_Bank_2019_ac5beaa76657.json,2,4.0,4,4,4.0,0.0,0.0,16.0,4.0,0.5555555555555556
ukraine,2019,Credit Agricole Bank,evaluations/reruns/country_year_classification_20260630_211343/ukraine_2019/checkpoints_corrected/Ukraine_Credit_Agricole_Bank_2019_ac5beaa76657.json,3,4.0,9,9,4.0,0.0,0.0,36.0,4.0,0.5555555555555556
ukraine,2019,Credit Agricole Bank,evaluations/reruns/country_year_classification_20260630_211343/ukraine_2019/checkpoints_corrected/Ukraine_Credit_Agricole_Bank_2019_ac5beaa76657.json,4,3.0,2,2,3.0,0.0,0.0,6.0,3.0,0.4166666666666667
ukraine,2019,Credit Agricole Bank,evaluations/reruns/country_year_classification_20260630_211343/ukraine_2019/checkpoints_corrected/Ukraine_Credit_Agricole_Bank_2019_ac5beaa76657.json,5,4.0,3,3,4.0,0.0,0.0,12.0,4.0,0.5555555555555556
ukraine,2019,Credit Agricole Bank,evaluations/reruns/country_year_classification_20260630_211343/ukraine_2019/checkpoints_corrected/Ukraine_Credit_Agricole_Bank_2019_ac5beaa76657.json,6,0.0,0,0,0.0,0.0,0.0,0.0,0.0,0.0
ukraine,2019,Credit Agricole Bank,evaluations/reruns/country_year_classification_20260630_211343/ukraine_2019/checkpoints_corrected/Ukraine_Credit_Agricole_Bank_2019_ac5beaa76657.json,7,4.0,7,7,4.0,0.0,0.0,28.0,4.0,0.5555555555555556
ukraine,2019,Credit Agricole Bank,evaluations/reruns/country_year_classification_20260630_211343/ukraine_2019/checkpoints_corrected/Ukraine_Credit_Agricole_Bank_2019_ac5beaa76657.json,8,4.0,5,5,4.0,0.0,0.0,20.0,4.0,0.5555555555555556
ukraine,2019,Credit Agricole Bank,evaluations/reruns/country_year_classification_20260630_211343/ukraine_2019/checkpoints_corrected/Ukraine_Credit_Agricole_Bank_2019_ac5beaa76657.json,9,2.0,2,0,0.0,0.0,0.0,0.0,0.0,0.0
ukraine,2019,Credit Agricole Bank,evaluations/reruns/country_year_classification_20260630_211343/ukraine_2019/checkpoints_corrected/Ukraine_Credit_Agricole_Bank_2019_ac5beaa76657.json,10,3.0,5,5,3.0,0.0,0.0,15.0,3.0,0.4166666666666667
ukraine,2019,Credit Agricole Bank,evaluations/reruns/country_year_classification_20260630_211343/ukraine_2019/checkpoints_corrected/Ukraine_Credit_Agricole_Bank_2019_ac5beaa76657.json,11,0.0,0,0,0.0,0.0,0.0,0.0,0.0,0.0
ukraine,2019,Credit Agricole Bank,evaluations/reruns/country_year_classification_20260630_211343/ukraine_2019/checkpoints_corrected/Ukraine_Credit_Agricole_Bank_2019_ac5beaa76657.json,12,3.0,3,3,3.0,0.0,0.0,9.0,3.0,0.4166666666666667
ukraine,2019,Credit Agricole Bank,evaluations/reruns/country_year_classification_20260630_211343/ukraine_2019/checkpoints_corrected/Ukraine_Credit_Agricole_Bank_2019_ac5beaa76657.json,13,4.0,7,7,4.0,0.0,0.0,28.0,4.0,0.5555555555555556
ukraine,2019,Credit Agricole Bank,evaluations/reruns/country_year_classification_20260630_211343/ukraine_2019/checkpoints_corrected/Ukraine_Credit_Agricole_Bank_2019_ac5beaa76657.json,14,0.0,0,0,0.0,0.0,0.0,0.0,0.0,0.0
ukraine,2019,Credit Agricole Bank,evaluations/reruns/country_year_classification_20260630_211343/ukraine_2019/checkpoints_corrected/Ukraine_Credit_Agricole_Bank_2019_ac5beaa76657.json,15,2.0,1,0,0.0,0.0,0.0,0.0,0.0,0.0
ukraine,2019,Credit Agricole Bank,evaluations/reruns/country_year_classification_20260630_211343/ukraine_2019/checkpoints_corrected/Ukraine_Credit_Agricole_Bank_2019_ac5beaa76657.json,16,3.0,4,4,3.0,0.0,0.0,12.0,3.0,0.4166666666666667
ukraine,2019,Credit Agricole Bank,evaluations/reruns/country_year_classification_20260630_211343/ukraine_2019/checkpoints_corrected/Ukraine_Credit_Agricole_Bank_2019_ac5beaa76657.json,17,2.0,3,0,0.0,0.0,0.0,0.0,0.0,0.0
ukraine,2019,Credobank,evaluations/reruns/country_year_classification_20260630_211343/ukraine_2019/checkpoints_corrected/Ukraine_Credobank_2019_3e9f9d42f532.json,1,0.0,0,0,0.0,0.0,0.0,0.0,0.0,0.0
ukraine,2019,Credobank,evaluations/reruns/country_year_classification_20260630_211343/ukraine_2019/checkpoints_corrected/Ukraine_Credobank_2019_3e9f9d42f532.json,2,0.0,0,0,0.0,0.0,0.0,0.0,0.0,0.0
ukraine,2019,Credobank,evaluations/reruns/country_year_classification_20260630_211343/ukraine_2019/checkpoints_corrected/Ukraine_Credobank_2019_3e9f9d42f532.json,3,0.0,0,0,0.0,0.0,0.0,0.0,0.0,0.0
ukraine,2019,Credobank,evaluations/reruns/country_year_classification_20260630_211343/ukraine_2019/checkpoints_corrected/Ukraine_Credobank_2019_3e9f9d42f532.json,4,2.0,1,0,0.0,0.0,0.0,0.0,0.0,0.0
ukraine,2019,Credobank,evaluations/reruns/country_year_classification_20260630_211343/ukraine_2019/checkpoints_corrected/Ukraine_Credobank_2019_3e9f9d42f532.json,5,3.0,2,2,3.0,0.0,0.0,6.0,3.0,0.7142857142857143
ukraine,2019,Credobank,evaluations/reruns/country_year_classification_20260630_211343/ukraine_2019/checkpoints_corrected/Ukraine_Credobank_2019_3e9f9d42f532.json,6,1.0,1,0,0.0,0.0,0.0,0.0,0.0,0.0
ukraine,2019,Credobank,evaluations/reruns/country_year_classification_20260630_211343/ukraine_2019/checkpoints_corrected/Ukraine_Credobank_2019_3e9f9d42f532.json,7,2.0,2,0,0.0,0.0,0.0,0.0,0.0,0.0
ukraine,2019,Credobank,evaluations/reruns/country_year_classification_20260630_211343/ukraine_2019/checkpoints_corrected/Ukraine_Credobank_2019_3e9f9d42f532.json,8,4.0,8,8,4.0,0.0,0.0,32.0,4.0,0.9523809523809523
ukraine,2019,Credobank,evaluations/reruns/country_year_classification_20260630_211343/ukraine_2019/checkpoints_corrected/Ukraine_Credobank_2019_3e9f9d42f532.json,9,3.0,5,5,3.0,0.0,0.0,15.0,3.0,0.7142857142857143
ukraine,2019,Credobank,evaluations/reruns/country_year_classification_20260630_211343/ukraine_2019/checkpoints_corrected/Ukraine_Credobank_2019_3e9f9d42f532.json,10,3.0,2,2,3.0,0.0,0.0,6.0,3.0,0.7142857142857143
ukraine,2019,Credobank,evaluations/reruns/country_year_classification_20260630_211343/ukraine_2019/checkpoints_corrected/Ukraine_Credobank_2019_3e9f9d42f532.json,11,0.0,0,0,0.0,0.0,0.0,0.0,0.0,0.0
ukraine,2019,Credobank,evaluations/reruns/country_year_classification_20260630_211343/ukraine_2019/checkpoints_corrected/Ukraine_Credobank_2019_3e9f9d42f532.json,12,3.0,2,2,3.0,0.0,0.0,6.0,3.0,0.7142857142857143
ukraine,2019,Credobank,evaluations/reruns/country_year_classification_20260630_211343/ukraine_2019/checkpoints_corrected/Ukraine_Credobank_2019_3e9f9d42f532.json,13,2.0,1,0,0.0,0.0,0.0,0.0,0.0,0.0
ukraine,2019,Credobank,evaluations/reruns/country_year_classification_20260630_211343/ukraine_2019/checkpoints_corrected/Ukraine_Credobank_2019_3e9f9d42f532.json,14,0.0,0,0,0.0,0.0,0.0,0.0,0.0,0.0
ukraine,2019,Credobank,evaluations/reruns/country_year_classification_20260630_211343/ukraine_2019/checkpoints_corrected/Ukraine_Credobank_2019_3e9f9d42f532.json,15,0.0,0,0,0.0,0.0,0.0,0.0,0.0,0.0
ukraine,2019,Credobank,evaluations/reruns/country_year_classification_20260630_211343/ukraine_2019/checkpoints_corrected/Ukraine_Credobank_2019_3e9f9d42f532.json,16,5.0,19,19,5.0,0.0,0.0,95.0,5.0,1.1904761904761905
ukraine,2019,Credobank,evaluations/reruns/country_year_classification_20260630_211343/ukraine_2019/checkpoints_corrected/Ukraine_Credobank_2019_3e9f9d42f532.json,17,2.0,2,0,0.0,0.0,0.0,0.0,0.0,0.0
ukraine,2019,FUIB,evaluations/reruns/country_year_classification_20260630_211343/ukraine_2019/checkpoints_corrected/Ukraine_FUIB_2019_94567fa78d45.json,1,0.0,0,0,0.0,0.0,0.0,0.0,0.0,0.0
ukraine,2019,FUIB,evaluations/reruns/country_year_classification_20260630_211343/ukraine_2019/checkpoints_corrected/Ukraine_FUIB_2019_94567fa78d45.json,2,0.0,0,0,0.0,0.0,0.0,0.0,0.0,0.0
ukraine,2019,FUIB,evaluations/reruns/country_year_classification_20260630_211343/ukraine_2019/checkpoints_corrected/Ukraine_FUIB_2019_94567fa78d45.json,3,3.0,4,4,3.0,0.0,0.0,12.0,3.0,0.625
ukraine,2019,FUIB,evaluations/reruns/country_year_classification_20260630_211343/ukraine_2019/checkpoints_corrected/Ukraine_FUIB_2019_94567fa78d45.json,4,3.0,5,5,3.0,0.0,0.0,15.0,3.0,0.625
ukraine,2019,FUIB,evaluations/reruns/country_year_classification_20260630_211343/ukraine_2019/checkpoints_corrected/Ukraine_FUIB_2019_94567fa78d45.json,5,2.0,1,0,0.0,0.0,0.0,0.0,0.0,0.0
ukraine,2019,FUIB,evaluations/reruns/country_year_classification_20260630_211343/ukraine_2019/checkpoints_corrected/Ukraine_FUIB_2019_94567fa78d45.json,6,0.0,0,0,0.0,0.0,0.0,0.0,0.0,0.0
ukraine,2019,FUIB,evaluations/reruns/country_year_classification_20260630_211343/ukraine_2019/checkpoints_corrected/Ukraine_FUIB_2019_94567fa78d45.json,7,2.0,2,0,0.0,0.0,0.0,0.0,0.0,0.0
ukraine,2019,FUIB,evaluations/reruns/country_year_classification_20260630_211343/ukraine_2019/checkpoints_corrected/Ukraine_FUIB_2019_94567fa78d45.json,8,4.0,13,13,4.0,0.0,0.0,52.0,4.0,0.8333333333333334
ukraine,2019,FUIB,evaluations/reruns/country_year_classification_20260630_211343/ukraine_2019/checkpoints_corrected/Ukraine_FUIB_2019_94567fa78d45.json,9,4.0,11,11,4.0,0.0,0.0,44.0,4.0,0.8333333333333334
ukraine,2019,FUIB,evaluations/reruns/country_year_classification_20260630_211343/ukraine_2019/checkpoints_corrected/Ukraine_FUIB_2019_94567fa78d45.json,10,2.0,1,0,0.0,0.0,0.0,0.0,0.0,0.0
ukraine,2019,FUIB,evaluations/reruns/country_year_classification_20260630_211343/ukraine_2019/checkpoints_corrected/Ukraine_FUIB_2019_94567fa78d45.json,11,0.0,0,0,0.0,0.0,0.0,0.0,0.0,0.0
ukraine,2019,FUIB,evaluations/reruns/country_year_classification_20260630_211343/ukraine_2019/checkpoints_corrected/Ukraine_FUIB_2019_94567fa78d45.json,12,3.0,5,5,3.0,0.0,0.0,15.0,3.0,0.625
ukraine,2019,FUIB,evaluations/reruns/country_year_classification_20260630_211343/ukraine_2019/checkpoints_corrected/Ukraine_FUIB_2019_94567fa78d45.json,13,3.0,3,3,3.0,0.0,0.0,9.0,3.0,0.625
ukraine,2019,FUIB,evaluations/reruns/country_year_classification_20260630_211343/ukraine_2019/checkpoints_corrected/Ukraine_FUIB_2019_94567fa78d45.json,14,0.0,0,0,0.0,0.0,0.0,0.0,0.0,0.0
ukraine,2019,FUIB,evaluations/reruns/country_year_classification_20260630_211343/ukraine_2019/checkpoints_corrected/Ukraine_FUIB_2019_94567fa78d45.json,15,0.0,0,0,0.0,0.0,0.0,0.0,0.0,0.0
ukraine,2019,FUIB,evaluations/reruns/country_year_classification_20260630_211343/ukraine_2019/checkpoints_corrected/Ukraine_FUIB_2019_94567fa78d45.json,16,4.0,25,25,4.0,0.0,0.0,100.0,4.0,0.8333333333333334
ukraine,2019,FUIB,evaluations/reruns/country_year_classification_20260630_211343/ukraine_2019/checkpoints_corrected/Ukraine_FUIB_2019_94567fa78d45.json,17,0.0,0,0,0.0,0.0,0.0,0.0,0.0,0.0
ukraine,2019,OTP Bank,evaluations/reruns/country_year_classification_20260630_211343/ukraine_2019/checkpoints_corrected/Ukraine_OTP_Bank_2019_5d1f8e6a47c1.json,1,0.0,0,0,0.0,0.0,0.0,0.0,0.0,0.0
ukraine,2019,OTP Bank,evaluations/reruns/country_year_classification_20260630_211343/ukraine_2019/checkpoints_corrected/Ukraine_OTP_Bank_2019_5d1f8e6a47c1.json,2,0.0,0,0,0.0,0.0,0.0,0.0,0.0,0.0
ukraine,2019,OTP Bank,evaluations/reruns/country_year_classification_20260630_211343/ukraine_2019/checkpoints_corrected/Ukraine_OTP_Bank_2019_5d1f8e6a47c1.json,3,0.0,0,0,0.0,0.0,0.0,0.0,0.0,0.0
ukraine,2019,OTP Bank,evaluations/reruns/country_year_classification_20260630_211343/ukraine_2019/checkpoints_corrected/Ukraine_OTP_Bank_2019_5d1f8e6a47c1.json,4,0.0,0,0,0.0,0.0,0.0,0.0,0.0,0.0
ukraine,2019,OTP Bank,evaluations/reruns/country_year_classification_20260630_211343/ukraine_2019/checkpoints_corrected/Ukraine_OTP_Bank_2019_5d1f8e6a47c1.json,5,0.0,0,0,0.0,0.0,0.0,0.0,0.0,0.0
ukraine,2019,OTP Bank,evaluations/reruns/country_year_classification_20260630_211343/ukraine_2019/checkpoints_corrected/Ukraine_OTP_Bank_2019_5d1f8e6a47c1.json,6,0.0,0,0,0.0,0.0,0.0,0.0,0.0,0.0
ukraine,2019,OTP Bank,evaluations/reruns/country_year_classification_20260630_211343/ukraine_2019/checkpoints_corrected/Ukraine_OTP_Bank_2019_5d1f8e6a47c1.json,7,0.0,0,0,0.0,0.0,0.0,0.0,0.0,0.0
ukraine,2019,OTP Bank,evaluations/reruns/country_year_classification_20260630_211343/ukraine_2019/checkpoints_corrected/Ukraine_OTP_Bank_2019_5d1f8e6a47c1.json,8,2.0,3,0,0.0,0.0,0.0,0.0,0.0,0.0
ukraine,2019,OTP Bank,evaluations/reruns/country_year_classification_20260630_211343/ukraine_2019/checkpoints_corrected/Ukraine_OTP_Bank_2019_5d1f8e6a47c1.json,9,0.0,0,0,0.0,0.0,0.0,0.0,0.0,0.0
ukraine,2019,OTP Bank,evaluations/reruns/country_year_classification_20260630_211343/ukraine_2019/checkpoints_corrected/Ukraine_OTP_Bank_2019_5d1f8e6a47c1.json,10,0.0,0,0,0.0,0.0,0.0,0.0,0.0,0.0
ukraine,2019,OTP Bank,evaluations/reruns/country_year_classification_20260630_211343/ukraine_2019/checkpoints_corrected/Ukraine_OTP_Bank_2019_5d1f8e6a47c1.json,11,0.0,0,0,0.0,0.0,0.0,0.0,0.0,0.0
ukraine,2019,OTP Bank,evaluations/reruns/country_year_classification_20260630_211343/ukraine_2019/checkpoints_corrected/Ukraine_OTP_Bank_2019_5d1f8e6a47c1.json,12,0.0,0,0,0.0,0.0,0.0,0.0,0.0,0.0
ukraine,2019,OTP Bank,evaluations/reruns/country_year_classification_20260630_211343/ukraine_2019/checkpoints_corrected/Ukraine_OTP_Bank_2019_5d1f8e6a47c1.json,13,0.0,0,0,0.0,0.0,0.0,0.0,0.0,0.0
ukraine,2019,OTP Bank,evaluations/reruns/country_year_classification_20260630_211343/ukraine_2019/checkpoints_corrected/Ukraine_OTP_Bank_2019_5d1f8e6a47c1.json,14,0.0,0,0,0.0,0.0,0.0,0.0,0.0,0.0
ukraine,2019,OTP Bank,evaluations/reruns/country_year_classification_20260630_211343/ukraine_2019/checkpoints_corrected/Ukraine_OTP_Bank_2019_5d1f8e6a47c1.json,15,0.0,0,0,0.0,0.0,0.0,0.0,0.0,0.0
ukraine,2019,OTP Bank,evaluations/reruns/country_year_classification_20260630_211343/ukraine_2019/checkpoints_corrected/Ukraine_OTP_Bank_2019_5d1f8e6a47c1.json,16,0.0,0,0,0.0,0.0,0.0,0.0,0.0,0.0
ukraine,2019,OTP Bank,evaluations/reruns/country_year_classification_20260630_211343/ukraine_2019/checkpoints_corrected/Ukraine_OTP_Bank_2019_5d1f8e6a47c1.json,17,0.0,0,0,0.0,0.0,0.0,0.0,0.0,0.0
ukraine,2019,Oschadbank,evaluations/reruns/country_year_classification_20260630_211343/ukraine_2019/checkpoints_corrected/Ukraine_Oschadbank_2019_6ce28375bf21.json,1,2.0,2,0,0.0,0.0,0.0,0.0,0.0,0.0
ukraine,2019,Oschadbank,evaluations/reruns/country_year_classification_20260630_211343/ukraine_2019/checkpoints_corrected/Ukraine_Oschadbank_2019_6ce28375bf21.json,2,2.0,1,0,0.0,0.0,0.0,0.0,0.0,0.0
ukraine,2019,Oschadbank,evaluations/reruns/country_year_classification_20260630_211343/ukraine_2019/checkpoints_corrected/Ukraine_Oschadbank_2019_6ce28375bf21.json,3,2.0,1,0,0.0,0.0,0.0,0.0,0.0,0.0
ukraine,2019,Oschadbank,evaluations/reruns/country_year_classification_20260630_211343/ukraine_2019/checkpoints_corrected/Ukraine_Oschadbank_2019_6ce28375bf21.json,4,3.0,4,4,3.0,0.0,0.0,12.0,3.0,0.5454545454545454
ukraine,2019,Oschadbank,evaluations/reruns/country_year_classification_20260630_211343/ukraine_2019/checkpoints_corrected/Ukraine_Oschadbank_2019_6ce28375bf21.json,5,0.0,0,0,0.0,0.0,0.0,0.0,0.0,0.0
ukraine,2019,Oschadbank,evaluations/reruns/country_year_classification_20260630_211343/ukraine_2019/checkpoints_corrected/Ukraine_Oschadbank_2019_6ce28375bf21.json,6,0.0,0,0,0.0,0.0,0.0,0.0,0.0,0.0
ukraine,2019,Oschadbank,evaluations/reruns/country_year_classification_20260630_211343/ukraine_2019/checkpoints_corrected/Ukraine_Oschadbank_2019_6ce28375bf21.json,7,3.0,7,7,3.0,0.0,0.0,21.0,3.0,0.5454545454545454
ukraine,2019,Oschadbank,evaluations/reruns/country_year_classification_20260630_211343/ukraine_2019/checkpoints_corrected/Ukraine_Oschadbank_2019_6ce28375bf21.json,8,4.5,12,12,4.5,0.0,0.0,54.0,4.5,0.8181818181818182
ukraine,2019,Oschadbank,evaluations/reruns/country_year_classification_20260630_211343/ukraine_2019/checkpoints_corrected/Ukraine_Oschadbank_2019_6ce28375bf21.json,9,3.0,10,10,3.0,0.0,0.0,30.0,3.0,0.5454545454545454
ukraine,2019,Oschadbank,evaluations/reruns/country_year_classification_20260630_211343/ukraine_2019/checkpoints_corrected/Ukraine_Oschadbank_2019_6ce28375bf21.json,10,4.0,4,4,4.0,0.0,0.0,16.0,4.0,0.7272727272727273
ukraine,2019,Oschadbank,evaluations/reruns/country_year_classification_20260630_211343/ukraine_2019/checkpoints_corrected/Ukraine_Oschadbank_2019_6ce28375bf21.json,11,2.0,2,0,0.0,0.0,0.0,0.0,0.0,0.0
ukraine,2019,Oschadbank,evaluations/reruns/country_year_classification_20260630_211343/ukraine_2019/checkpoints_corrected/Ukraine_Oschadbank_2019_6ce28375bf21.json,12,2.0,2,0,0.0,0.0,0.0,0.0,0.0,0.0
ukraine,2019,Oschadbank,evaluations/reruns/country_year_classification_20260630_211343/ukraine_2019/checkpoints_corrected/Ukraine_Oschadbank_2019_6ce28375bf21.json,13,3.0,5,5,3.0,0.0,0.0,15.0,3.0,0.5454545454545454
ukraine,2019,Oschadbank,evaluations/reruns/country_year_classification_20260630_211343/ukraine_2019/checkpoints_corrected/Ukraine_Oschadbank_2019_6ce28375bf21.json,14,0.0,0,0,0.0,0.0,0.0,0.0,0.0,0.0
ukraine,2019,Oschadbank,evaluations/reruns/country_year_classification_20260630_211343/ukraine_2019/checkpoints_corrected/Ukraine_Oschadbank_2019_6ce28375bf21.json,15,0.0,0,0,0.0,0.0,0.0,0.0,0.0,0.0
ukraine,2019,Oschadbank,evaluations/reruns/country_year_classification_20260630_211343/ukraine_2019/checkpoints_corrected/Ukraine_Oschadbank_2019_6ce28375bf21.json,16,4.0,10,10,4.0,0.0,0.0,40.0,4.0,0.7272727272727273
ukraine,2019,Oschadbank,evaluations/reruns/country_year_classification_20260630_211343/ukraine_2019/checkpoints_corrected/Ukraine_Oschadbank_2019_6ce28375bf21.json,17,3.0,7,7,3.0,0.0,0.0,21.0,3.0,0.5454545454545454
ukraine,2019,Pivdenny,evaluations/reruns/country_year_classification_20260630_211343/ukraine_2019/checkpoints_corrected/Ukraine_Pivdenny_2019_5b328d69941b.json,1,0.0,0,0,0.0,0.0,0.0,0.0,0.0,0.0
ukraine,2019,Pivdenny,evaluations/reruns/country_year_classification_20260630_211343/ukraine_2019/checkpoints_corrected/Ukraine_Pivdenny_2019_5b328d69941b.json,2,2.0,1,0,0.0,0.0,0.0,0.0,0.0,0.0
ukraine,2019,Pivdenny,evaluations/reruns/country_year_classification_20260630_211343/ukraine_2019/checkpoints_corrected/Ukraine_Pivdenny_2019_5b328d69941b.json,3,3.0,2,2,3.0,0.0,0.0,6.0,3.0,0.6382978723404256
ukraine,2019,Pivdenny,evaluations/reruns/country_year_classification_20260630_211343/ukraine_2019/checkpoints_corrected/Ukraine_Pivdenny_2019_5b328d69941b.json,4,4.0,5,5,4.0,0.0,0.0,20.0,4.0,0.851063829787234
ukraine,2019,Pivdenny,evaluations/reruns/country_year_classification_20260630_211343/ukraine_2019/checkpoints_corrected/Ukraine_Pivdenny_2019_5b328d69941b.json,5,2.0,1,0,0.0,0.0,0.0,0.0,0.0,0.0
ukraine,2019,Pivdenny,evaluations/reruns/country_year_classification_20260630_211343/ukraine_2019/checkpoints_corrected/Ukraine_Pivdenny_2019_5b328d69941b.json,6,2.0,1,0,0.0,0.0,0.0,0.0,0.0,0.0
ukraine,2019,Pivdenny,evaluations/reruns/country_year_classification_20260630_211343/ukraine_2019/checkpoints_corrected/Ukraine_Pivdenny_2019_5b328d69941b.json,7,2.0,1,0,0.0,0.0,0.0,0.0,0.0,0.0
ukraine,2019,Pivdenny,evaluations/reruns/country_year_classification_20260630_211343/ukraine_2019/checkpoints_corrected/Ukraine_Pivdenny_2019_5b328d69941b.json,8,5.0,16,16,5.0,0.0,0.0,80.0,5.0,1.0638297872340425
ukraine,2019,Pivdenny,evaluations/reruns/country_year_classification_20260630_211343/ukraine_2019/checkpoints_corrected/Ukraine_Pivdenny_2019_5b328d69941b.json,9,4.0,7,7,4.0,0.0,0.0,28.0,4.0,0.851063829787234
ukraine,2019,Pivdenny,evaluations/reruns/country_year_classification_20260630_211343/ukraine_2019/checkpoints_corrected/Ukraine_Pivdenny_2019_5b328d69941b.json,10,2.0,1,0,0.0,0.0,0.0,0.0,0.0,0.0
ukraine,2019,Pivdenny,evaluations/reruns/country_year_classification_20260630_211343/ukraine_2019/checkpoints_corrected/Ukraine_Pivdenny_2019_5b328d69941b.json,11,0.0,0,0,0.0,0.0,0.0,0.0,0.0,0.0
ukraine,2019,Pivdenny,evaluations/reruns/country_year_classification_20260630_211343/ukraine_2019/checkpoints_corrected/Ukraine_Pivdenny_2019_5b328d69941b.json,12,2.5,1,0,0.0,0.0,0.0,0.0,0.0,0.0
ukraine,2019,Pivdenny,evaluations/reruns/country_year_classification_20260630_211343/ukraine_2019/checkpoints_corrected/Ukraine_Pivdenny_2019_5b328d69941b.json,13,2.0,1,0,0.0,0.0,0.0,0.0,0.0,0.0
ukraine,2019,Pivdenny,evaluations/reruns/country_year_classification_20260630_211343/ukraine_2019/checkpoints_corrected/Ukraine_Pivdenny_2019_5b328d69941b.json,14,0.0,0,0,0.0,0.0,0.0,0.0,0.0,0.0
ukraine,2019,Pivdenny,evaluations/reruns/country_year_classification_20260630_211343/ukraine_2019/checkpoints_corrected/Ukraine_Pivdenny_2019_5b328d69941b.json,15,0.0,0,0,0.0,0.0,0.0,0.0,0.0,0.0
ukraine,2019,Pivdenny,evaluations/reruns/country_year_classification_20260630_211343/ukraine_2019/checkpoints_corrected/Ukraine_Pivdenny_2019_5b328d69941b.json,16,4.5,17,17,4.5,0.0,0.0,76.5,4.5,0.9574468085106383
ukraine,2019,Pivdenny,evaluations/reruns/country_year_classification_20260630_211343/ukraine_2019/checkpoints_corrected/Ukraine_Pivdenny_2019_5b328d69941b.json,17,3.0,5,5,3.0,0.0,0.0,15.0,3.0,0.6382978723404256
ukraine,2019,Privatbank,evaluations/reruns/country_year_classification_20260630_211343/ukraine_2019/checkpoints_corrected/Ukraine_Privatbank_2019_2d0336d56d5e.json,1,0.0,0,0,0.0,0.0,0.0,0.0,0.0,0.0
ukraine,2019,Privatbank,evaluations/reruns/country_year_classification_20260630_211343/ukraine_2019/checkpoints_corrected/Ukraine_Privatbank_2019_2d0336d56d5e.json,2,0.0,0,0,0.0,0.0,0.0,0.0,0.0,0.0
ukraine,2019,Privatbank,evaluations/reruns/country_year_classification_20260630_211343/ukraine_2019/checkpoints_corrected/Ukraine_Privatbank_2019_2d0336d56d5e.json,3,2.5,1,0,0.0,0.0,0.0,0.0,0.0,0.0
ukraine,2019,Privatbank,evaluations/reruns/country_year_classification_20260630_211343/ukraine_2019/checkpoints_corrected/Ukraine_Privatbank_2019_2d0336d56d5e.json,4,2.5,1,0,0.0,0.0,0.0,0.0,0.0,0.0
ukraine,2019,Privatbank,evaluations/reruns/country_year_classification_20260630_211343/ukraine_2019/checkpoints_corrected/Ukraine_Privatbank_2019_2d0336d56d5e.json,5,2.0,1,0,0.0,0.0,0.0,0.0,0.0,0.0
ukraine,2019,Privatbank,evaluations/reruns/country_year_classification_20260630_211343/ukraine_2019/checkpoints_corrected/Ukraine_Privatbank_2019_2d0336d56d5e.json,6,0.0,0,0,0.0,0.0,0.0,0.0,0.0,0.0
ukraine,2019,Privatbank,evaluations/reruns/country_year_classification_20260630_211343/ukraine_2019/checkpoints_corrected/Ukraine_Privatbank_2019_2d0336d56d5e.json,7,0.0,0,0,0.0,0.0,0.0,0.0,0.0,0.0
ukraine,2019,Privatbank,evaluations/reruns/country_year_classification_20260630_211343/ukraine_2019/checkpoints_corrected/Ukraine_Privatbank_2019_2d0336d56d5e.json,8,4.5,8,8,4.5,0.0,0.0,36.0,4.5,1.6666666666666667
ukraine,2019,Privatbank,evaluations/reruns/country_year_classification_20260630_211343/ukraine_2019/checkpoints_corrected/Ukraine_Privatbank_2019_2d0336d56d5e.json,9,2.0,4,0,0.0,0.0,0.0,0.0,0.0,0.0
ukraine,2019,Privatbank,evaluations/reruns/country_year_classification_20260630_211343/ukraine_2019/checkpoints_corrected/Ukraine_Privatbank_2019_2d0336d56d5e.json,10,4.0,3,3,4.0,0.0,0.0,12.0,4.0,1.4814814814814814
ukraine,2019,Privatbank,evaluations/reruns/country_year_classification_20260630_211343/ukraine_2019/checkpoints_corrected/Ukraine_Privatbank_2019_2d0336d56d5e.json,11,0.0,0,0,0.0,0.0,0.0,0.0,0.0,0.0
ukraine,2019,Privatbank,evaluations/reruns/country_year_classification_20260630_211343/ukraine_2019/checkpoints_corrected/Ukraine_Privatbank_2019_2d0336d56d5e.json,12,2.0,1,0,0.0,0.0,0.0,0.0,0.0,0.0
ukraine,2019,Privatbank,evaluations/reruns/country_year_classification_20260630_211343/ukraine_2019/checkpoints_corrected/Ukraine_Privatbank_2019_2d0336d56d5e.json,13,2.0,1,0,0.0,0.0,0.0,0.0,0.0,0.0
ukraine,2019,Privatbank,evaluations/reruns/country_year_classification_20260630_211343/ukraine_2019/checkpoints_corrected/Ukraine_Privatbank_2019_2d0336d56d5e.json,14,0.0,0,0,0.0,0.0,0.0,0.0,0.0,0.0
ukraine,2019,Privatbank,evaluations/reruns/country_year_classification_20260630_211343/ukraine_2019/checkpoints_corrected/Ukraine_Privatbank_2019_2d0336d56d5e.json,15,0.0,0,0,0.0,0.0,0.0,0.0,0.0,0.0
ukraine,2019,Privatbank,evaluations/reruns/country_year_classification_20260630_211343/ukraine_2019/checkpoints_corrected/Ukraine_Privatbank_2019_2d0336d56d5e.json,16,5.0,10,10,5.0,0.0,0.0,50.0,5.0,1.8518518518518519
ukraine,2019,Privatbank,evaluations/reruns/country_year_classification_20260630_211343/ukraine_2019/checkpoints_corrected/Ukraine_Privatbank_2019_2d0336d56d5e.json,17,0.0,0,0,0.0,0.0,0.0,0.0,0.0,0.0
ukraine,2019,Raiffeisen Bank JSC,evaluations/reruns/country_year_classification_20260630_211343/ukraine_2019/checkpoints_corrected/Ukraine_Raiffeisen_Bank_JSC_2019_58cec46b3401.json,1,0.0,0,0,0.0,0.0,0.0,0.0,0.0,0.0
ukraine,2019,Raiffeisen Bank JSC,evaluations/reruns/country_year_classification_20260630_211343/ukraine_2019/checkpoints_corrected/Ukraine_Raiffeisen_Bank_JSC_2019_58cec46b3401.json,2,2.0,1,0,0.0,0.0,0.0,0.0,0.0,0.0
ukraine,2019,Raiffeisen Bank JSC,evaluations/reruns/country_year_classification_20260630_211343/ukraine_2019/checkpoints_corrected/Ukraine_Raiffeisen_Bank_JSC_2019_58cec46b3401.json,3,3.0,3,3,3.0,0.0,0.0,9.0,3.0,0.6
ukraine,2019,Raiffeisen Bank JSC,evaluations/reruns/country_year_classification_20260630_211343/ukraine_2019/checkpoints_corrected/Ukraine_Raiffeisen_Bank_JSC_2019_58cec46b3401.json,4,3.5,12,12,3.5,0.0,0.0,42.0,3.5,0.7
ukraine,2019,Raiffeisen Bank JSC,evaluations/reruns/country_year_classification_20260630_211343/ukraine_2019/checkpoints_corrected/Ukraine_Raiffeisen_Bank_JSC_2019_58cec46b3401.json,5,2.0,2,0,0.0,0.0,0.0,0.0,0.0,0.0
ukraine,2019,Raiffeisen Bank JSC,evaluations/reruns/country_year_classification_20260630_211343/ukraine_2019/checkpoints_corrected/Ukraine_Raiffeisen_Bank_JSC_2019_58cec46b3401.json,6,0.0,0,0,0.0,0.0,0.0,0.0,0.0,0.0
ukraine,2019,Raiffeisen Bank JSC,evaluations/reruns/country_year_classification_20260630_211343/ukraine_2019/checkpoints_corrected/Ukraine_Raiffeisen_Bank_JSC_2019_58cec46b3401.json,7,2.0,2,0,0.0,0.0,0.0,0.0,0.0,0.0
ukraine,2019,Raiffeisen Bank JSC,evaluations/reruns/country_year_classification_20260630_211343/ukraine_2019/checkpoints_corrected/Ukraine_Raiffeisen_Bank_JSC_2019_58cec46b3401.json,8,4.0,10,10,4.0,0.0,0.0,40.0,4.0,0.8
ukraine,2019,Raiffeisen Bank JSC,evaluations/reruns/country_year_classification_20260630_211343/ukraine_2019/checkpoints_corrected/Ukraine_Raiffeisen_Bank_JSC_2019_58cec46b3401.json,9,4.5,10,10,4.5,0.0,0.0,45.0,4.5,0.9
ukraine,2019,Raiffeisen Bank JSC,evaluations/reruns/country_year_classification_20260630_211343/ukraine_2019/checkpoints_corrected/Ukraine_Raiffeisen_Bank_JSC_2019_58cec46b3401.json,10,3.0,2,2,3.0,0.0,0.0,6.0,3.0,0.6
ukraine,2019,Raiffeisen Bank JSC,evaluations/reruns/country_year_classification_20260630_211343/ukraine_2019/checkpoints_corrected/Ukraine_Raiffeisen_Bank_JSC_2019_58cec46b3401.json,11,0.0,0,0,0.0,0.0,0.0,0.0,0.0,0.0
ukraine,2019,Raiffeisen Bank JSC,evaluations/reruns/country_year_classification_20260630_211343/ukraine_2019/checkpoints_corrected/Ukraine_Raiffeisen_Bank_JSC_2019_58cec46b3401.json,12,3.5,4,4,3.5,0.0,0.0,14.0,3.5,0.7
ukraine,2019,Raiffeisen Bank JSC,evaluations/reruns/country_year_classification_20260630_211343/ukraine_2019/checkpoints_corrected/Ukraine_Raiffeisen_Bank_JSC_2019_58cec46b3401.json,13,2.5,4,0,0.0,0.0,0.0,0.0,0.0,0.0
ukraine,2019,Raiffeisen Bank JSC,evaluations/reruns/country_year_classification_20260630_211343/ukraine_2019/checkpoints_corrected/Ukraine_Raiffeisen_Bank_JSC_2019_58cec46b3401.json,14,0.0,0,0,0.0,0.0,0.0,0.0,0.0,0.0
ukraine,2019,Raiffeisen Bank JSC,evaluations/reruns/country_year_classification_20260630_211343/ukraine_2019/checkpoints_corrected/Ukraine_Raiffeisen_Bank_JSC_2019_58cec46b3401.json,15,0.0,0,0,0.0,0.0,0.0,0.0,0.0,0.0
ukraine,2019,Raiffeisen Bank JSC,evaluations/reruns/country_year_classification_20260630_211343/ukraine_2019/checkpoints_corrected/Ukraine_Raiffeisen_Bank_JSC_2019_58cec46b3401.json,16,0.0,0,0,0.0,0.0,0.0,0.0,0.0,0.0
ukraine,2019,Raiffeisen Bank JSC,evaluations/reruns/country_year_classification_20260630_211343/ukraine_2019/checkpoints_corrected/Ukraine_Raiffeisen_Bank_JSC_2019_58cec46b3401.json,17,3.5,11,11,3.5,0.0,0.0,38.5,3.5,0.7
ukraine,2019,Sense Bank,evaluations/reruns/country_year_classification_20260630_211343/ukraine_2019/checkpoints_corrected/Ukraine_Sense_Bank_2019_59ef04bb01aa.json,1,0.0,0,0,0.0,0.0,0.0,0.0,0.0,0.0
ukraine,2019,Sense Bank,evaluations/reruns/country_year_classification_20260630_211343/ukraine_2019/checkpoints_corrected/Ukraine_Sense_Bank_2019_59ef04bb01aa.json,2,0.0,0,0,0.0,0.0,0.0,0.0,0.0,0.0
ukraine,2019,Sense Bank,evaluations/reruns/country_year_classification_20260630_211343/ukraine_2019/checkpoints_corrected/Ukraine_Sense_Bank_2019_59ef04bb01aa.json,3,4.0,5,5,4.0,0.0,0.0,20.0,4.0,0.7843137254901961
ukraine,2019,Sense Bank,evaluations/reruns/country_year_classification_20260630_211343/ukraine_2019/checkpoints_corrected/Ukraine_Sense_Bank_2019_59ef04bb01aa.json,4,4.5,5,5,4.5,0.0,0.0,22.5,4.5,0.8823529411764706
ukraine,2019,Sense Bank,evaluations/reruns/country_year_classification_20260630_211343/ukraine_2019/checkpoints_corrected/Ukraine_Sense_Bank_2019_59ef04bb01aa.json,5,3.0,1,1,3.0,0.0,0.0,3.0,3.0,0.5882352941176471
ukraine,2019,Sense Bank,evaluations/reruns/country_year_classification_20260630_211343/ukraine_2019/checkpoints_corrected/Ukraine_Sense_Bank_2019_59ef04bb01aa.json,6,0.0,0,0,0.0,0.0,0.0,0.0,0.0,0.0
ukraine,2019,Sense Bank,evaluations/reruns/country_year_classification_20260630_211343/ukraine_2019/checkpoints_corrected/Ukraine_Sense_Bank_2019_59ef04bb01aa.json,7,0.0,0,0,0.0,0.0,0.0,0.0,0.0,0.0
ukraine,2019,Sense Bank,evaluations/reruns/country_year_classification_20260630_211343/ukraine_2019/checkpoints_corrected/Ukraine_Sense_Bank_2019_59ef04bb01aa.json,8,5.0,29,29,5.0,0.0,0.0,145.0,5.0,0.9803921568627451
ukraine,2019,Sense Bank,evaluations/reruns/country_year_classification_20260630_211343/ukraine_2019/checkpoints_corrected/Ukraine_Sense_Bank_2019_59ef04bb01aa.json,9,4.0,13,13,4.0,0.0,0.0,52.0,4.0,0.7843137254901961
ukraine,2019,Sense Bank,evaluations/reruns/country_year_classification_20260630_211343/ukraine_2019/checkpoints_corrected/Ukraine_Sense_Bank_2019_59ef04bb01aa.json,10,0.0,0,0,0.0,0.0,0.0,0.0,0.0,0.0
ukraine,2019,Sense Bank,evaluations/reruns/country_year_classification_20260630_211343/ukraine_2019/checkpoints_corrected/Ukraine_Sense_Bank_2019_59ef04bb01aa.json,11,0.0,0,0,0.0,0.0,0.0,0.0,0.0,0.0
ukraine,2019,Sense Bank,evaluations/reruns/country_year_classification_20260630_211343/ukraine_2019/checkpoints_corrected/Ukraine_Sense_Bank_2019_59ef04bb01aa.json,12,0.0,0,0,0.0,0.0,0.0,0.0,0.0,0.0
ukraine,2019,Sense Bank,evaluations/reruns/country_year_classification_20260630_211343/ukraine_2019/checkpoints_corrected/Ukraine_Sense_Bank_2019_59ef04bb01aa.json,13,1.0,1,0,0.0,0.0,0.0,0.0,0.0,0.0
ukraine,2019,Sense Bank,evaluations/reruns/country_year_classification_20260630_211343/ukraine_2019/checkpoints_corrected/Ukraine_Sense_Bank_2019_59ef04bb01aa.json,14,0.0,0,0,0.0,0.0,0.0,0.0,0.0,0.0
ukraine,2019,Sense Bank,evaluations/reruns/country_year_classification_20260630_211343/ukraine_2019/checkpoints_corrected/Ukraine_Sense_Bank_2019_59ef04bb01aa.json,15,0.0,0,0,0.0,0.0,0.0,0.0,0.0,0.0
ukraine,2019,Sense Bank,evaluations/reruns/country_year_classification_20260630_211343/ukraine_2019/checkpoints_corrected/Ukraine_Sense_Bank_2019_59ef04bb01aa.json,16,5.0,55,55,5.0,0.0,0.0,275.0,5.0,0.9803921568627451
ukraine,2019,Sense Bank,evaluations/reruns/country_year_classification_20260630_211343/ukraine_2019/checkpoints_corrected/Ukraine_Sense_Bank_2019_59ef04bb01aa.json,17,2.0,2,0,0.0,0.0,0.0,0.0,0.0,0.0
ukraine,2019,Tascombank,evaluations/reruns/country_year_classification_20260630_211343/ukraine_2019/checkpoints_corrected/Ukraine_Tascombank_2019_d5a0db1ec116.json,1,0.0,0,0,0.0,0.0,0.0,0.0,0.0,0.0
ukraine,2019,Tascombank,evaluations/reruns/country_year_classification_20260630_211343/ukraine_2019/checkpoints_corrected/Ukraine_Tascombank_2019_d5a0db1ec116.json,2,0.0,0,0,0.0,0.0,0.0,0.0,0.0,0.0
ukraine,2019,Tascombank,evaluations/reruns/country_year_classification_20260630_211343/ukraine_2019/checkpoints_corrected/Ukraine_Tascombank_2019_d5a0db1ec116.json,3,2.0,1,0,0.0,0.0,0.0,0.0,0.0,0.0
ukraine,2019,Tascombank,evaluations/reruns/country_year_classification_20260630_211343/ukraine_2019/checkpoints_corrected/Ukraine_Tascombank_2019_d5a0db1ec116.json,4,3.0,2,2,3.0,0.0,0.0,6.0,3.0,0.8333333333333334
ukraine,2019,Tascombank,evaluations/reruns/country_year_classification_20260630_211343/ukraine_2019/checkpoints_corrected/Ukraine_Tascombank_2019_d5a0db1ec116.json,5,2.0,1,0,0.0,0.0,0.0,0.0,0.0,0.0
ukraine,2019,Tascombank,evaluations/reruns/country_year_classification_20260630_211343/ukraine_2019/checkpoints_corrected/Ukraine_Tascombank_2019_d5a0db1ec116.json,6,0.0,0,0,0.0,0.0,0.0,0.0,0.0,0.0
ukraine,2019,Tascombank,evaluations/reruns/country_year_classification_20260630_211343/ukraine_2019/checkpoints_corrected/Ukraine_Tascombank_2019_d5a0db1ec116.json,7,3.0,1,1,3.0,0.0,0.0,3.0,3.0,0.8333333333333334
ukraine,2019,Tascombank,evaluations/reruns/country_year_classification_20260630_211343/ukraine_2019/checkpoints_corrected/Ukraine_Tascombank_2019_d5a0db1ec116.json,8,4.0,7,7,4.0,0.0,0.0,28.0,4.0,1.1111111111111112
ukraine,2019,Tascombank,evaluations/reruns/country_year_classification_20260630_211343/ukraine_2019/checkpoints_corrected/Ukraine_Tascombank_2019_d5a0db1ec116.json,9,3.0,5,5,3.0,0.0,0.0,15.0,3.0,0.8333333333333334
ukraine,2019,Tascombank,evaluations/reruns/country_year_classification_20260630_211343/ukraine_2019/checkpoints_corrected/Ukraine_Tascombank_2019_d5a0db1ec116.json,10,2.0,1,0,0.0,0.0,0.0,0.0,0.0,0.0
ukraine,2019,Tascombank,evaluations/reruns/country_year_classification_20260630_211343/ukraine_2019/checkpoints_corrected/Ukraine_Tascombank_2019_d5a0db1ec116.json,11,0.0,0,0,0.0,0.0,0.0,0.0,0.0,0.0
ukraine,2019,Tascombank,evaluations/reruns/country_year_classification_20260630_211343/ukraine_2019/checkpoints_corrected/Ukraine_Tascombank_2019_d5a0db1ec116.json,12,0.0,0,0,0.0,0.0,0.0,0.0,0.0,0.0
ukraine,2019,Tascombank,evaluations/reruns/country_year_classification_20260630_211343/ukraine_2019/checkpoints_corrected/Ukraine_Tascombank_2019_d5a0db1ec116.json,13,2.0,1,0,0.0,0.0,0.0,0.0,0.0,0.0
ukraine,2019,Tascombank,evaluations/reruns/country_year_classification_20260630_211343/ukraine_2019/checkpoints_corrected/Ukraine_Tascombank_2019_d5a0db1ec116.json,14,0.0,0,0,0.0,0.0,0.0,0.0,0.0,0.0
ukraine,2019,Tascombank,evaluations/reruns/country_year_classification_20260630_211343/ukraine_2019/checkpoints_corrected/Ukraine_Tascombank_2019_d5a0db1ec116.json,15,0.0,0,0,0.0,0.0,0.0,0.0,0.0,0.0
ukraine,2019,Tascombank,evaluations/reruns/country_year_classification_20260630_211343/ukraine_2019/checkpoints_corrected/Ukraine_Tascombank_2019_d5a0db1ec116.json,16,5.0,7,7,5.0,0.0,0.0,35.0,5.0,1.3888888888888888
ukraine,2019,Tascombank,evaluations/reruns/country_year_classification_20260630_211343/ukraine_2019/checkpoints_corrected/Ukraine_Tascombank_2019_d5a0db1ec116.json,17,0.0,0,0,0.0,0.0,0.0,0.0,0.0,0.0
ukraine,2019,Ukreximbank,evaluations/reruns/country_year_classification_20260630_211343/ukraine_2019/checkpoints_corrected/Ukraine_Ukreximbank_2019_7313e607502d.json,1,0.0,0,0,0.0,0.0,0.0,0.0,0.0,0.0
ukraine,2019,Ukreximbank,evaluations/reruns/country_year_classification_20260630_211343/ukraine_2019/checkpoints_corrected/Ukraine_Ukreximbank_2019_7313e607502d.json,2,1.0,2,0,0.0,0.0,0.0,0.0,0.0,0.0
ukraine,2019,Ukreximbank,evaluations/reruns/country_year_classification_20260630_211343/ukraine_2019/checkpoints_corrected/Ukraine_Ukreximbank_2019_7313e607502d.json,3,3.5,4,4,3.5,0.0,0.0,14.0,3.5,1.0
ukraine,2019,Ukreximbank,evaluations/reruns/country_year_classification_20260630_211343/ukraine_2019/checkpoints_corrected/Ukraine_Ukreximbank_2019_7313e607502d.json,4,1.0,3,0,0.0,0.0,0.0,0.0,0.0,0.0
ukraine,2019,Ukreximbank,evaluations/reruns/country_year_classification_20260630_211343/ukraine_2019/checkpoints_corrected/Ukraine_Ukreximbank_2019_7313e607502d.json,5,0.0,0,0,0.0,0.0,0.0,0.0,0.0,0.0
ukraine,2019,Ukreximbank,evaluations/reruns/country_year_classification_20260630_211343/ukraine_2019/checkpoints_corrected/Ukraine_Ukreximbank_2019_7313e607502d.json,6,0.0,0,0,0.0,0.0,0.0,0.0,0.0,0.0
ukraine,2019,Ukreximbank,evaluations/reruns/country_year_classification_20260630_211343/ukraine_2019/checkpoints_corrected/Ukraine_Ukreximbank_2019_7313e607502d.json,7,2.0,5,0,0.0,0.0,0.0,0.0,0.0,0.0
ukraine,2019,Ukreximbank,evaluations/reruns/country_year_classification_20260630_211343/ukraine_2019/checkpoints_corrected/Ukraine_Ukreximbank_2019_7313e607502d.json,8,4.0,11,11,4.0,0.0,0.0,44.0,4.0,1.1428571428571428
ukraine,2019,Ukreximbank,evaluations/reruns/country_year_classification_20260630_211343/ukraine_2019/checkpoints_corrected/Ukraine_Ukreximbank_2019_7313e607502d.json,9,3.0,8,8,3.0,0.0,0.0,24.0,3.0,0.8571428571428571
ukraine,2019,Ukreximbank,evaluations/reruns/country_year_classification_20260630_211343/ukraine_2019/checkpoints_corrected/Ukraine_Ukreximbank_2019_7313e607502d.json,10,0.0,0,0,0.0,0.0,0.0,0.0,0.0,0.0
ukraine,2019,Ukreximbank,evaluations/reruns/country_year_classification_20260630_211343/ukraine_2019/checkpoints_corrected/Ukraine_Ukreximbank_2019_7313e607502d.json,11,0.0,0,0,0.0,0.0,0.0,0.0,0.0,0.0
ukraine,2019,Ukreximbank,evaluations/reruns/country_year_classification_20260630_211343/ukraine_2019/checkpoints_corrected/Ukraine_Ukreximbank_2019_7313e607502d.json,12,2.0,7,0,0.0,0.0,0.0,0.0,0.0,0.0
ukraine,2019,Ukreximbank,evaluations/reruns/country_year_classification_20260630_211343/ukraine_2019/checkpoints_corrected/Ukraine_Ukreximbank_2019_7313e607502d.json,13,2.0,6,0,0.0,0.0,0.0,0.0,0.0,0.0
ukraine,2019,Ukreximbank,evaluations/reruns/country_year_classification_20260630_211343/ukraine_2019/checkpoints_corrected/Ukraine_Ukreximbank_2019_7313e607502d.json,14,0.0,0,0,0.0,0.0,0.0,0.0,0.0,0.0
ukraine,2019,Ukreximbank,evaluations/reruns/country_year_classification_20260630_211343/ukraine_2019/checkpoints_corrected/Ukraine_Ukreximbank_2019_7313e607502d.json,15,0.0,0,0,0.0,0.0,0.0,0.0,0.0,0.0
ukraine,2019,Ukreximbank,evaluations/reruns/country_year_classification_20260630_211343/ukraine_2019/checkpoints_corrected/Ukraine_Ukreximbank_2019_7313e607502d.json,16,4.0,7,7,4.0,0.0,0.0,28.0,4.0,1.1428571428571428
ukraine,2019,Ukreximbank,evaluations/reruns/country_year_classification_20260630_211343/ukraine_2019/checkpoints_corrected/Ukraine_Ukreximbank_2019_7313e607502d.json,17,3.0,9,9,3.0,0.0,0.0,27.0,3.0,0.8571428571428571
ukraine,2019,Ukrgazbank,evaluations/reruns/country_year_classification_20260630_211343/ukraine_2019/checkpoints_corrected/Ukraine_Ukrgazbank_2019_c5df46b73eeb.json,1,0.0,0,0,0.0,0.0,0.0,0.0,0.0,0.0
ukraine,2019,Ukrgazbank,evaluations/reruns/country_year_classification_20260630_211343/ukraine_2019/checkpoints_corrected/Ukraine_Ukrgazbank_2019_c5df46b73eeb.json,2,0.0,0,0,0.0,0.0,0.0,0.0,0.0,0.0
ukraine,2019,Ukrgazbank,evaluations/reruns/country_year_classification_20260630_211343/ukraine_2019/checkpoints_corrected/Ukraine_Ukrgazbank_2019_c5df46b73eeb.json,3,4.0,3,3,4.0,0.0,0.0,12.0,4.0,0.449438202247191
ukraine,2019,Ukrgazbank,evaluations/reruns/country_year_classification_20260630_211343/ukraine_2019/checkpoints_corrected/Ukraine_Ukrgazbank_2019_c5df46b73eeb.json,4,1.5,1,0,0.0,0.0,0.0,0.0,0.0,0.0
ukraine,2019,Ukrgazbank,evaluations/reruns/country_year_classification_20260630_211343/ukraine_2019/checkpoints_corrected/Ukraine_Ukrgazbank_2019_c5df46b73eeb.json,5,4.0,3,3,4.0,0.0,0.0,12.0,4.0,0.449438202247191
ukraine,2019,Ukrgazbank,evaluations/reruns/country_year_classification_20260630_211343/ukraine_2019/checkpoints_corrected/Ukraine_Ukrgazbank_2019_c5df46b73eeb.json,6,0.0,0,0,0.0,0.0,0.0,0.0,0.0,0.0
ukraine,2019,Ukrgazbank,evaluations/reruns/country_year_classification_20260630_211343/ukraine_2019/checkpoints_corrected/Ukraine_Ukrgazbank_2019_c5df46b73eeb.json,7,4.5,7,7,4.5,0.0,0.0,31.5,4.5,0.5056179775280899
ukraine,2019,Ukrgazbank,evaluations/reruns/country_year_classification_20260630_211343/ukraine_2019/checkpoints_corrected/Ukraine_Ukrgazbank_2019_c5df46b73eeb.json,8,4.0,8,8,4.0,0.0,0.0,32.0,4.0,0.449438202247191
ukraine,2019,Ukrgazbank,evaluations/reruns/country_year_classification_20260630_211343/ukraine_2019/checkpoints_corrected/Ukraine_Ukrgazbank_2019_c5df46b73eeb.json,9,3.5,7,7,3.5,0.0,0.0,24.5,3.5,0.39325842696629215
ukraine,2019,Ukrgazbank,evaluations/reruns/country_year_classification_20260630_211343/ukraine_2019/checkpoints_corrected/Ukraine_Ukrgazbank_2019_c5df46b73eeb.json,10,4.0,1,1,4.0,0.0,0.0,4.0,4.0,0.449438202247191
ukraine,2019,Ukrgazbank,evaluations/reruns/country_year_classification_20260630_211343/ukraine_2019/checkpoints_corrected/Ukraine_Ukrgazbank_2019_c5df46b73eeb.json,11,2.0,1,0,0.0,0.0,0.0,0.0,0.0,0.0
ukraine,2019,Ukrgazbank,evaluations/reruns/country_year_classification_20260630_211343/ukraine_2019/checkpoints_corrected/Ukraine_Ukrgazbank_2019_c5df46b73eeb.json,12,4.0,5,5,4.0,0.0,0.0,20.0,4.0,0.449438202247191
ukraine,2019,Ukrgazbank,evaluations/reruns/country_year_classification_20260630_211343/ukraine_2019/checkpoints_corrected/Ukraine_Ukrgazbank_2019_c5df46b73eeb.json,13,4.5,9,9,4.5,0.0,0.0,40.5,4.5,0.5056179775280899
ukraine,2019,Ukrgazbank,evaluations/reruns/country_year_classification_20260630_211343/ukraine_2019/checkpoints_corrected/Ukraine_Ukrgazbank_2019_c5df46b73eeb.json,14,0.0,0,0,0.0,0.0,0.0,0.0,0.0,0.0
ukraine,2019,Ukrgazbank,evaluations/reruns/country_year_classification_20260630_211343/ukraine_2019/checkpoints_corrected/Ukraine_Ukrgazbank_2019_c5df46b73eeb.json,15,4.0,2,2,4.0,0.0,0.0,8.0,4.0,0.449438202247191
ukraine,2019,Ukrgazbank,evaluations/reruns/country_year_classification_20260630_211343/ukraine_2019/checkpoints_corrected/Ukraine_Ukrgazbank_2019_c5df46b73eeb.json,16,5.0,10,10,5.0,0.0,0.0,50.0,5.0,0.5617977528089888
ukraine,2019,Ukrgazbank,evaluations/reruns/country_year_classification_20260630_211343/ukraine_2019/checkpoints_corrected/Ukraine_Ukrgazbank_2019_c5df46b73eeb.json,17,3.0,3,3,3.0,0.0,0.0,9.0,3.0,0.33707865168539325
ukraine,2019,Ukrsibbank,evaluations/reruns/country_year_classification_20260630_211343/ukraine_2019/checkpoints_corrected/Ukraine_Ukrsibbank_2019_090fd457db80.json,1,0.0,0,0,0.0,0.0,0.0,0.0,0.0,0.0
ukraine,2019,Ukrsibbank,evaluations/reruns/country_year_classification_20260630_211343/ukraine_2019/checkpoints_corrected/Ukraine_Ukrsibbank_2019_090fd457db80.json,2,0.0,0,0,0.0,0.0,0.0,0.0,0.0,0.0
ukraine,2019,Ukrsibbank,evaluations/reruns/country_year_classification_20260630_211343/ukraine_2019/checkpoints_corrected/Ukraine_Ukrsibbank_2019_090fd457db80.json,3,0.0,0,0,0.0,0.0,0.0,0.0,0.0,0.0
ukraine,2019,Ukrsibbank,evaluations/reruns/country_year_classification_20260630_211343/ukraine_2019/checkpoints_corrected/Ukraine_Ukrsibbank_2019_090fd457db80.json,4,0.0,0,0,0.0,0.0,0.0,0.0,0.0,0.0
ukraine,2019,Ukrsibbank,evaluations/reruns/country_year_classification_20260630_211343/ukraine_2019/checkpoints_corrected/Ukraine_Ukrsibbank_2019_090fd457db80.json,5,3.5,3,3,3.5,0.0,0.0,10.5,3.5,0.9831460674157303
ukraine,2019,Ukrsibbank,evaluations/reruns/country_year_classification_20260630_211343/ukraine_2019/checkpoints_corrected/Ukraine_Ukrsibbank_2019_090fd457db80.json,6,0.0,0,0,0.0,0.0,0.0,0.0,0.0,0.0
ukraine,2019,Ukrsibbank,evaluations/reruns/country_year_classification_20260630_211343/ukraine_2019/checkpoints_corrected/Ukraine_Ukrsibbank_2019_090fd457db80.json,7,0.0,0,0,0.0,0.0,0.0,0.0,0.0,0.0
ukraine,2019,Ukrsibbank,evaluations/reruns/country_year_classification_20260630_211343/ukraine_2019/checkpoints_corrected/Ukraine_Ukrsibbank_2019_090fd457db80.json,8,3.2,7,7,3.2,0.0,0.0,22.400000000000002,3.2,0.898876404494382
ukraine,2019,Ukrsibbank,evaluations/reruns/country_year_classification_20260630_211343/ukraine_2019/checkpoints_corrected/Ukraine_Ukrsibbank_2019_090fd457db80.json,9,4.1,7,7,4.1,0.0,0.0,28.699999999999996,4.1,1.151685393258427
ukraine,2019,Ukrsibbank,evaluations/reruns/country_year_classification_20260630_211343/ukraine_2019/checkpoints_corrected/Ukraine_Ukrsibbank_2019_090fd457db80.json,10,2.0,2,0,0.0,0.0,0.0,0.0,0.0,0.0
ukraine,2019,Ukrsibbank,evaluations/reruns/country_year_classification_20260630_211343/ukraine_2019/checkpoints_corrected/Ukraine_Ukrsibbank_2019_090fd457db80.json,11,0.0,0,0,0.0,0.0,0.0,0.0,0.0,0.0
ukraine,2019,Ukrsibbank,evaluations/reruns/country_year_classification_20260630_211343/ukraine_2019/checkpoints_corrected/Ukraine_Ukrsibbank_2019_090fd457db80.json,12,2.3,2,0,0.0,0.0,0.0,0.0,0.0,0.0
ukraine,2019,Ukrsibbank,evaluations/reruns/country_year_classification_20260630_211343/ukraine_2019/checkpoints_corrected/Ukraine_Ukrsibbank_2019_090fd457db80.json,13,3.0,2,2,3.0,0.0,0.0,6.0,3.0,0.8426966292134831
ukraine,2019,Ukrsibbank,evaluations/reruns/country_year_classification_20260630_211343/ukraine_2019/checkpoints_corrected/Ukraine_Ukrsibbank_2019_090fd457db80.json,14,0.0,0,0,0.0,0.0,0.0,0.0,0.0,0.0
ukraine,2019,Ukrsibbank,evaluations/reruns/country_year_classification_20260630_211343/ukraine_2019/checkpoints_corrected/Ukraine_Ukrsibbank_2019_090fd457db80.json,15,0.0,0,0,0.0,0.0,0.0,0.0,0.0,0.0
ukraine,2019,Ukrsibbank,evaluations/reruns/country_year_classification_20260630_211343/ukraine_2019/checkpoints_corrected/Ukraine_Ukrsibbank_2019_090fd457db80.json,16,4.0,5,5,4.0,0.0,0.0,20.0,4.0,1.1235955056179774
ukraine,2019,Ukrsibbank,evaluations/reruns/country_year_classification_20260630_211343/ukraine_2019/checkpoints_corrected/Ukraine_Ukrsibbank_2019_090fd457db80.json,17,1.0,1,0,0.0,0.0,0.0,0.0,0.0,0.0
ukraine,2019,Universal Bank,evaluations/reruns/country_year_classification_20260630_211343/ukraine_2019/checkpoints_corrected/Ukraine_Universal_Bank_2019_b5a57810af87.json,1,0.0,0,0,0.0,0.0,0.0,0.0,0.0,0.0
ukraine,2019,Universal Bank,evaluations/reruns/country_year_classification_20260630_211343/ukraine_2019/checkpoints_corrected/Ukraine_Universal_Bank_2019_b5a57810af87.json,2,0.0,0,0,0.0,0.0,0.0,0.0,0.0,0.0
ukraine,2019,Universal Bank,evaluations/reruns/country_year_classification_20260630_211343/ukraine_2019/checkpoints_corrected/Ukraine_Universal_Bank_2019_b5a57810af87.json,3,3.0,9,9,3.0,0.0,0.0,27.0,3.0,1.0714285714285714
ukraine,2019,Universal Bank,evaluations/reruns/country_year_classification_20260630_211343/ukraine_2019/checkpoints_corrected/Ukraine_Universal_Bank_2019_b5a57810af87.json,4,2.0,1,0,0.0,0.0,0.0,0.0,0.0,0.0
ukraine,2019,Universal Bank,evaluations/reruns/country_year_classification_20260630_211343/ukraine_2019/checkpoints_corrected/Ukraine_Universal_Bank_2019_b5a57810af87.json,5,0.0,0,0,0.0,0.0,0.0,0.0,0.0,0.0
ukraine,2019,Universal Bank,evaluations/reruns/country_year_classification_20260630_211343/ukraine_2019/checkpoints_corrected/Ukraine_Universal_Bank_2019_b5a57810af87.json,6,0.0,0,0,0.0,0.0,0.0,0.0,0.0,0.0
ukraine,2019,Universal Bank,evaluations/reruns/country_year_classification_20260630_211343/ukraine_2019/checkpoints_corrected/Ukraine_Universal_Bank_2019_b5a57810af87.json,7,0.0,0,0,0.0,0.0,0.0,0.0,0.0,0.0
ukraine,2019,Universal Bank,evaluations/reruns/country_year_classification_20260630_211343/ukraine_2019/checkpoints_corrected/Ukraine_Universal_Bank_2019_b5a57810af87.json,8,3.0,11,11,3.0,0.0,0.0,33.0,3.0,1.0714285714285714
ukraine,2019,Universal Bank,evaluations/reruns/country_year_classification_20260630_211343/ukraine_2019/checkpoints_corrected/Ukraine_Universal_Bank_2019_b5a57810af87.json,9,4.0,5,5,4.0,0.0,0.0,20.0,4.0,1.4285714285714286
ukraine,2019,Universal Bank,evaluations/reruns/country_year_classification_20260630_211343/ukraine_2019/checkpoints_corrected/Ukraine_Universal_Bank_2019_b5a57810af87.json,10,0.0,0,0,0.0,0.0,0.0,0.0,0.0,0.0
ukraine,2019,Universal Bank,evaluations/reruns/country_year_classification_20260630_211343/ukraine_2019/checkpoints_corrected/Ukraine_Universal_Bank_2019_b5a57810af87.json,11,0.0,0,0,0.0,0.0,0.0,0.0,0.0,0.0
ukraine,2019,Universal Bank,evaluations/reruns/country_year_classification_20260630_211343/ukraine_2019/checkpoints_corrected/Ukraine_Universal_Bank_2019_b5a57810af87.json,12,0.0,0,0,0.0,0.0,0.0,0.0,0.0,0.0
ukraine,2019,Universal Bank,evaluations/reruns/country_year_classification_20260630_211343/ukraine_2019/checkpoints_corrected/Ukraine_Universal_Bank_2019_b5a57810af87.json,13,0.0,0,0,0.0,0.0,0.0,0.0,0.0,0.0
ukraine,2019,Universal Bank,evaluations/reruns/country_year_classification_20260630_211343/ukraine_2019/checkpoints_corrected/Ukraine_Universal_Bank_2019_b5a57810af87.json,14,0.0,0,0,0.0,0.0,0.0,0.0,0.0,0.0
ukraine,2019,Universal Bank,evaluations/reruns/country_year_classification_20260630_211343/ukraine_2019/checkpoints_corrected/Ukraine_Universal_Bank_2019_b5a57810af87.json,15,0.0,0,0,0.0,0.0,0.0,0.0,0.0,0.0
ukraine,2019,Universal Bank,evaluations/reruns/country_year_classification_20260630_211343/ukraine_2019/checkpoints_corrected/Ukraine_Universal_Bank_2019_b5a57810af87.json,16,4.0,16,16,4.0,0.0,0.0,64.0,4.0,1.4285714285714286
ukraine,2019,Universal Bank,evaluations/reruns/country_year_classification_20260630_211343/ukraine_2019/checkpoints_corrected/Ukraine_Universal_Bank_2019_b5a57810af87.json,17,2.0,5,0,0.0,0.0,0.0,0.0,0.0,0.0
ukraine,2020,A-bank,evaluations/reruns/country_year_classification_20260630_211343/ukraine_2020/checkpoints_corrected/Ukraine_A_bank_2020_00c877d9ebbb.json,1,0.0,0,0,0.0,0.0,0.0,0.0,0.0,0.0
ukraine,2020,A-bank,evaluations/reruns/country_year_classification_20260630_211343/ukraine_2020/checkpoints_corrected/Ukraine_A_bank_2020_00c877d9ebbb.json,2,0.0,0,0,0.0,0.0,0.0,0.0,0.0,0.0
ukraine,2020,A-bank,evaluations/reruns/country_year_classification_20260630_211343/ukraine_2020/checkpoints_corrected/Ukraine_A_bank_2020_00c877d9ebbb.json,3,2.0,5,0,0.0,0.0,0.0,0.0,0.0,0.0
ukraine,2020,A-bank,evaluations/reruns/country_year_classification_20260630_211343/ukraine_2020/checkpoints_corrected/Ukraine_A_bank_2020_00c877d9ebbb.json,4,0.0,0,0,0.0,0.0,0.0,0.0,0.0,0.0
ukraine,2020,A-bank,evaluations/reruns/country_year_classification_20260630_211343/ukraine_2020/checkpoints_corrected/Ukraine_A_bank_2020_00c877d9ebbb.json,5,0.0,0,0,0.0,0.0,0.0,0.0,0.0,0.0
ukraine,2020,A-bank,evaluations/reruns/country_year_classification_20260630_211343/ukraine_2020/checkpoints_corrected/Ukraine_A_bank_2020_00c877d9ebbb.json,6,0.0,0,0,0.0,0.0,0.0,0.0,0.0,0.0
ukraine,2020,A-bank,evaluations/reruns/country_year_classification_20260630_211343/ukraine_2020/checkpoints_corrected/Ukraine_A_bank_2020_00c877d9ebbb.json,7,0.0,0,0,0.0,0.0,0.0,0.0,0.0,0.0
ukraine,2020,A-bank,evaluations/reruns/country_year_classification_20260630_211343/ukraine_2020/checkpoints_corrected/Ukraine_A_bank_2020_00c877d9ebbb.json,8,3.0,13,13,3.0,0.0,0.0,39.0,3.0,1.875
ukraine,2020,A-bank,evaluations/reruns/country_year_classification_20260630_211343/ukraine_2020/checkpoints_corrected/Ukraine_A_bank_2020_00c877d9ebbb.json,9,2.0,5,0,0.0,0.0,0.0,0.0,0.0,0.0
ukraine,2020,A-bank,evaluations/reruns/country_year_classification_20260630_211343/ukraine_2020/checkpoints_corrected/Ukraine_A_bank_2020_00c877d9ebbb.json,10,0.0,0,0,0.0,0.0,0.0,0.0,0.0,0.0
ukraine,2020,A-bank,evaluations/reruns/country_year_classification_20260630_211343/ukraine_2020/checkpoints_corrected/Ukraine_A_bank_2020_00c877d9ebbb.json,11,0.0,0,0,0.0,0.0,0.0,0.0,0.0,0.0
ukraine,2020,A-bank,evaluations/reruns/country_year_classification_20260630_211343/ukraine_2020/checkpoints_corrected/Ukraine_A_bank_2020_00c877d9ebbb.json,12,0.0,0,0,0.0,0.0,0.0,0.0,0.0,0.0
ukraine,2020,A-bank,evaluations/reruns/country_year_classification_20260630_211343/ukraine_2020/checkpoints_corrected/Ukraine_A_bank_2020_00c877d9ebbb.json,13,0.0,0,0,0.0,0.0,0.0,0.0,0.0,0.0
ukraine,2020,A-bank,evaluations/reruns/country_year_classification_20260630_211343/ukraine_2020/checkpoints_corrected/Ukraine_A_bank_2020_00c877d9ebbb.json,14,0.0,0,0,0.0,0.0,0.0,0.0,0.0,0.0
ukraine,2020,A-bank,evaluations/reruns/country_year_classification_20260630_211343/ukraine_2020/checkpoints_corrected/Ukraine_A_bank_2020_00c877d9ebbb.json,15,0.0,0,0,0.0,0.0,0.0,0.0,0.0,0.0
ukraine,2020,A-bank,evaluations/reruns/country_year_classification_20260630_211343/ukraine_2020/checkpoints_corrected/Ukraine_A_bank_2020_00c877d9ebbb.json,16,5.0,21,21,5.0,0.0,0.0,105.0,5.0,3.125
ukraine,2020,A-bank,evaluations/reruns/country_year_classification_20260630_211343/ukraine_2020/checkpoints_corrected/Ukraine_A_bank_2020_00c877d9ebbb.json,17,1.0,3,0,0.0,0.0,0.0,0.0,0.0,0.0
ukraine,2020,Credit Agricole Bank,evaluations/reruns/country_year_classification_20260630_211343/ukraine_2020/checkpoints_corrected/Ukraine_Credit_Agricole_Bank_2020_07a4898211b4.json,1,2.0,3,0,0.0,0.0,0.0,0.0,0.0,0.0
ukraine,2020,Credit Agricole Bank,evaluations/reruns/country_year_classification_20260630_211343/ukraine_2020/checkpoints_corrected/Ukraine_Credit_Agricole_Bank_2020_07a4898211b4.json,2,3.0,3,3,3.0,0.0,0.0,9.0,3.0,0.45454545454545453
ukraine,2020,Credit Agricole Bank,evaluations/reruns/country_year_classification_20260630_211343/ukraine_2020/checkpoints_corrected/Ukraine_Credit_Agricole_Bank_2020_07a4898211b4.json,3,4.0,12,12,4.0,0.0,0.0,48.0,4.0,0.6060606060606061
ukraine,2020,Credit Agricole Bank,evaluations/reruns/country_year_classification_20260630_211343/ukraine_2020/checkpoints_corrected/Ukraine_Credit_Agricole_Bank_2020_07a4898211b4.json,4,3.0,8,8,3.0,0.0,0.0,24.0,3.0,0.45454545454545453
ukraine,2020,Credit Agricole Bank,evaluations/reruns/country_year_classification_20260630_211343/ukraine_2020/checkpoints_corrected/Ukraine_Credit_Agricole_Bank_2020_07a4898211b4.json,5,2.0,3,0,0.0,0.0,0.0,0.0,0.0,0.0
ukraine,2020,Credit Agricole Bank,evaluations/reruns/country_year_classification_20260630_211343/ukraine_2020/checkpoints_corrected/Ukraine_Credit_Agricole_Bank_2020_07a4898211b4.json,6,0.0,0,0,0.0,0.0,0.0,0.0,0.0,0.0
ukraine,2020,Credit Agricole Bank,evaluations/reruns/country_year_classification_20260630_211343/ukraine_2020/checkpoints_corrected/Ukraine_Credit_Agricole_Bank_2020_07a4898211b4.json,7,4.0,3,3,4.0,0.0,0.0,12.0,4.0,0.6060606060606061
ukraine,2020,Credit Agricole Bank,evaluations/reruns/country_year_classification_20260630_211343/ukraine_2020/checkpoints_corrected/Ukraine_Credit_Agricole_Bank_2020_07a4898211b4.json,8,4.0,14,14,4.0,0.0,0.0,56.0,4.0,0.6060606060606061
ukraine,2020,Credit Agricole Bank,evaluations/reruns/country_year_classification_20260630_211343/ukraine_2020/checkpoints_corrected/Ukraine_Credit_Agricole_Bank_2020_07a4898211b4.json,9,3.0,4,4,3.0,0.0,0.0,12.0,3.0,0.45454545454545453
ukraine,2020,Credit Agricole Bank,evaluations/reruns/country_year_classification_20260630_211343/ukraine_2020/checkpoints_corrected/Ukraine_Credit_Agricole_Bank_2020_07a4898211b4.json,10,2.0,2,0,0.0,0.0,0.0,0.0,0.0,0.0
ukraine,2020,Credit Agricole Bank,evaluations/reruns/country_year_classification_20260630_211343/ukraine_2020/checkpoints_corrected/Ukraine_Credit_Agricole_Bank_2020_07a4898211b4.json,11,2.0,3,0,0.0,0.0,0.0,0.0,0.0,0.0
ukraine,2020,Credit Agricole Bank,evaluations/reruns/country_year_classification_20260630_211343/ukraine_2020/checkpoints_corrected/Ukraine_Credit_Agricole_Bank_2020_07a4898211b4.json,12,2.0,4,0,0.0,0.0,0.0,0.0,0.0,0.0
ukraine,2020,Credit Agricole Bank,evaluations/reruns/country_year_classification_20260630_211343/ukraine_2020/checkpoints_corrected/Ukraine_Credit_Agricole_Bank_2020_07a4898211b4.json,13,4.0,8,8,4.0,0.0,0.0,32.0,4.0,0.6060606060606061
ukraine,2020,Credit Agricole Bank,evaluations/reruns/country_year_classification_20260630_211343/ukraine_2020/checkpoints_corrected/Ukraine_Credit_Agricole_Bank_2020_07a4898211b4.json,14,0.0,0,0,0.0,0.0,0.0,0.0,0.0,0.0
ukraine,2020,Credit Agricole Bank,evaluations/reruns/country_year_classification_20260630_211343/ukraine_2020/checkpoints_corrected/Ukraine_Credit_Agricole_Bank_2020_07a4898211b4.json,15,2.0,3,0,0.0,0.0,0.0,0.0,0.0,0.0
ukraine,2020,Credit Agricole Bank,evaluations/reruns/country_year_classification_20260630_211343/ukraine_2020/checkpoints_corrected/Ukraine_Credit_Agricole_Bank_2020_07a4898211b4.json,16,5.0,10,10,5.0,0.0,0.0,50.0,5.0,0.7575757575757576
ukraine,2020,Credit Agricole Bank,evaluations/reruns/country_year_classification_20260630_211343/ukraine_2020/checkpoints_corrected/Ukraine_Credit_Agricole_Bank_2020_07a4898211b4.json,17,3.0,6,6,3.0,0.0,0.0,18.0,3.0,0.45454545454545453
ukraine,2020,Credobank,evaluations/reruns/country_year_classification_20260630_211343/ukraine_2020/checkpoints_corrected/Ukraine_Credobank_2020_0944f275d94b.json,1,0.0,0,0,0.0,0.0,0.0,0.0,0.0,0.0
ukraine,2020,Credobank,evaluations/reruns/country_year_classification_20260630_211343/ukraine_2020/checkpoints_corrected/Ukraine_Credobank_2020_0944f275d94b.json,2,0.0,0,0,0.0,0.0,0.0,0.0,0.0,0.0
ukraine,2020,Credobank,evaluations/reruns/country_year_classification_20260630_211343/ukraine_2020/checkpoints_corrected/Ukraine_Credobank_2020_0944f275d94b.json,3,0.0,0,0,0.0,0.0,0.0,0.0,0.0,0.0
ukraine,2020,Credobank,evaluations/reruns/country_year_classification_20260630_211343/ukraine_2020/checkpoints_corrected/Ukraine_Credobank_2020_0944f275d94b.json,4,0.0,0,0,0.0,0.0,0.0,0.0,0.0,0.0
ukraine,2020,Credobank,evaluations/reruns/country_year_classification_20260630_211343/ukraine_2020/checkpoints_corrected/Ukraine_Credobank_2020_0944f275d94b.json,5,0.0,0,0,0.0,0.0,0.0,0.0,0.0,0.0
ukraine,2020,Credobank,evaluations/reruns/country_year_classification_20260630_211343/ukraine_2020/checkpoints_corrected/Ukraine_Credobank_2020_0944f275d94b.json,6,0.0,0,0,0.0,0.0,0.0,0.0,0.0,0.0
ukraine,2020,Credobank,evaluations/reruns/country_year_classification_20260630_211343/ukraine_2020/checkpoints_corrected/Ukraine_Credobank_2020_0944f275d94b.json,7,0.0,0,0,0.0,0.0,0.0,0.0,0.0,0.0
ukraine,2020,Credobank,evaluations/reruns/country_year_classification_20260630_211343/ukraine_2020/checkpoints_corrected/Ukraine_Credobank_2020_0944f275d94b.json,8,0.0,0,0,0.0,0.0,0.0,0.0,0.0,0.0
ukraine,2020,Credobank,evaluations/reruns/country_year_classification_20260630_211343/ukraine_2020/checkpoints_corrected/Ukraine_Credobank_2020_0944f275d94b.json,9,0.0,0,0,0.0,0.0,0.0,0.0,0.0,0.0
ukraine,2020,Credobank,evaluations/reruns/country_year_classification_20260630_211343/ukraine_2020/checkpoints_corrected/Ukraine_Credobank_2020_0944f275d94b.json,10,0.0,0,0,0.0,0.0,0.0,0.0,0.0,0.0
ukraine,2020,Credobank,evaluations/reruns/country_year_classification_20260630_211343/ukraine_2020/checkpoints_corrected/Ukraine_Credobank_2020_0944f275d94b.json,11,0.0,0,0,0.0,0.0,0.0,0.0,0.0,0.0
ukraine,2020,Credobank,evaluations/reruns/country_year_classification_20260630_211343/ukraine_2020/checkpoints_corrected/Ukraine_Credobank_2020_0944f275d94b.json,12,0.0,0,0,0.0,0.0,0.0,0.0,0.0,0.0
ukraine,2020,Credobank,evaluations/reruns/country_year_classification_20260630_211343/ukraine_2020/checkpoints_corrected/Ukraine_Credobank_2020_0944f275d94b.json,13,0.0,0,0,0.0,0.0,0.0,0.0,0.0,0.0
ukraine,2020,Credobank,evaluations/reruns/country_year_classification_20260630_211343/ukraine_2020/checkpoints_corrected/Ukraine_Credobank_2020_0944f275d94b.json,14,0.0,0,0,0.0,0.0,0.0,0.0,0.0,0.0
ukraine,2020,Credobank,evaluations/reruns/country_year_classification_20260630_211343/ukraine_2020/checkpoints_corrected/Ukraine_Credobank_2020_0944f275d94b.json,15,0.0,0,0,0.0,0.0,0.0,0.0,0.0,0.0
ukraine,2020,Credobank,evaluations/reruns/country_year_classification_20260630_211343/ukraine_2020/checkpoints_corrected/Ukraine_Credobank_2020_0944f275d94b.json,16,0.0,0,0,0.0,0.0,0.0,0.0,0.0,0.0
ukraine,2020,Credobank,evaluations/reruns/country_year_classification_20260630_211343/ukraine_2020/checkpoints_corrected/Ukraine_Credobank_2020_0944f275d94b.json,17,0.0,0,0,0.0,0.0,0.0,0.0,0.0,0.0
ukraine,2020,FUIB,evaluations/reruns/country_year_classification_20260630_211343/ukraine_2020/checkpoints_corrected/Ukraine_FUIB_2020_1e5da15310d8.json,1,1.0,1,0,0.0,0.0,0.0,0.0,0.0,0.0
ukraine,2020,FUIB,evaluations/reruns/country_year_classification_20260630_211343/ukraine_2020/checkpoints_corrected/Ukraine_FUIB_2020_1e5da15310d8.json,2,3.0,2,2,3.0,0.0,0.0,6.0,3.0,0.6666666666666666
ukraine,2020,FUIB,evaluations/reruns/country_year_classification_20260630_211343/ukraine_2020/checkpoints_corrected/Ukraine_FUIB_2020_1e5da15310d8.json,3,2.0,7,0,0.0,0.0,0.0,0.0,0.0,0.0
ukraine,2020,FUIB,evaluations/reruns/country_year_classification_20260630_211343/ukraine_2020/checkpoints_corrected/Ukraine_FUIB_2020_1e5da15310d8.json,4,2.0,4,0,0.0,0.0,0.0,0.0,0.0,0.0
ukraine,2020,FUIB,evaluations/reruns/country_year_classification_20260630_211343/ukraine_2020/checkpoints_corrected/Ukraine_FUIB_2020_1e5da15310d8.json,5,2.0,1,0,0.0,0.0,0.0,0.0,0.0,0.0
ukraine,2020,FUIB,evaluations/reruns/country_year_classification_20260630_211343/ukraine_2020/checkpoints_corrected/Ukraine_FUIB_2020_1e5da15310d8.json,6,0.0,0,0,0.0,0.0,0.0,0.0,0.0,0.0
ukraine,2020,FUIB,evaluations/reruns/country_year_classification_20260630_211343/ukraine_2020/checkpoints_corrected/Ukraine_FUIB_2020_1e5da15310d8.json,7,2.0,4,0,0.0,0.0,0.0,0.0,0.0,0.0
ukraine,2020,FUIB,evaluations/reruns/country_year_classification_20260630_211343/ukraine_2020/checkpoints_corrected/Ukraine_FUIB_2020_1e5da15310d8.json,8,4.5,18,18,4.5,0.0,0.0,81.0,4.5,1.0
ukraine,2020,FUIB,evaluations/reruns/country_year_classification_20260630_211343/ukraine_2020/checkpoints_corrected/Ukraine_FUIB_2020_1e5da15310d8.json,9,4.0,9,9,4.0,0.0,0.0,36.0,4.0,0.8888888888888888
ukraine,2020,FUIB,evaluations/reruns/country_year_classification_20260630_211343/ukraine_2020/checkpoints_corrected/Ukraine_FUIB_2020_1e5da15310d8.json,10,2.0,1,0,0.0,0.0,0.0,0.0,0.0,0.0
ukraine,2020,FUIB,evaluations/reruns/country_year_classification_20260630_211343/ukraine_2020/checkpoints_corrected/Ukraine_FUIB_2020_1e5da15310d8.json,11,2.0,2,0,0.0,0.0,0.0,0.0,0.0,0.0
ukraine,2020,FUIB,evaluations/reruns/country_year_classification_20260630_211343/ukraine_2020/checkpoints_corrected/Ukraine_FUIB_2020_1e5da15310d8.json,12,3.0,5,5,3.0,0.0,0.0,15.0,3.0,0.6666666666666666
ukraine,2020,FUIB,evaluations/reruns/country_year_classification_20260630_211343/ukraine_2020/checkpoints_corrected/Ukraine_FUIB_2020_1e5da15310d8.json,13,3.0,4,4,3.0,0.0,0.0,12.0,3.0,0.6666666666666666
ukraine,2020,FUIB,evaluations/reruns/country_year_classification_20260630_211343/ukraine_2020/checkpoints_corrected/Ukraine_FUIB_2020_1e5da15310d8.json,14,0.0,0,0,0.0,0.0,0.0,0.0,0.0,0.0
ukraine,2020,FUIB,evaluations/reruns/country_year_classification_20260630_211343/ukraine_2020/checkpoints_corrected/Ukraine_FUIB_2020_1e5da15310d8.json,15,0.0,0,0,0.0,0.0,0.0,0.0,0.0,0.0
ukraine,2020,FUIB,evaluations/reruns/country_year_classification_20260630_211343/ukraine_2020/checkpoints_corrected/Ukraine_FUIB_2020_1e5da15310d8.json,16,5.0,39,39,5.0,0.0,0.0,195.0,5.0,1.1111111111111112
ukraine,2020,FUIB,evaluations/reruns/country_year_classification_20260630_211343/ukraine_2020/checkpoints_corrected/Ukraine_FUIB_2020_1e5da15310d8.json,17,2.0,1,0,0.0,0.0,0.0,0.0,0.0,0.0
ukraine,2020,OTP Bank,evaluations/reruns/country_year_classification_20260630_211343/ukraine_2020/checkpoints_corrected/Ukraine_OTP_Bank_2020_8aec23ace03c.json,1,0.0,0,0,0.0,0.0,0.0,0.0,0.0,0.0
ukraine,2020,OTP Bank,evaluations/reruns/country_year_classification_20260630_211343/ukraine_2020/checkpoints_corrected/Ukraine_OTP_Bank_2020_8aec23ace03c.json,2,0.0,0,0,0.0,0.0,0.0,0.0,0.0,0.0
ukraine,2020,OTP Bank,evaluations/reruns/country_year_classification_20260630_211343/ukraine_2020/checkpoints_corrected/Ukraine_OTP_Bank_2020_8aec23ace03c.json,3,0.0,0,0,0.0,0.0,0.0,0.0,0.0,0.0
ukraine,2020,OTP Bank,evaluations/reruns/country_year_classification_20260630_211343/ukraine_2020/checkpoints_corrected/Ukraine_OTP_Bank_2020_8aec23ace03c.json,4,0.0,0,0,0.0,0.0,0.0,0.0,0.0,0.0
ukraine,2020,OTP Bank,evaluations/reruns/country_year_classification_20260630_211343/ukraine_2020/checkpoints_corrected/Ukraine_OTP_Bank_2020_8aec23ace03c.json,5,0.0,0,0,0.0,0.0,0.0,0.0,0.0,0.0
ukraine,2020,OTP Bank,evaluations/reruns/country_year_classification_20260630_211343/ukraine_2020/checkpoints_corrected/Ukraine_OTP_Bank_2020_8aec23ace03c.json,6,0.0,0,0,0.0,0.0,0.0,0.0,0.0,0.0
ukraine,2020,OTP Bank,evaluations/reruns/country_year_classification_20260630_211343/ukraine_2020/checkpoints_corrected/Ukraine_OTP_Bank_2020_8aec23ace03c.json,7,0.0,0,0,0.0,0.0,0.0,0.0,0.0,0.0
ukraine,2020,OTP Bank,evaluations/reruns/country_year_classification_20260630_211343/ukraine_2020/checkpoints_corrected/Ukraine_OTP_Bank_2020_8aec23ace03c.json,8,0.0,0,0,0.0,0.0,0.0,0.0,0.0,0.0
ukraine,2020,OTP Bank,evaluations/reruns/country_year_classification_20260630_211343/ukraine_2020/checkpoints_corrected/Ukraine_OTP_Bank_2020_8aec23ace03c.json,9,0.0,0,0,0.0,0.0,0.0,0.0,0.0,0.0
ukraine,2020,OTP Bank,evaluations/reruns/country_year_classification_20260630_211343/ukraine_2020/checkpoints_corrected/Ukraine_OTP_Bank_2020_8aec23ace03c.json,10,0.0,0,0,0.0,0.0,0.0,0.0,0.0,0.0
ukraine,2020,OTP Bank,evaluations/reruns/country_year_classification_20260630_211343/ukraine_2020/checkpoints_corrected/Ukraine_OTP_Bank_2020_8aec23ace03c.json,11,0.0,0,0,0.0,0.0,0.0,0.0,0.0,0.0
ukraine,2020,OTP Bank,evaluations/reruns/country_year_classification_20260630_211343/ukraine_2020/checkpoints_corrected/Ukraine_OTP_Bank_2020_8aec23ace03c.json,12,0.0,0,0,0.0,0.0,0.0,0.0,0.0,0.0
ukraine,2020,OTP Bank,evaluations/reruns/country_year_classification_20260630_211343/ukraine_2020/checkpoints_corrected/Ukraine_OTP_Bank_2020_8aec23ace03c.json,13,0.0,0,0,0.0,0.0,0.0,0.0,0.0,0.0
ukraine,2020,OTP Bank,evaluations/reruns/country_year_classification_20260630_211343/ukraine_2020/checkpoints_corrected/Ukraine_OTP_Bank_2020_8aec23ace03c.json,14,0.0,0,0,0.0,0.0,0.0,0.0,0.0,0.0
ukraine,2020,OTP Bank,evaluations/reruns/country_year_classification_20260630_211343/ukraine_2020/checkpoints_corrected/Ukraine_OTP_Bank_2020_8aec23ace03c.json,15,0.0,0,0,0.0,0.0,0.0,0.0,0.0,0.0
ukraine,2020,OTP Bank,evaluations/reruns/country_year_classification_20260630_211343/ukraine_2020/checkpoints_corrected/Ukraine_OTP_Bank_2020_8aec23ace03c.json,16,0.0,0,0,0.0,0.0,0.0,0.0,0.0,0.0
ukraine,2020,OTP Bank,evaluations/reruns/country_year_classification_20260630_211343/ukraine_2020/checkpoints_corrected/Ukraine_OTP_Bank_2020_8aec23ace03c.json,17,0.0,0,0,0.0,0.0,0.0,0.0,0.0,0.0
ukraine,2020,Pivdenny,evaluations/reruns/country_year_classification_20260630_211343/ukraine_2020/checkpoints_corrected/Ukraine_Pivdenny_2020_3a30a298a02a.json,1,2.0,4,0,0.0,0.0,0.0,0.0,0.0,0.0
ukraine,2020,Pivdenny,evaluations/reruns/country_year_classification_20260630_211343/ukraine_2020/checkpoints_corrected/Ukraine_Pivdenny_2020_3a30a298a02a.json,2,0.0,0,0,0.0,0.0,0.0,0.0,0.0,0.0
ukraine,2020,Pivdenny,evaluations/reruns/country_year_classification_20260630_211343/ukraine_2020/checkpoints_corrected/Ukraine_Pivdenny_2020_3a30a298a02a.json,3,3.5,6,6,3.5,0.0,0.0,21.0,3.5,0.8536585365853658
ukraine,2020,Pivdenny,evaluations/reruns/country_year_classification_20260630_211343/ukraine_2020/checkpoints_corrected/Ukraine_Pivdenny_2020_3a30a298a02a.json,4,4.0,6,6,4.0,0.0,0.0,24.0,4.0,0.975609756097561
ukraine,2020,Pivdenny,evaluations/reruns/country_year_classification_20260630_211343/ukraine_2020/checkpoints_corrected/Ukraine_Pivdenny_2020_3a30a298a02a.json,5,2.0,1,0,0.0,0.0,0.0,0.0,0.0,0.0
ukraine,2020,Pivdenny,evaluations/reruns/country_year_classification_20260630_211343/ukraine_2020/checkpoints_corrected/Ukraine_Pivdenny_2020_3a30a298a02a.json,6,0.0,0,0,0.0,0.0,0.0,0.0,0.0,0.0
ukraine,2020,Pivdenny,evaluations/reruns/country_year_classification_20260630_211343/ukraine_2020/checkpoints_corrected/Ukraine_Pivdenny_2020_3a30a298a02a.json,7,2.0,1,0,0.0,0.0,0.0,0.0,0.0,0.0
ukraine,2020,Pivdenny,evaluations/reruns/country_year_classification_20260630_211343/ukraine_2020/checkpoints_corrected/Ukraine_Pivdenny_2020_3a30a298a02a.json,8,4.0,14,14,4.0,0.0,0.0,56.0,4.0,0.975609756097561
ukraine,2020,Pivdenny,evaluations/reruns/country_year_classification_20260630_211343/ukraine_2020/checkpoints_corrected/Ukraine_Pivdenny_2020_3a30a298a02a.json,9,4.0,3,3,4.0,0.0,0.0,12.0,4.0,0.975609756097561
ukraine,2020,Pivdenny,evaluations/reruns/country_year_classification_20260630_211343/ukraine_2020/checkpoints_corrected/Ukraine_Pivdenny_2020_3a30a298a02a.json,10,0.0,0,0,0.0,0.0,0.0,0.0,0.0,0.0
ukraine,2020,Pivdenny,evaluations/reruns/country_year_classification_20260630_211343/ukraine_2020/checkpoints_corrected/Ukraine_Pivdenny_2020_3a30a298a02a.json,11,0.0,0,0,0.0,0.0,0.0,0.0,0.0,0.0
ukraine,2020,Pivdenny,evaluations/reruns/country_year_classification_20260630_211343/ukraine_2020/checkpoints_corrected/Ukraine_Pivdenny_2020_3a30a298a02a.json,12,2.0,2,0,0.0,0.0,0.0,0.0,0.0,0.0
ukraine,2020,Pivdenny,evaluations/reruns/country_year_classification_20260630_211343/ukraine_2020/checkpoints_corrected/Ukraine_Pivdenny_2020_3a30a298a02a.json,13,2.0,2,0,0.0,0.0,0.0,0.0,0.0,0.0
ukraine,2020,Pivdenny,evaluations/reruns/country_year_classification_20260630_211343/ukraine_2020/checkpoints_corrected/Ukraine_Pivdenny_2020_3a30a298a02a.json,14,0.0,0,0,0.0,0.0,0.0,0.0,0.0,0.0
ukraine,2020,Pivdenny,evaluations/reruns/country_year_classification_20260630_211343/ukraine_2020/checkpoints_corrected/Ukraine_Pivdenny_2020_3a30a298a02a.json,15,0.0,0,0,0.0,0.0,0.0,0.0,0.0,0.0
ukraine,2020,Pivdenny,evaluations/reruns/country_year_classification_20260630_211343/ukraine_2020/checkpoints_corrected/Ukraine_Pivdenny_2020_3a30a298a02a.json,16,5.0,11,11,5.0,0.0,0.0,55.0,5.0,1.2195121951219512
ukraine,2020,Pivdenny,evaluations/reruns/country_year_classification_20260630_211343/ukraine_2020/checkpoints_corrected/Ukraine_Pivdenny_2020_3a30a298a02a.json,17,2.5,6,0,0.0,0.0,0.0,0.0,0.0,0.0
ukraine,2020,Privatbank,evaluations/reruns/country_year_classification_20260630_211343/ukraine_2020/checkpoints_corrected/Ukraine_Privatbank_2020_4fde3f72a27b.json,1,1.0,3,0,0.0,0.0,0.0,0.0,0.0,0.0
ukraine,2020,Privatbank,evaluations/reruns/country_year_classification_20260630_211343/ukraine_2020/checkpoints_corrected/Ukraine_Privatbank_2020_4fde3f72a27b.json,2,2.0,1,0,0.0,0.0,0.0,0.0,0.0,0.0
ukraine,2020,Privatbank,evaluations/reruns/country_year_classification_20260630_211343/ukraine_2020/checkpoints_corrected/Ukraine_Privatbank_2020_4fde3f72a27b.json,3,3.5,3,3,3.5,0.0,0.0,10.5,3.5,0.546875
ukraine,2020,Privatbank,evaluations/reruns/country_year_classification_20260630_211343/ukraine_2020/checkpoints_corrected/Ukraine_Privatbank_2020_4fde3f72a27b.json,4,3.0,2,2,3.0,0.0,0.0,6.0,3.0,0.46875
ukraine,2020,Privatbank,evaluations/reruns/country_year_classification_20260630_211343/ukraine_2020/checkpoints_corrected/Ukraine_Privatbank_2020_4fde3f72a27b.json,5,3.0,2,2,3.0,0.0,0.0,6.0,3.0,0.46875
ukraine,2020,Privatbank,evaluations/reruns/country_year_classification_20260630_211343/ukraine_2020/checkpoints_corrected/Ukraine_Privatbank_2020_4fde3f72a27b.json,6,0.0,0,0,0.0,0.0,0.0,0.0,0.0,0.0
ukraine,2020,Privatbank,evaluations/reruns/country_year_classification_20260630_211343/ukraine_2020/checkpoints_corrected/Ukraine_Privatbank_2020_4fde3f72a27b.json,7,0.0,0,0,0.0,0.0,0.0,0.0,0.0,0.0
ukraine,2020,Privatbank,evaluations/reruns/country_year_classification_20260630_211343/ukraine_2020/checkpoints_corrected/Ukraine_Privatbank_2020_4fde3f72a27b.json,8,4.0,9,9,4.0,0.0,0.0,36.0,4.0,0.625
ukraine,2020,Privatbank,evaluations/reruns/country_year_classification_20260630_211343/ukraine_2020/checkpoints_corrected/Ukraine_Privatbank_2020_4fde3f72a27b.json,9,3.0,5,5,3.0,0.0,0.0,15.0,3.0,0.46875
ukraine,2020,Privatbank,evaluations/reruns/country_year_classification_20260630_211343/ukraine_2020/checkpoints_corrected/Ukraine_Privatbank_2020_4fde3f72a27b.json,10,3.5,4,4,3.5,0.0,0.0,14.0,3.5,0.546875
ukraine,2020,Privatbank,evaluations/reruns/country_year_classification_20260630_211343/ukraine_2020/checkpoints_corrected/Ukraine_Privatbank_2020_4fde3f72a27b.json,11,0.0,0,0,0.0,0.0,0.0,0.0,0.0,0.0
ukraine,2020,Privatbank,evaluations/reruns/country_year_classification_20260630_211343/ukraine_2020/checkpoints_corrected/Ukraine_Privatbank_2020_4fde3f72a27b.json,12,3.5,2,2,3.5,0.0,0.0,7.0,3.5,0.546875
ukraine,2020,Privatbank,evaluations/reruns/country_year_classification_20260630_211343/ukraine_2020/checkpoints_corrected/Ukraine_Privatbank_2020_4fde3f72a27b.json,13,3.5,2,2,3.5,0.0,0.0,7.0,3.5,0.546875
ukraine,2020,Privatbank,evaluations/reruns/country_year_classification_20260630_211343/ukraine_2020/checkpoints_corrected/Ukraine_Privatbank_2020_4fde3f72a27b.json,14,0.0,0,0,0.0,0.0,0.0,0.0,0.0,0.0
ukraine,2020,Privatbank,evaluations/reruns/country_year_classification_20260630_211343/ukraine_2020/checkpoints_corrected/Ukraine_Privatbank_2020_4fde3f72a27b.json,15,2.0,1,0,0.0,0.0,0.0,0.0,0.0,0.0
ukraine,2020,Privatbank,evaluations/reruns/country_year_classification_20260630_211343/ukraine_2020/checkpoints_corrected/Ukraine_Privatbank_2020_4fde3f72a27b.json,16,5.0,6,6,5.0,0.0,0.0,30.0,5.0,0.78125
ukraine,2020,Privatbank,evaluations/reruns/country_year_classification_20260630_211343/ukraine_2020/checkpoints_corrected/Ukraine_Privatbank_2020_4fde3f72a27b.json,17,1.0,1,0,0.0,0.0,0.0,0.0,0.0,0.0
ukraine,2020,Raiffeisen Bank JSC,evaluations/reruns/country_year_classification_20260630_211343/ukraine_2020/checkpoints_corrected/Ukraine_Raiffeisen_Bank_JSC_2020_c986a084b410.json,1,3.0,2,2,3.0,0.0,0.0,6.0,3.0,0.5555555555555556
ukraine,2020,Raiffeisen Bank JSC,evaluations/reruns/country_year_classification_20260630_211343/ukraine_2020/checkpoints_corrected/Ukraine_Raiffeisen_Bank_JSC_2020_c986a084b410.json,2,3.0,4,4,3.0,0.0,0.0,12.0,3.0,0.5555555555555556
ukraine,2020,Raiffeisen Bank JSC,evaluations/reruns/country_year_classification_20260630_211343/ukraine_2020/checkpoints_corrected/Ukraine_Raiffeisen_Bank_JSC_2020_c986a084b410.json,3,4.0,17,17,4.0,0.0,0.0,68.0,4.0,0.7407407407407407
ukraine,2020,Raiffeisen Bank JSC,evaluations/reruns/country_year_classification_20260630_211343/ukraine_2020/checkpoints_corrected/Ukraine_Raiffeisen_Bank_JSC_2020_c986a084b410.json,4,2.5,4,0,0.0,0.0,0.0,0.0,0.0,0.0
ukraine,2020,Raiffeisen Bank JSC,evaluations/reruns/country_year_classification_20260630_211343/ukraine_2020/checkpoints_corrected/Ukraine_Raiffeisen_Bank_JSC_2020_c986a084b410.json,5,2.0,1,0,0.0,0.0,0.0,0.0,0.0,0.0
ukraine,2020,Raiffeisen Bank JSC,evaluations/reruns/country_year_classification_20260630_211343/ukraine_2020/checkpoints_corrected/Ukraine_Raiffeisen_Bank_JSC_2020_c986a084b410.json,6,0.0,0,0,0.0,0.0,0.0,0.0,0.0,0.0
ukraine,2020,Raiffeisen Bank JSC,evaluations/reruns/country_year_classification_20260630_211343/ukraine_2020/checkpoints_corrected/Ukraine_Raiffeisen_Bank_JSC_2020_c986a084b410.json,7,0.0,0,0,0.0,0.0,0.0,0.0,0.0,0.0
ukraine,2020,Raiffeisen Bank JSC,evaluations/reruns/country_year_classification_20260630_211343/ukraine_2020/checkpoints_corrected/Ukraine_Raiffeisen_Bank_JSC_2020_c986a084b410.json,8,4.0,17,17,4.0,0.0,0.0,68.0,4.0,0.7407407407407407
ukraine,2020,Raiffeisen Bank JSC,evaluations/reruns/country_year_classification_20260630_211343/ukraine_2020/checkpoints_corrected/Ukraine_Raiffeisen_Bank_JSC_2020_c986a084b410.json,9,4.0,14,14,4.0,0.0,0.0,56.0,4.0,0.7407407407407407
ukraine,2020,Raiffeisen Bank JSC,evaluations/reruns/country_year_classification_20260630_211343/ukraine_2020/checkpoints_corrected/Ukraine_Raiffeisen_Bank_JSC_2020_c986a084b410.json,10,2.0,2,0,0.0,0.0,0.0,0.0,0.0,0.0
ukraine,2020,Raiffeisen Bank JSC,evaluations/reruns/country_year_classification_20260630_211343/ukraine_2020/checkpoints_corrected/Ukraine_Raiffeisen_Bank_JSC_2020_c986a084b410.json,11,0.0,0,0,0.0,0.0,0.0,0.0,0.0,0.0
ukraine,2020,Raiffeisen Bank JSC,evaluations/reruns/country_year_classification_20260630_211343/ukraine_2020/checkpoints_corrected/Ukraine_Raiffeisen_Bank_JSC_2020_c986a084b410.json,12,3.0,4,4,3.0,0.0,0.0,12.0,3.0,0.5555555555555556
ukraine,2020,Raiffeisen Bank JSC,evaluations/reruns/country_year_classification_20260630_211343/ukraine_2020/checkpoints_corrected/Ukraine_Raiffeisen_Bank_JSC_2020_c986a084b410.json,13,2.5,1,0,0.0,0.0,0.0,0.0,0.0,0.0
ukraine,2020,Raiffeisen Bank JSC,evaluations/reruns/country_year_classification_20260630_211343/ukraine_2020/checkpoints_corrected/Ukraine_Raiffeisen_Bank_JSC_2020_c986a084b410.json,14,0.0,0,0,0.0,0.0,0.0,0.0,0.0,0.0
ukraine,2020,Raiffeisen Bank JSC,evaluations/reruns/country_year_classification_20260630_211343/ukraine_2020/checkpoints_corrected/Ukraine_Raiffeisen_Bank_JSC_2020_c986a084b410.json,15,0.0,0,0,0.0,0.0,0.0,0.0,0.0,0.0
ukraine,2020,Raiffeisen Bank JSC,evaluations/reruns/country_year_classification_20260630_211343/ukraine_2020/checkpoints_corrected/Ukraine_Raiffeisen_Bank_JSC_2020_c986a084b410.json,16,3.0,4,4,3.0,0.0,0.0,12.0,3.0,0.5555555555555556
ukraine,2020,Raiffeisen Bank JSC,evaluations/reruns/country_year_classification_20260630_211343/ukraine_2020/checkpoints_corrected/Ukraine_Raiffeisen_Bank_JSC_2020_c986a084b410.json,17,3.0,4,4,3.0,0.0,0.0,12.0,3.0,0.5555555555555556
ukraine,2020,Sense Bank,evaluations/reruns/country_year_classification_20260630_211343/ukraine_2020/checkpoints_corrected/Ukraine_Sense_Bank_2020_0336277606fe.json,1,2.0,1,0,0.0,0.0,0.0,0.0,0.0,0.0
ukraine,2020,Sense Bank,evaluations/reruns/country_year_classification_20260630_211343/ukraine_2020/checkpoints_corrected/Ukraine_Sense_Bank_2020_0336277606fe.json,2,2.0,3,0,0.0,0.0,0.0,0.0,0.0,0.0
ukraine,2020,Sense Bank,evaluations/reruns/country_year_classification_20260630_211343/ukraine_2020/checkpoints_corrected/Ukraine_Sense_Bank_2020_0336277606fe.json,3,3.5,7,7,3.5,0.0,0.0,24.5,3.5,1.0606060606060606
ukraine,2020,Sense Bank,evaluations/reruns/country_year_classification_20260630_211343/ukraine_2020/checkpoints_corrected/Ukraine_Sense_Bank_2020_0336277606fe.json,4,0.0,0,0,0.0,0.0,0.0,0.0,0.0,0.0
ukraine,2020,Sense Bank,evaluations/reruns/country_year_classification_20260630_211343/ukraine_2020/checkpoints_corrected/Ukraine_Sense_Bank_2020_0336277606fe.json,5,0.0,0,0,0.0,0.0,0.0,0.0,0.0,0.0
ukraine,2020,Sense Bank,evaluations/reruns/country_year_classification_20260630_211343/ukraine_2020/checkpoints_corrected/Ukraine_Sense_Bank_2020_0336277606fe.json,6,0.0,0,0,0.0,0.0,0.0,0.0,0.0,0.0
ukraine,2020,Sense Bank,evaluations/reruns/country_year_classification_20260630_211343/ukraine_2020/checkpoints_corrected/Ukraine_Sense_Bank_2020_0336277606fe.json,7,2.0,1,0,0.0,0.0,0.0,0.0,0.0,0.0
ukraine,2020,Sense Bank,evaluations/reruns/country_year_classification_20260630_211343/ukraine_2020/checkpoints_corrected/Ukraine_Sense_Bank_2020_0336277606fe.json,8,4.0,13,13,4.0,0.0,0.0,52.0,4.0,1.2121212121212122
ukraine,2020,Sense Bank,evaluations/reruns/country_year_classification_20260630_211343/ukraine_2020/checkpoints_corrected/Ukraine_Sense_Bank_2020_0336277606fe.json,9,4.0,9,9,4.0,0.0,0.0,36.0,4.0,1.2121212121212122
ukraine,2020,Sense Bank,evaluations/reruns/country_year_classification_20260630_211343/ukraine_2020/checkpoints_corrected/Ukraine_Sense_Bank_2020_0336277606fe.json,10,2.0,2,0,0.0,0.0,0.0,0.0,0.0,0.0
ukraine,2020,Sense Bank,evaluations/reruns/country_year_classification_20260630_211343/ukraine_2020/checkpoints_corrected/Ukraine_Sense_Bank_2020_0336277606fe.json,11,0.0,0,0,0.0,0.0,0.0,0.0,0.0,0.0
ukraine,2020,Sense Bank,evaluations/reruns/country_year_classification_20260630_211343/ukraine_2020/checkpoints_corrected/Ukraine_Sense_Bank_2020_0336277606fe.json,12,0.0,0,0,0.0,0.0,0.0,0.0,0.0,0.0
ukraine,2020,Sense Bank,evaluations/reruns/country_year_classification_20260630_211343/ukraine_2020/checkpoints_corrected/Ukraine_Sense_Bank_2020_0336277606fe.json,13,0.0,0,0,0.0,0.0,0.0,0.0,0.0,0.0
ukraine,2020,Sense Bank,evaluations/reruns/country_year_classification_20260630_211343/ukraine_2020/checkpoints_corrected/Ukraine_Sense_Bank_2020_0336277606fe.json,14,0.0,0,0,0.0,0.0,0.0,0.0,0.0,0.0
ukraine,2020,Sense Bank,evaluations/reruns/country_year_classification_20260630_211343/ukraine_2020/checkpoints_corrected/Ukraine_Sense_Bank_2020_0336277606fe.json,15,0.0,0,0,0.0,0.0,0.0,0.0,0.0,0.0
ukraine,2020,Sense Bank,evaluations/reruns/country_year_classification_20260630_211343/ukraine_2020/checkpoints_corrected/Ukraine_Sense_Bank_2020_0336277606fe.json,16,5.0,12,12,5.0,0.0,0.0,60.0,5.0,1.5151515151515151
ukraine,2020,Sense Bank,evaluations/reruns/country_year_classification_20260630_211343/ukraine_2020/checkpoints_corrected/Ukraine_Sense_Bank_2020_0336277606fe.json,17,2.0,3,0,0.0,0.0,0.0,0.0,0.0,0.0
ukraine,2020,Tascombank,evaluations/reruns/country_year_classification_20260630_211343/ukraine_2020/checkpoints_corrected/Ukraine_Tascombank_2020_f79ae738907f.json,1,1.0,5,0,0.0,0.0,0.0,0.0,0.0,0.0
ukraine,2020,Tascombank,evaluations/reruns/country_year_classification_20260630_211343/ukraine_2020/checkpoints_corrected/Ukraine_Tascombank_2020_f79ae738907f.json,2,2.0,2,0,0.0,0.0,0.0,0.0,0.0,0.0
ukraine,2020,Tascombank,evaluations/reruns/country_year_classification_20260630_211343/ukraine_2020/checkpoints_corrected/Ukraine_Tascombank_2020_f79ae738907f.json,3,1.0,1,0,0.0,0.0,0.0,0.0,0.0,0.0
ukraine,2020,Tascombank,evaluations/reruns/country_year_classification_20260630_211343/ukraine_2020/checkpoints_corrected/Ukraine_Tascombank_2020_f79ae738907f.json,4,3.0,2,2,3.0,0.0,0.0,6.0,3.0,0.7894736842105263
ukraine,2020,Tascombank,evaluations/reruns/country_year_classification_20260630_211343/ukraine_2020/checkpoints_corrected/Ukraine_Tascombank_2020_f79ae738907f.json,5,2.0,1,0,0.0,0.0,0.0,0.0,0.0,0.0
ukraine,2020,Tascombank,evaluations/reruns/country_year_classification_20260630_211343/ukraine_2020/checkpoints_corrected/Ukraine_Tascombank_2020_f79ae738907f.json,6,0.0,0,0,0.0,0.0,0.0,0.0,0.0,0.0
ukraine,2020,Tascombank,evaluations/reruns/country_year_classification_20260630_211343/ukraine_2020/checkpoints_corrected/Ukraine_Tascombank_2020_f79ae738907f.json,7,2.0,1,0,0.0,0.0,0.0,0.0,0.0,0.0
ukraine,2020,Tascombank,evaluations/reruns/country_year_classification_20260630_211343/ukraine_2020/checkpoints_corrected/Ukraine_Tascombank_2020_f79ae738907f.json,8,4.0,6,6,4.0,0.0,0.0,24.0,4.0,1.0526315789473684
ukraine,2020,Tascombank,evaluations/reruns/country_year_classification_20260630_211343/ukraine_2020/checkpoints_corrected/Ukraine_Tascombank_2020_f79ae738907f.json,9,4.0,2,2,4.0,0.0,0.0,8.0,4.0,1.0526315789473684
ukraine,2020,Tascombank,evaluations/reruns/country_year_classification_20260630_211343/ukraine_2020/checkpoints_corrected/Ukraine_Tascombank_2020_f79ae738907f.json,10,2.0,5,0,0.0,0.0,0.0,0.0,0.0,0.0
ukraine,2020,Tascombank,evaluations/reruns/country_year_classification_20260630_211343/ukraine_2020/checkpoints_corrected/Ukraine_Tascombank_2020_f79ae738907f.json,11,0.0,0,0,0.0,0.0,0.0,0.0,0.0,0.0
ukraine,2020,Tascombank,evaluations/reruns/country_year_classification_20260630_211343/ukraine_2020/checkpoints_corrected/Ukraine_Tascombank_2020_f79ae738907f.json,12,0.0,0,0,0.0,0.0,0.0,0.0,0.0,0.0
ukraine,2020,Tascombank,evaluations/reruns/country_year_classification_20260630_211343/ukraine_2020/checkpoints_corrected/Ukraine_Tascombank_2020_f79ae738907f.json,13,1.0,1,0,0.0,0.0,0.0,0.0,0.0,0.0
ukraine,2020,Tascombank,evaluations/reruns/country_year_classification_20260630_211343/ukraine_2020/checkpoints_corrected/Ukraine_Tascombank_2020_f79ae738907f.json,14,0.0,0,0,0.0,0.0,0.0,0.0,0.0,0.0
ukraine,2020,Tascombank,evaluations/reruns/country_year_classification_20260630_211343/ukraine_2020/checkpoints_corrected/Ukraine_Tascombank_2020_f79ae738907f.json,15,0.0,0,0,0.0,0.0,0.0,0.0,0.0,0.0
ukraine,2020,Tascombank,evaluations/reruns/country_year_classification_20260630_211343/ukraine_2020/checkpoints_corrected/Ukraine_Tascombank_2020_f79ae738907f.json,16,5.0,5,5,5.0,0.0,0.0,25.0,5.0,1.3157894736842106
ukraine,2020,Tascombank,evaluations/reruns/country_year_classification_20260630_211343/ukraine_2020/checkpoints_corrected/Ukraine_Tascombank_2020_f79ae738907f.json,17,3.0,2,2,3.0,0.0,0.0,6.0,3.0,0.7894736842105263
ukraine,2020,Ukreximbank,evaluations/reruns/country_year_classification_20260630_211343/ukraine_2020/checkpoints_corrected/Ukraine_Ukreximbank_2020_d91b65af2fdc.json,1,0.0,0,0,0.0,0.0,0.0,0.0,0.0,0.0
ukraine,2020,Ukreximbank,evaluations/reruns/country_year_classification_20260630_211343/ukraine_2020/checkpoints_corrected/Ukraine_Ukreximbank_2020_d91b65af2fdc.json,2,2.0,1,0,0.0,0.0,0.0,0.0,0.0,0.0
ukraine,2020,Ukreximbank,evaluations/reruns/country_year_classification_20260630_211343/ukraine_2020/checkpoints_corrected/Ukraine_Ukreximbank_2020_d91b65af2fdc.json,3,3.0,4,4,3.0,0.0,0.0,12.0,3.0,0.36585365853658536
ukraine,2020,Ukreximbank,evaluations/reruns/country_year_classification_20260630_211343/ukraine_2020/checkpoints_corrected/Ukraine_Ukreximbank_2020_d91b65af2fdc.json,4,3.0,2,2,3.0,0.0,0.0,6.0,3.0,0.36585365853658536
ukraine,2020,Ukreximbank,evaluations/reruns/country_year_classification_20260630_211343/ukraine_2020/checkpoints_corrected/Ukraine_Ukreximbank_2020_d91b65af2fdc.json,5,4.0,2,2,4.0,0.0,0.0,8.0,4.0,0.4878048780487805
ukraine,2020,Ukreximbank,evaluations/reruns/country_year_classification_20260630_211343/ukraine_2020/checkpoints_corrected/Ukraine_Ukreximbank_2020_d91b65af2fdc.json,6,0.0,0,0,0.0,0.0,0.0,0.0,0.0,0.0
ukraine,2020,Ukreximbank,evaluations/reruns/country_year_classification_20260630_211343/ukraine_2020/checkpoints_corrected/Ukraine_Ukreximbank_2020_d91b65af2fdc.json,7,4.0,5,5,4.0,0.0,0.0,20.0,4.0,0.4878048780487805
ukraine,2020,Ukreximbank,evaluations/reruns/country_year_classification_20260630_211343/ukraine_2020/checkpoints_corrected/Ukraine_Ukreximbank_2020_d91b65af2fdc.json,8,5.0,17,17,5.0,0.0,0.0,85.0,5.0,0.6097560975609756
ukraine,2020,Ukreximbank,evaluations/reruns/country_year_classification_20260630_211343/ukraine_2020/checkpoints_corrected/Ukraine_Ukreximbank_2020_d91b65af2fdc.json,9,4.5,12,12,4.5,0.0,0.0,54.0,4.5,0.5487804878048781
ukraine,2020,Ukreximbank,evaluations/reruns/country_year_classification_20260630_211343/ukraine_2020/checkpoints_corrected/Ukraine_Ukreximbank_2020_d91b65af2fdc.json,10,3.0,1,1,3.0,0.0,0.0,3.0,3.0,0.36585365853658536
ukraine,2020,Ukreximbank,evaluations/reruns/country_year_classification_20260630_211343/ukraine_2020/checkpoints_corrected/Ukraine_Ukreximbank_2020_d91b65af2fdc.json,11,0.0,0,0,0.0,0.0,0.0,0.0,0.0,0.0
ukraine,2020,Ukreximbank,evaluations/reruns/country_year_classification_20260630_211343/ukraine_2020/checkpoints_corrected/Ukraine_Ukreximbank_2020_d91b65af2fdc.json,12,4.0,6,6,4.0,0.0,0.0,24.0,4.0,0.4878048780487805
ukraine,2020,Ukreximbank,evaluations/reruns/country_year_classification_20260630_211343/ukraine_2020/checkpoints_corrected/Ukraine_Ukreximbank_2020_d91b65af2fdc.json,13,3.0,4,4,3.0,0.0,0.0,12.0,3.0,0.36585365853658536
ukraine,2020,Ukreximbank,evaluations/reruns/country_year_classification_20260630_211343/ukraine_2020/checkpoints_corrected/Ukraine_Ukreximbank_2020_d91b65af2fdc.json,14,0.0,0,0,0.0,0.0,0.0,0.0,0.0,0.0
ukraine,2020,Ukreximbank,evaluations/reruns/country_year_classification_20260630_211343/ukraine_2020/checkpoints_corrected/Ukraine_Ukreximbank_2020_d91b65af2fdc.json,15,0.0,0,0,0.0,0.0,0.0,0.0,0.0,0.0
ukraine,2020,Ukreximbank,evaluations/reruns/country_year_classification_20260630_211343/ukraine_2020/checkpoints_corrected/Ukraine_Ukreximbank_2020_d91b65af2fdc.json,16,4.5,10,10,4.5,0.0,0.0,45.0,4.5,0.5487804878048781
ukraine,2020,Ukreximbank,evaluations/reruns/country_year_classification_20260630_211343/ukraine_2020/checkpoints_corrected/Ukraine_Ukreximbank_2020_d91b65af2fdc.json,17,3.0,9,9,3.0,0.0,0.0,27.0,3.0,0.36585365853658536
ukraine,2020,Ukrgazbank,evaluations/reruns/country_year_classification_20260630_211343/ukraine_2020/checkpoints_corrected/Ukraine_Ukrgazbank_2020_6602b6335bc4.json,1,0.0,0,0,0.0,0.0,0.0,0.0,0.0,0.0
ukraine,2020,Ukrgazbank,evaluations/reruns/country_year_classification_20260630_211343/ukraine_2020/checkpoints_corrected/Ukraine_Ukrgazbank_2020_6602b6335bc4.json,2,1.0,2,0,0.0,0.0,0.0,0.0,0.0,0.0
ukraine,2020,Ukrgazbank,evaluations/reruns/country_year_classification_20260630_211343/ukraine_2020/checkpoints_corrected/Ukraine_Ukrgazbank_2020_6602b6335bc4.json,3,2.0,3,0,0.0,0.0,0.0,0.0,0.0,0.0
ukraine,2020,Ukrgazbank,evaluations/reruns/country_year_classification_20260630_211343/ukraine_2020/checkpoints_corrected/Ukraine_Ukrgazbank_2020_6602b6335bc4.json,4,2.0,1,0,0.0,0.0,0.0,0.0,0.0,0.0
ukraine,2020,Ukrgazbank,evaluations/reruns/country_year_classification_20260630_211343/ukraine_2020/checkpoints_corrected/Ukraine_Ukrgazbank_2020_6602b6335bc4.json,5,3.0,3,3,3.0,0.0,0.0,9.0,3.0,0.5172413793103449
ukraine,2020,Ukrgazbank,evaluations/reruns/country_year_classification_20260630_211343/ukraine_2020/checkpoints_corrected/Ukraine_Ukrgazbank_2020_6602b6335bc4.json,6,0.0,0,0,0.0,0.0,0.0,0.0,0.0,0.0
ukraine,2020,Ukrgazbank,evaluations/reruns/country_year_classification_20260630_211343/ukraine_2020/checkpoints_corrected/Ukraine_Ukrgazbank_2020_6602b6335bc4.json,7,4.0,8,8,4.0,0.0,0.0,32.0,4.0,0.6896551724137931
ukraine,2020,Ukrgazbank,evaluations/reruns/country_year_classification_20260630_211343/ukraine_2020/checkpoints_corrected/Ukraine_Ukrgazbank_2020_6602b6335bc4.json,8,4.0,15,15,4.0,0.0,0.0,60.0,4.0,0.6896551724137931
ukraine,2020,Ukrgazbank,evaluations/reruns/country_year_classification_20260630_211343/ukraine_2020/checkpoints_corrected/Ukraine_Ukrgazbank_2020_6602b6335bc4.json,9,3.0,18,18,3.0,0.0,0.0,54.0,3.0,0.5172413793103449
ukraine,2020,Ukrgazbank,evaluations/reruns/country_year_classification_20260630_211343/ukraine_2020/checkpoints_corrected/Ukraine_Ukrgazbank_2020_6602b6335bc4.json,10,3.0,1,1,3.0,0.0,0.0,3.0,3.0,0.5172413793103449
ukraine,2020,Ukrgazbank,evaluations/reruns/country_year_classification_20260630_211343/ukraine_2020/checkpoints_corrected/Ukraine_Ukrgazbank_2020_6602b6335bc4.json,11,0.0,0,0,0.0,0.0,0.0,0.0,0.0,0.0
ukraine,2020,Ukrgazbank,evaluations/reruns/country_year_classification_20260630_211343/ukraine_2020/checkpoints_corrected/Ukraine_Ukrgazbank_2020_6602b6335bc4.json,12,3.0,2,2,3.0,0.0,0.0,6.0,3.0,0.5172413793103449
ukraine,2020,Ukrgazbank,evaluations/reruns/country_year_classification_20260630_211343/ukraine_2020/checkpoints_corrected/Ukraine_Ukrgazbank_2020_6602b6335bc4.json,13,4.0,15,15,4.0,0.0,0.0,60.0,4.0,0.6896551724137931
ukraine,2020,Ukrgazbank,evaluations/reruns/country_year_classification_20260630_211343/ukraine_2020/checkpoints_corrected/Ukraine_Ukrgazbank_2020_6602b6335bc4.json,14,0.0,0,0,0.0,0.0,0.0,0.0,0.0,0.0
ukraine,2020,Ukrgazbank,evaluations/reruns/country_year_classification_20260630_211343/ukraine_2020/checkpoints_corrected/Ukraine_Ukrgazbank_2020_6602b6335bc4.json,15,2.0,1,0,0.0,0.0,0.0,0.0,0.0,0.0
ukraine,2020,Ukrgazbank,evaluations/reruns/country_year_classification_20260630_211343/ukraine_2020/checkpoints_corrected/Ukraine_Ukrgazbank_2020_6602b6335bc4.json,16,5.0,33,33,5.0,0.0,0.0,165.0,5.0,0.8620689655172413
ukraine,2020,Ukrgazbank,evaluations/reruns/country_year_classification_20260630_211343/ukraine_2020/checkpoints_corrected/Ukraine_Ukrgazbank_2020_6602b6335bc4.json,17,2.0,7,0,0.0,0.0,0.0,0.0,0.0,0.0
ukraine,2020,Ukrsibbank,evaluations/reruns/country_year_classification_20260630_211343/ukraine_2020/checkpoints_corrected/Ukraine_Ukrsibbank_2020_073a1d022e35.json,1,0.0,0,0,0.0,0.0,0.0,0.0,0.0,0.0
ukraine,2020,Ukrsibbank,evaluations/reruns/country_year_classification_20260630_211343/ukraine_2020/checkpoints_corrected/Ukraine_Ukrsibbank_2020_073a1d022e35.json,2,0.0,0,0,0.0,0.0,0.0,0.0,0.0,0.0
ukraine,2020,Ukrsibbank,evaluations/reruns/country_year_classification_20260630_211343/ukraine_2020/checkpoints_corrected/Ukraine_Ukrsibbank_2020_073a1d022e35.json,3,2.0,4,0,0.0,0.0,0.0,0.0,0.0,0.0
ukraine,2020,Ukrsibbank,evaluations/reruns/country_year_classification_20260630_211343/ukraine_2020/checkpoints_corrected/Ukraine_Ukrsibbank_2020_073a1d022e35.json,4,2.0,1,0,0.0,0.0,0.0,0.0,0.0,0.0
ukraine,2020,Ukrsibbank,evaluations/reruns/country_year_classification_20260630_211343/ukraine_2020/checkpoints_corrected/Ukraine_Ukrsibbank_2020_073a1d022e35.json,5,3.0,1,1,3.0,0.0,0.0,3.0,3.0,1.0344827586206897
ukraine,2020,Ukrsibbank,evaluations/reruns/country_year_classification_20260630_211343/ukraine_2020/checkpoints_corrected/Ukraine_Ukrsibbank_2020_073a1d022e35.json,6,0.0,0,0,0.0,0.0,0.0,0.0,0.0,0.0
ukraine,2020,Ukrsibbank,evaluations/reruns/country_year_classification_20260630_211343/ukraine_2020/checkpoints_corrected/Ukraine_Ukrsibbank_2020_073a1d022e35.json,7,0.0,0,0,0.0,0.0,0.0,0.0,0.0,0.0
ukraine,2020,Ukrsibbank,evaluations/reruns/country_year_classification_20260630_211343/ukraine_2020/checkpoints_corrected/Ukraine_Ukrsibbank_2020_073a1d022e35.json,8,4.0,4,4,4.0,0.0,0.0,16.0,4.0,1.3793103448275863
ukraine,2020,Ukrsibbank,evaluations/reruns/country_year_classification_20260630_211343/ukraine_2020/checkpoints_corrected/Ukraine_Ukrsibbank_2020_073a1d022e35.json,9,3.5,1,1,3.5,0.0,0.0,3.5,3.5,1.206896551724138
ukraine,2020,Ukrsibbank,evaluations/reruns/country_year_classification_20260630_211343/ukraine_2020/checkpoints_corrected/Ukraine_Ukrsibbank_2020_073a1d022e35.json,10,0.0,0,0,0.0,0.0,0.0,0.0,0.0,0.0
ukraine,2020,Ukrsibbank,evaluations/reruns/country_year_classification_20260630_211343/ukraine_2020/checkpoints_corrected/Ukraine_Ukrsibbank_2020_073a1d022e35.json,11,0.0,0,0,0.0,0.0,0.0,0.0,0.0,0.0
ukraine,2020,Ukrsibbank,evaluations/reruns/country_year_classification_20260630_211343/ukraine_2020/checkpoints_corrected/Ukraine_Ukrsibbank_2020_073a1d022e35.json,12,0.0,0,0,0.0,0.0,0.0,0.0,0.0,0.0
ukraine,2020,Ukrsibbank,evaluations/reruns/country_year_classification_20260630_211343/ukraine_2020/checkpoints_corrected/Ukraine_Ukrsibbank_2020_073a1d022e35.json,13,0.0,0,0,0.0,0.0,0.0,0.0,0.0,0.0
ukraine,2020,Ukrsibbank,evaluations/reruns/country_year_classification_20260630_211343/ukraine_2020/checkpoints_corrected/Ukraine_Ukrsibbank_2020_073a1d022e35.json,14,0.0,0,0,0.0,0.0,0.0,0.0,0.0,0.0
ukraine,2020,Ukrsibbank,evaluations/reruns/country_year_classification_20260630_211343/ukraine_2020/checkpoints_corrected/Ukraine_Ukrsibbank_2020_073a1d022e35.json,15,0.0,0,0,0.0,0.0,0.0,0.0,0.0,0.0
ukraine,2020,Ukrsibbank,evaluations/reruns/country_year_classification_20260630_211343/ukraine_2020/checkpoints_corrected/Ukraine_Ukrsibbank_2020_073a1d022e35.json,16,4.0,4,4,4.0,0.0,0.0,16.0,4.0,1.3793103448275863
ukraine,2020,Ukrsibbank,evaluations/reruns/country_year_classification_20260630_211343/ukraine_2020/checkpoints_corrected/Ukraine_Ukrsibbank_2020_073a1d022e35.json,17,1.0,1,0,0.0,0.0,0.0,0.0,0.0,0.0
ukraine,2020,Universal Bank,evaluations/reruns/country_year_classification_20260630_211343/ukraine_2020/checkpoints_corrected/Ukraine_Universal_Bank_2020_559a39616cea.json,1,1.0,3,0,0.0,0.0,0.0,0.0,0.0,0.0
ukraine,2020,Universal Bank,evaluations/reruns/country_year_classification_20260630_211343/ukraine_2020/checkpoints_corrected/Ukraine_Universal_Bank_2020_559a39616cea.json,2,0.0,0,0,0.0,0.0,0.0,0.0,0.0,0.0
ukraine,2020,Universal Bank,evaluations/reruns/country_year_classification_20260630_211343/ukraine_2020/checkpoints_corrected/Ukraine_Universal_Bank_2020_559a39616cea.json,3,2.0,3,0,0.0,0.0,0.0,0.0,0.0,0.0
ukraine,2020,Universal Bank,evaluations/reruns/country_year_classification_20260630_211343/ukraine_2020/checkpoints_corrected/Ukraine_Universal_Bank_2020_559a39616cea.json,4,3.0,4,4,3.0,0.0,0.0,12.0,3.0,0.9493670886075949
ukraine,2020,Universal Bank,evaluations/reruns/country_year_classification_20260630_211343/ukraine_2020/checkpoints_corrected/Ukraine_Universal_Bank_2020_559a39616cea.json,5,0.0,0,0,0.0,0.0,0.0,0.0,0.0,0.0
ukraine,2020,Universal Bank,evaluations/reruns/country_year_classification_20260630_211343/ukraine_2020/checkpoints_corrected/Ukraine_Universal_Bank_2020_559a39616cea.json,6,0.0,0,0,0.0,0.0,0.0,0.0,0.0,0.0
ukraine,2020,Universal Bank,evaluations/reruns/country_year_classification_20260630_211343/ukraine_2020/checkpoints_corrected/Ukraine_Universal_Bank_2020_559a39616cea.json,7,0.0,0,0,0.0,0.0,0.0,0.0,0.0,0.0
ukraine,2020,Universal Bank,evaluations/reruns/country_year_classification_20260630_211343/ukraine_2020/checkpoints_corrected/Ukraine_Universal_Bank_2020_559a39616cea.json,8,4.0,12,12,4.0,0.0,0.0,48.0,4.0,1.2658227848101264
ukraine,2020,Universal Bank,evaluations/reruns/country_year_classification_20260630_211343/ukraine_2020/checkpoints_corrected/Ukraine_Universal_Bank_2020_559a39616cea.json,9,4.0,9,9,4.0,0.0,0.0,36.0,4.0,1.2658227848101264
ukraine,2020,Universal Bank,evaluations/reruns/country_year_classification_20260630_211343/ukraine_2020/checkpoints_corrected/Ukraine_Universal_Bank_2020_559a39616cea.json,10,0.0,0,0,0.0,0.0,0.0,0.0,0.0,0.0
ukraine,2020,Universal Bank,evaluations/reruns/country_year_classification_20260630_211343/ukraine_2020/checkpoints_corrected/Ukraine_Universal_Bank_2020_559a39616cea.json,11,0.0,0,0,0.0,0.0,0.0,0.0,0.0,0.0
ukraine,2020,Universal Bank,evaluations/reruns/country_year_classification_20260630_211343/ukraine_2020/checkpoints_corrected/Ukraine_Universal_Bank_2020_559a39616cea.json,12,0.0,0,0,0.0,0.0,0.0,0.0,0.0,0.0
ukraine,2020,Universal Bank,evaluations/reruns/country_year_classification_20260630_211343/ukraine_2020/checkpoints_corrected/Ukraine_Universal_Bank_2020_559a39616cea.json,13,0.0,0,0,0.0,0.0,0.0,0.0,0.0,0.0
ukraine,2020,Universal Bank,evaluations/reruns/country_year_classification_20260630_211343/ukraine_2020/checkpoints_corrected/Ukraine_Universal_Bank_2020_559a39616cea.json,14,0.0,0,0,0.0,0.0,0.0,0.0,0.0,0.0
ukraine,2020,Universal Bank,evaluations/reruns/country_year_classification_20260630_211343/ukraine_2020/checkpoints_corrected/Ukraine_Universal_Bank_2020_559a39616cea.json,15,0.0,0,0,0.0,0.0,0.0,0.0,0.0,0.0
ukraine,2020,Universal Bank,evaluations/reruns/country_year_classification_20260630_211343/ukraine_2020/checkpoints_corrected/Ukraine_Universal_Bank_2020_559a39616cea.json,16,4.8,23,23,4.8,0.0,0.0,110.39999999999999,4.8,1.5189873417721518
ukraine,2020,Universal Bank,evaluations/reruns/country_year_classification_20260630_211343/ukraine_2020/checkpoints_corrected/Ukraine_Universal_Bank_2020_559a39616cea.json,17,2.0,2,0,0.0,0.0,0.0,0.0,0.0,0.0
ukraine,2021,A-bank,evaluations/reruns/country_year_classification_20260630_211343/ukraine_2021/checkpoints_corrected/Ukraine_A_bank_2021_9cfbf583a155.json,1,0.0,0,0,0.0,0.0,0.0,0.0,0.0,0.0
ukraine,2021,A-bank,evaluations/reruns/country_year_classification_20260630_211343/ukraine_2021/checkpoints_corrected/Ukraine_A_bank_2021_9cfbf583a155.json,2,0.0,0,0,0.0,0.0,0.0,0.0,0.0,0.0
ukraine,2021,A-bank,evaluations/reruns/country_year_classification_20260630_211343/ukraine_2021/checkpoints_corrected/Ukraine_A_bank_2021_9cfbf583a155.json,3,0.0,0,0,0.0,0.0,0.0,0.0,0.0,0.0
ukraine,2021,A-bank,evaluations/reruns/country_year_classification_20260630_211343/ukraine_2021/checkpoints_corrected/Ukraine_A_bank_2021_9cfbf583a155.json,4,0.0,0,0,0.0,0.0,0.0,0.0,0.0,0.0
ukraine,2021,A-bank,evaluations/reruns/country_year_classification_20260630_211343/ukraine_2021/checkpoints_corrected/Ukraine_A_bank_2021_9cfbf583a155.json,5,0.0,0,0,0.0,0.0,0.0,0.0,0.0,0.0
ukraine,2021,A-bank,evaluations/reruns/country_year_classification_20260630_211343/ukraine_2021/checkpoints_corrected/Ukraine_A_bank_2021_9cfbf583a155.json,6,0.0,0,0,0.0,0.0,0.0,0.0,0.0,0.0
ukraine,2021,A-bank,evaluations/reruns/country_year_classification_20260630_211343/ukraine_2021/checkpoints_corrected/Ukraine_A_bank_2021_9cfbf583a155.json,7,0.0,0,0,0.0,0.0,0.0,0.0,0.0,0.0
ukraine,2021,A-bank,evaluations/reruns/country_year_classification_20260630_211343/ukraine_2021/checkpoints_corrected/Ukraine_A_bank_2021_9cfbf583a155.json,8,4.0,5,5,4.0,0.0,0.0,20.0,4.0,1.8181818181818181
ukraine,2021,A-bank,evaluations/reruns/country_year_classification_20260630_211343/ukraine_2021/checkpoints_corrected/Ukraine_A_bank_2021_9cfbf583a155.json,9,3.0,5,5,3.0,0.0,0.0,15.0,3.0,1.3636363636363635
ukraine,2021,A-bank,evaluations/reruns/country_year_classification_20260630_211343/ukraine_2021/checkpoints_corrected/Ukraine_A_bank_2021_9cfbf583a155.json,10,0.0,0,0,0.0,0.0,0.0,0.0,0.0,0.0
ukraine,2021,A-bank,evaluations/reruns/country_year_classification_20260630_211343/ukraine_2021/checkpoints_corrected/Ukraine_A_bank_2021_9cfbf583a155.json,11,0.0,0,0,0.0,0.0,0.0,0.0,0.0,0.0
ukraine,2021,A-bank,evaluations/reruns/country_year_classification_20260630_211343/ukraine_2021/checkpoints_corrected/Ukraine_A_bank_2021_9cfbf583a155.json,12,0.0,0,0,0.0,0.0,0.0,0.0,0.0,0.0
ukraine,2021,A-bank,evaluations/reruns/country_year_classification_20260630_211343/ukraine_2021/checkpoints_corrected/Ukraine_A_bank_2021_9cfbf583a155.json,13,0.0,0,0,0.0,0.0,0.0,0.0,0.0,0.0
ukraine,2021,A-bank,evaluations/reruns/country_year_classification_20260630_211343/ukraine_2021/checkpoints_corrected/Ukraine_A_bank_2021_9cfbf583a155.json,14,0.0,0,0,0.0,0.0,0.0,0.0,0.0,0.0
ukraine,2021,A-bank,evaluations/reruns/country_year_classification_20260630_211343/ukraine_2021/checkpoints_corrected/Ukraine_A_bank_2021_9cfbf583a155.json,15,0.0,0,0,0.0,0.0,0.0,0.0,0.0,0.0
ukraine,2021,A-bank,evaluations/reruns/country_year_classification_20260630_211343/ukraine_2021/checkpoints_corrected/Ukraine_A_bank_2021_9cfbf583a155.json,16,4.0,8,8,4.0,0.0,0.0,32.0,4.0,1.8181818181818181
ukraine,2021,A-bank,evaluations/reruns/country_year_classification_20260630_211343/ukraine_2021/checkpoints_corrected/Ukraine_A_bank_2021_9cfbf583a155.json,17,2.0,1,0,0.0,0.0,0.0,0.0,0.0,0.0
ukraine,2021,Credit Agricole Bank,evaluations/reruns/country_year_classification_20260630_211343/ukraine_2021/checkpoints_corrected/Ukraine_Credit_Agricole_Bank_2021_61f28bbb122a.json,1,4.0,2,2,4.0,0.0,0.0,8.0,4.0,0.5714285714285714
ukraine,2021,Credit Agricole Bank,evaluations/reruns/country_year_classification_20260630_211343/ukraine_2021/checkpoints_corrected/Ukraine_Credit_Agricole_Bank_2021_61f28bbb122a.json,2,3.0,2,2,3.0,0.0,0.0,6.0,3.0,0.42857142857142855
ukraine,2021,Credit Agricole Bank,evaluations/reruns/country_year_classification_20260630_211343/ukraine_2021/checkpoints_corrected/Ukraine_Credit_Agricole_Bank_2021_61f28bbb122a.json,3,4.0,3,3,4.0,0.0,0.0,12.0,4.0,0.5714285714285714
ukraine,2021,Credit Agricole Bank,evaluations/reruns/country_year_classification_20260630_211343/ukraine_2021/checkpoints_corrected/Ukraine_Credit_Agricole_Bank_2021_61f28bbb122a.json,4,3.0,4,4,3.0,0.0,0.0,12.0,3.0,0.42857142857142855
ukraine,2021,Credit Agricole Bank,evaluations/reruns/country_year_classification_20260630_211343/ukraine_2021/checkpoints_corrected/Ukraine_Credit_Agricole_Bank_2021_61f28bbb122a.json,5,3.0,3,3,3.0,0.0,0.0,9.0,3.0,0.42857142857142855
ukraine,2021,Credit Agricole Bank,evaluations/reruns/country_year_classification_20260630_211343/ukraine_2021/checkpoints_corrected/Ukraine_Credit_Agricole_Bank_2021_61f28bbb122a.json,6,0.0,0,0,0.0,0.0,0.0,0.0,0.0,0.0
ukraine,2021,Credit Agricole Bank,evaluations/reruns/country_year_classification_20260630_211343/ukraine_2021/checkpoints_corrected/Ukraine_Credit_Agricole_Bank_2021_61f28bbb122a.json,7,2.0,2,0,0.0,0.0,0.0,0.0,0.0,0.0
ukraine,2021,Credit Agricole Bank,evaluations/reruns/country_year_classification_20260630_211343/ukraine_2021/checkpoints_corrected/Ukraine_Credit_Agricole_Bank_2021_61f28bbb122a.json,8,4.0,13,13,4.0,0.0,0.0,52.0,4.0,0.5714285714285714
ukraine,2021,Credit Agricole Bank,evaluations/reruns/country_year_classification_20260630_211343/ukraine_2021/checkpoints_corrected/Ukraine_Credit_Agricole_Bank_2021_61f28bbb122a.json,9,3.0,4,4,3.0,0.0,0.0,12.0,3.0,0.42857142857142855
ukraine,2021,Credit Agricole Bank,evaluations/reruns/country_year_classification_20260630_211343/ukraine_2021/checkpoints_corrected/Ukraine_Credit_Agricole_Bank_2021_61f28bbb122a.json,10,3.0,2,2,3.0,0.0,0.0,6.0,3.0,0.42857142857142855
ukraine,2021,Credit Agricole Bank,evaluations/reruns/country_year_classification_20260630_211343/ukraine_2021/checkpoints_corrected/Ukraine_Credit_Agricole_Bank_2021_61f28bbb122a.json,11,0.0,0,0,0.0,0.0,0.0,0.0,0.0,0.0
ukraine,2021,Credit Agricole Bank,evaluations/reruns/country_year_classification_20260630_211343/ukraine_2021/checkpoints_corrected/Ukraine_Credit_Agricole_Bank_2021_61f28bbb122a.json,12,2.0,2,0,0.0,0.0,0.0,0.0,0.0,0.0
ukraine,2021,Credit Agricole Bank,evaluations/reruns/country_year_classification_20260630_211343/ukraine_2021/checkpoints_corrected/Ukraine_Credit_Agricole_Bank_2021_61f28bbb122a.json,13,2.0,3,0,0.0,0.0,0.0,0.0,0.0,0.0
ukraine,2021,Credit Agricole Bank,evaluations/reruns/country_year_classification_20260630_211343/ukraine_2021/checkpoints_corrected/Ukraine_Credit_Agricole_Bank_2021_61f28bbb122a.json,14,0.0,0,0,0.0,0.0,0.0,0.0,0.0,0.0
ukraine,2021,Credit Agricole Bank,evaluations/reruns/country_year_classification_20260630_211343/ukraine_2021/checkpoints_corrected/Ukraine_Credit_Agricole_Bank_2021_61f28bbb122a.json,15,0.0,0,0,0.0,0.0,0.0,0.0,0.0,0.0
ukraine,2021,Credit Agricole Bank,evaluations/reruns/country_year_classification_20260630_211343/ukraine_2021/checkpoints_corrected/Ukraine_Credit_Agricole_Bank_2021_61f28bbb122a.json,16,5.0,11,11,5.0,0.0,0.0,55.0,5.0,0.7142857142857143
ukraine,2021,Credit Agricole Bank,evaluations/reruns/country_year_classification_20260630_211343/ukraine_2021/checkpoints_corrected/Ukraine_Credit_Agricole_Bank_2021_61f28bbb122a.json,17,3.0,6,6,3.0,0.0,0.0,18.0,3.0,0.42857142857142855
ukraine,2021,Credobank,evaluations/reruns/country_year_classification_20260630_211343/ukraine_2021/checkpoints_corrected/Ukraine_Credobank_2021_92750cf6e52d.json,1,0.0,0,0,0.0,0.0,0.0,0.0,0.0,0.0
ukraine,2021,Credobank,evaluations/reruns/country_year_classification_20260630_211343/ukraine_2021/checkpoints_corrected/Ukraine_Credobank_2021_92750cf6e52d.json,2,0.0,0,0,0.0,0.0,0.0,0.0,0.0,0.0
ukraine,2021,Credobank,evaluations/reruns/country_year_classification_20260630_211343/ukraine_2021/checkpoints_corrected/Ukraine_Credobank_2021_92750cf6e52d.json,3,3.0,6,6,3.0,0.0,0.0,18.0,3.0,0.6122448979591837
ukraine,2021,Credobank,evaluations/reruns/country_year_classification_20260630_211343/ukraine_2021/checkpoints_corrected/Ukraine_Credobank_2021_92750cf6e52d.json,4,2.0,1,0,0.0,0.0,0.0,0.0,0.0,0.0
ukraine,2021,Credobank,evaluations/reruns/country_year_classification_20260630_211343/ukraine_2021/checkpoints_corrected/Ukraine_Credobank_2021_92750cf6e52d.json,5,2.0,1,0,0.0,0.0,0.0,0.0,0.0,0.0
ukraine,2021,Credobank,evaluations/reruns/country_year_classification_20260630_211343/ukraine_2021/checkpoints_corrected/Ukraine_Credobank_2021_92750cf6e52d.json,6,0.0,0,0,0.0,0.0,0.0,0.0,0.0,0.0
ukraine,2021,Credobank,evaluations/reruns/country_year_classification_20260630_211343/ukraine_2021/checkpoints_corrected/Ukraine_Credobank_2021_92750cf6e52d.json,7,0.0,0,0,0.0,0.0,0.0,0.0,0.0,0.0
ukraine,2021,Credobank,evaluations/reruns/country_year_classification_20260630_211343/ukraine_2021/checkpoints_corrected/Ukraine_Credobank_2021_92750cf6e52d.json,8,4.0,7,7,4.0,0.0,0.0,28.0,4.0,0.8163265306122449
ukraine,2021,Credobank,evaluations/reruns/country_year_classification_20260630_211343/ukraine_2021/checkpoints_corrected/Ukraine_Credobank_2021_92750cf6e52d.json,9,4.0,8,8,4.0,0.0,0.0,32.0,4.0,0.8163265306122449
ukraine,2021,Credobank,evaluations/reruns/country_year_classification_20260630_211343/ukraine_2021/checkpoints_corrected/Ukraine_Credobank_2021_92750cf6e52d.json,10,3.0,1,1,3.0,0.0,0.0,3.0,3.0,0.6122448979591837
ukraine,2021,Credobank,evaluations/reruns/country_year_classification_20260630_211343/ukraine_2021/checkpoints_corrected/Ukraine_Credobank_2021_92750cf6e52d.json,11,0.0,0,0,0.0,0.0,0.0,0.0,0.0,0.0
ukraine,2021,Credobank,evaluations/reruns/country_year_classification_20260630_211343/ukraine_2021/checkpoints_corrected/Ukraine_Credobank_2021_92750cf6e52d.json,12,3.0,5,5,3.0,0.0,0.0,15.0,3.0,0.6122448979591837
ukraine,2021,Credobank,evaluations/reruns/country_year_classification_20260630_211343/ukraine_2021/checkpoints_corrected/Ukraine_Credobank_2021_92750cf6e52d.json,13,0.0,0,0,0.0,0.0,0.0,0.0,0.0,0.0
ukraine,2021,Credobank,evaluations/reruns/country_year_classification_20260630_211343/ukraine_2021/checkpoints_corrected/Ukraine_Credobank_2021_92750cf6e52d.json,14,0.0,0,0,0.0,0.0,0.0,0.0,0.0,0.0
ukraine,2021,Credobank,evaluations/reruns/country_year_classification_20260630_211343/ukraine_2021/checkpoints_corrected/Ukraine_Credobank_2021_92750cf6e52d.json,15,0.0,0,0,0.0,0.0,0.0,0.0,0.0,0.0
ukraine,2021,Credobank,evaluations/reruns/country_year_classification_20260630_211343/ukraine_2021/checkpoints_corrected/Ukraine_Credobank_2021_92750cf6e52d.json,16,4.5,19,19,4.5,0.0,0.0,85.5,4.5,0.9183673469387755
ukraine,2021,Credobank,evaluations/reruns/country_year_classification_20260630_211343/ukraine_2021/checkpoints_corrected/Ukraine_Credobank_2021_92750cf6e52d.json,17,3.0,3,3,3.0,0.0,0.0,9.0,3.0,0.6122448979591837
ukraine,2021,FUIB,evaluations/reruns/country_year_classification_20260630_211343/ukraine_2021/checkpoints_corrected/Ukraine_FUIB_2021_8c8842965ab1.json,1,0.0,0,0,0.0,0.0,0.0,0.0,0.0,0.0
ukraine,2021,FUIB,evaluations/reruns/country_year_classification_20260630_211343/ukraine_2021/checkpoints_corrected/Ukraine_FUIB_2021_8c8842965ab1.json,2,0.0,0,0,0.0,0.0,0.0,0.0,0.0,0.0
ukraine,2021,FUIB,evaluations/reruns/country_year_classification_20260630_211343/ukraine_2021/checkpoints_corrected/Ukraine_FUIB_2021_8c8842965ab1.json,3,3.0,7,7,3.0,0.0,0.0,21.0,3.0,0.6818181818181818
ukraine,2021,FUIB,evaluations/reruns/country_year_classification_20260630_211343/ukraine_2021/checkpoints_corrected/Ukraine_FUIB_2021_8c8842965ab1.json,4,3.0,3,3,3.0,0.0,0.0,9.0,3.0,0.6818181818181818
ukraine,2021,FUIB,evaluations/reruns/country_year_classification_20260630_211343/ukraine_2021/checkpoints_corrected/Ukraine_FUIB_2021_8c8842965ab1.json,5,2.0,1,0,0.0,0.0,0.0,0.0,0.0,0.0
ukraine,2021,FUIB,evaluations/reruns/country_year_classification_20260630_211343/ukraine_2021/checkpoints_corrected/Ukraine_FUIB_2021_8c8842965ab1.json,6,0.0,0,0,0.0,0.0,0.0,0.0,0.0,0.0
ukraine,2021,FUIB,evaluations/reruns/country_year_classification_20260630_211343/ukraine_2021/checkpoints_corrected/Ukraine_FUIB_2021_8c8842965ab1.json,7,0.0,0,0,0.0,0.0,0.0,0.0,0.0,0.0
ukraine,2021,FUIB,evaluations/reruns/country_year_classification_20260630_211343/ukraine_2021/checkpoints_corrected/Ukraine_FUIB_2021_8c8842965ab1.json,8,3.0,3,3,3.0,0.0,0.0,9.0,3.0,0.6818181818181818
ukraine,2021,FUIB,evaluations/reruns/country_year_classification_20260630_211343/ukraine_2021/checkpoints_corrected/Ukraine_FUIB_2021_8c8842965ab1.json,9,2.0,3,0,0.0,0.0,0.0,0.0,0.0,0.0
ukraine,2021,FUIB,evaluations/reruns/country_year_classification_20260630_211343/ukraine_2021/checkpoints_corrected/Ukraine_FUIB_2021_8c8842965ab1.json,10,2.0,3,0,0.0,0.0,0.0,0.0,0.0,0.0
ukraine,2021,FUIB,evaluations/reruns/country_year_classification_20260630_211343/ukraine_2021/checkpoints_corrected/Ukraine_FUIB_2021_8c8842965ab1.json,11,0.0,0,0,0.0,0.0,0.0,0.0,0.0,0.0
ukraine,2021,FUIB,evaluations/reruns/country_year_classification_20260630_211343/ukraine_2021/checkpoints_corrected/Ukraine_FUIB_2021_8c8842965ab1.json,12,4.0,7,7,4.0,0.0,0.0,28.0,4.0,0.9090909090909091
ukraine,2021,FUIB,evaluations/reruns/country_year_classification_20260630_211343/ukraine_2021/checkpoints_corrected/Ukraine_FUIB_2021_8c8842965ab1.json,13,4.0,5,5,4.0,0.0,0.0,20.0,4.0,0.9090909090909091
ukraine,2021,FUIB,evaluations/reruns/country_year_classification_20260630_211343/ukraine_2021/checkpoints_corrected/Ukraine_FUIB_2021_8c8842965ab1.json,14,0.0,0,0,0.0,0.0,0.0,0.0,0.0,0.0
ukraine,2021,FUIB,evaluations/reruns/country_year_classification_20260630_211343/ukraine_2021/checkpoints_corrected/Ukraine_FUIB_2021_8c8842965ab1.json,15,0.0,0,0,0.0,0.0,0.0,0.0,0.0,0.0
ukraine,2021,FUIB,evaluations/reruns/country_year_classification_20260630_211343/ukraine_2021/checkpoints_corrected/Ukraine_FUIB_2021_8c8842965ab1.json,16,5.0,14,14,5.0,0.0,0.0,70.0,5.0,1.1363636363636365
ukraine,2021,FUIB,evaluations/reruns/country_year_classification_20260630_211343/ukraine_2021/checkpoints_corrected/Ukraine_FUIB_2021_8c8842965ab1.json,17,0.0,0,0,0.0,0.0,0.0,0.0,0.0,0.0
ukraine,2021,OTP Bank,evaluations/reruns/country_year_classification_20260630_211343/ukraine_2021/checkpoints_corrected/Ukraine_OTP_Bank_2021_e2037aa8fe0a.json,1,4.0,5,5,4.0,0.0,0.0,20.0,4.0,0.5263157894736842
ukraine,2021,OTP Bank,evaluations/reruns/country_year_classification_20260630_211343/ukraine_2021/checkpoints_corrected/Ukraine_OTP_Bank_2021_e2037aa8fe0a.json,2,3.0,3,3,3.0,0.0,0.0,9.0,3.0,0.39473684210526316
ukraine,2021,OTP Bank,evaluations/reruns/country_year_classification_20260630_211343/ukraine_2021/checkpoints_corrected/Ukraine_OTP_Bank_2021_e2037aa8fe0a.json,3,4.0,2,2,4.0,0.0,0.0,8.0,4.0,0.5263157894736842
ukraine,2021,OTP Bank,evaluations/reruns/country_year_classification_20260630_211343/ukraine_2021/checkpoints_corrected/Ukraine_OTP_Bank_2021_e2037aa8fe0a.json,4,4.0,2,2,4.0,0.0,0.0,8.0,4.0,0.5263157894736842
ukraine,2021,OTP Bank,evaluations/reruns/country_year_classification_20260630_211343/ukraine_2021/checkpoints_corrected/Ukraine_OTP_Bank_2021_e2037aa8fe0a.json,5,0.0,0,0,0.0,0.0,0.0,0.0,0.0,0.0
ukraine,2021,OTP Bank,evaluations/reruns/country_year_classification_20260630_211343/ukraine_2021/checkpoints_corrected/Ukraine_OTP_Bank_2021_e2037aa8fe0a.json,6,0.0,0,0,0.0,0.0,0.0,0.0,0.0,0.0
ukraine,2021,OTP Bank,evaluations/reruns/country_year_classification_20260630_211343/ukraine_2021/checkpoints_corrected/Ukraine_OTP_Bank_2021_e2037aa8fe0a.json,7,2.0,2,0,0.0,0.0,0.0,0.0,0.0,0.0
ukraine,2021,OTP Bank,evaluations/reruns/country_year_classification_20260630_211343/ukraine_2021/checkpoints_corrected/Ukraine_OTP_Bank_2021_e2037aa8fe0a.json,8,4.0,15,15,4.0,0.0,0.0,60.0,4.0,0.5263157894736842
ukraine,2021,OTP Bank,evaluations/reruns/country_year_classification_20260630_211343/ukraine_2021/checkpoints_corrected/Ukraine_OTP_Bank_2021_e2037aa8fe0a.json,9,4.0,8,8,4.0,0.0,0.0,32.0,4.0,0.5263157894736842
ukraine,2021,OTP Bank,evaluations/reruns/country_year_classification_20260630_211343/ukraine_2021/checkpoints_corrected/Ukraine_OTP_Bank_2021_e2037aa8fe0a.json,10,2.0,2,0,0.0,0.0,0.0,0.0,0.0,0.0
ukraine,2021,OTP Bank,evaluations/reruns/country_year_classification_20260630_211343/ukraine_2021/checkpoints_corrected/Ukraine_OTP_Bank_2021_e2037aa8fe0a.json,11,3.0,1,1,3.0,0.0,0.0,3.0,3.0,0.39473684210526316
ukraine,2021,OTP Bank,evaluations/reruns/country_year_classification_20260630_211343/ukraine_2021/checkpoints_corrected/Ukraine_OTP_Bank_2021_e2037aa8fe0a.json,12,4.0,1,1,4.0,0.0,0.0,4.0,4.0,0.5263157894736842
ukraine,2021,OTP Bank,evaluations/reruns/country_year_classification_20260630_211343/ukraine_2021/checkpoints_corrected/Ukraine_OTP_Bank_2021_e2037aa8fe0a.json,13,2.0,3,0,0.0,0.0,0.0,0.0,0.0,0.0
ukraine,2021,OTP Bank,evaluations/reruns/country_year_classification_20260630_211343/ukraine_2021/checkpoints_corrected/Ukraine_OTP_Bank_2021_e2037aa8fe0a.json,14,0.0,0,0,0.0,0.0,0.0,0.0,0.0,0.0
ukraine,2021,OTP Bank,evaluations/reruns/country_year_classification_20260630_211343/ukraine_2021/checkpoints_corrected/Ukraine_OTP_Bank_2021_e2037aa8fe0a.json,15,0.0,0,0,0.0,0.0,0.0,0.0,0.0,0.0
ukraine,2021,OTP Bank,evaluations/reruns/country_year_classification_20260630_211343/ukraine_2021/checkpoints_corrected/Ukraine_OTP_Bank_2021_e2037aa8fe0a.json,16,5.0,9,9,5.0,0.0,0.0,45.0,5.0,0.6578947368421053
ukraine,2021,OTP Bank,evaluations/reruns/country_year_classification_20260630_211343/ukraine_2021/checkpoints_corrected/Ukraine_OTP_Bank_2021_e2037aa8fe0a.json,17,3.0,7,7,3.0,0.0,0.0,21.0,3.0,0.39473684210526316
ukraine,2021,Oschadbank,evaluations/reruns/country_year_classification_20260630_211343/ukraine_2021/checkpoints_corrected/Ukraine_Oschadbank_2021_a1a5f80a126c.json,1,2.5,6,0,0.0,0.0,0.0,0.0,0.0,0.0
ukraine,2021,Oschadbank,evaluations/reruns/country_year_classification_20260630_211343/ukraine_2021/checkpoints_corrected/Ukraine_Oschadbank_2021_a1a5f80a126c.json,2,3.0,5,5,3.0,0.0,0.0,15.0,3.0,0.4166666666666667
ukraine,2021,Oschadbank,evaluations/reruns/country_year_classification_20260630_211343/ukraine_2021/checkpoints_corrected/Ukraine_Oschadbank_2021_a1a5f80a126c.json,3,2.0,3,0,0.0,0.0,0.0,0.0,0.0,0.0
ukraine,2021,Oschadbank,evaluations/reruns/country_year_classification_20260630_211343/ukraine_2021/checkpoints_corrected/Ukraine_Oschadbank_2021_a1a5f80a126c.json,4,3.0,4,4,3.0,0.0,0.0,12.0,3.0,0.4166666666666667
ukraine,2021,Oschadbank,evaluations/reruns/country_year_classification_20260630_211343/ukraine_2021/checkpoints_corrected/Ukraine_Oschadbank_2021_a1a5f80a126c.json,5,2.0,1,0,0.0,0.0,0.0,0.0,0.0,0.0
ukraine,2021,Oschadbank,evaluations/reruns/country_year_classification_20260630_211343/ukraine_2021/checkpoints_corrected/Ukraine_Oschadbank_2021_a1a5f80a126c.json,6,0.0,0,0,0.0,0.0,0.0,0.0,0.0,0.0
ukraine,2021,Oschadbank,evaluations/reruns/country_year_classification_20260630_211343/ukraine_2021/checkpoints_corrected/Ukraine_Oschadbank_2021_a1a5f80a126c.json,7,3.5,6,6,3.5,0.0,0.0,21.0,3.5,0.4861111111111111
ukraine,2021,Oschadbank,evaluations/reruns/country_year_classification_20260630_211343/ukraine_2021/checkpoints_corrected/Ukraine_Oschadbank_2021_a1a5f80a126c.json,8,4.0,28,28,4.0,0.0,0.0,112.0,4.0,0.5555555555555556
ukraine,2021,Oschadbank,evaluations/reruns/country_year_classification_20260630_211343/ukraine_2021/checkpoints_corrected/Ukraine_Oschadbank_2021_a1a5f80a126c.json,9,5.0,36,36,5.0,0.0,0.0,180.0,5.0,0.6944444444444444
ukraine,2021,Oschadbank,evaluations/reruns/country_year_classification_20260630_211343/ukraine_2021/checkpoints_corrected/Ukraine_Oschadbank_2021_a1a5f80a126c.json,10,4.0,5,5,4.0,0.0,0.0,20.0,4.0,0.5555555555555556
ukraine,2021,Oschadbank,evaluations/reruns/country_year_classification_20260630_211343/ukraine_2021/checkpoints_corrected/Ukraine_Oschadbank_2021_a1a5f80a126c.json,11,3.0,4,4,3.0,0.0,0.0,12.0,3.0,0.4166666666666667
ukraine,2021,Oschadbank,evaluations/reruns/country_year_classification_20260630_211343/ukraine_2021/checkpoints_corrected/Ukraine_Oschadbank_2021_a1a5f80a126c.json,12,0.0,0,0,0.0,0.0,0.0,0.0,0.0,0.0
ukraine,2021,Oschadbank,evaluations/reruns/country_year_classification_20260630_211343/ukraine_2021/checkpoints_corrected/Ukraine_Oschadbank_2021_a1a5f80a126c.json,13,3.5,2,2,3.5,0.0,0.0,7.0,3.5,0.4861111111111111
ukraine,2021,Oschadbank,evaluations/reruns/country_year_classification_20260630_211343/ukraine_2021/checkpoints_corrected/Ukraine_Oschadbank_2021_a1a5f80a126c.json,14,0.0,0,0,0.0,0.0,0.0,0.0,0.0,0.0
ukraine,2021,Oschadbank,evaluations/reruns/country_year_classification_20260630_211343/ukraine_2021/checkpoints_corrected/Ukraine_Oschadbank_2021_a1a5f80a126c.json,15,0.0,0,0,0.0,0.0,0.0,0.0,0.0,0.0
ukraine,2021,Oschadbank,evaluations/reruns/country_year_classification_20260630_211343/ukraine_2021/checkpoints_corrected/Ukraine_Oschadbank_2021_a1a5f80a126c.json,16,4.0,16,16,4.0,0.0,0.0,64.0,4.0,0.5555555555555556
ukraine,2021,Oschadbank,evaluations/reruns/country_year_classification_20260630_211343/ukraine_2021/checkpoints_corrected/Ukraine_Oschadbank_2021_a1a5f80a126c.json,17,3.0,13,13,3.0,0.0,0.0,39.0,3.0,0.4166666666666667
ukraine,2021,Pivdenny,evaluations/reruns/country_year_classification_20260630_211343/ukraine_2021/checkpoints_corrected/Ukraine_Pivdenny_2021_8070bcc3594f.json,1,3.0,5,5,3.0,0.0,0.0,15.0,3.0,0.46875
ukraine,2021,Pivdenny,evaluations/reruns/country_year_classification_20260630_211343/ukraine_2021/checkpoints_corrected/Ukraine_Pivdenny_2021_8070bcc3594f.json,2,3.0,2,2,3.0,0.0,0.0,6.0,3.0,0.46875
ukraine,2021,Pivdenny,evaluations/reruns/country_year_classification_20260630_211343/ukraine_2021/checkpoints_corrected/Ukraine_Pivdenny_2021_8070bcc3594f.json,3,1.5,2,0,0.0,0.0,0.0,0.0,0.0,0.0
ukraine,2021,Pivdenny,evaluations/reruns/country_year_classification_20260630_211343/ukraine_2021/checkpoints_corrected/Ukraine_Pivdenny_2021_8070bcc3594f.json,4,3.5,4,4,3.5,0.0,0.0,14.0,3.5,0.546875
ukraine,2021,Pivdenny,evaluations/reruns/country_year_classification_20260630_211343/ukraine_2021/checkpoints_corrected/Ukraine_Pivdenny_2021_8070bcc3594f.json,5,2.0,1,0,0.0,0.0,0.0,0.0,0.0,0.0
ukraine,2021,Pivdenny,evaluations/reruns/country_year_classification_20260630_211343/ukraine_2021/checkpoints_corrected/Ukraine_Pivdenny_2021_8070bcc3594f.json,6,0.0,0,0,0.0,0.0,0.0,0.0,0.0,0.0
ukraine,2021,Pivdenny,evaluations/reruns/country_year_classification_20260630_211343/ukraine_2021/checkpoints_corrected/Ukraine_Pivdenny_2021_8070bcc3594f.json,7,3.0,2,2,3.0,0.0,0.0,6.0,3.0,0.46875
ukraine,2021,Pivdenny,evaluations/reruns/country_year_classification_20260630_211343/ukraine_2021/checkpoints_corrected/Ukraine_Pivdenny_2021_8070bcc3594f.json,8,4.0,20,20,4.0,0.0,0.0,80.0,4.0,0.625
ukraine,2021,Pivdenny,evaluations/reruns/country_year_classification_20260630_211343/ukraine_2021/checkpoints_corrected/Ukraine_Pivdenny_2021_8070bcc3594f.json,9,4.5,16,16,4.5,0.0,0.0,72.0,4.5,0.703125
ukraine,2021,Pivdenny,evaluations/reruns/country_year_classification_20260630_211343/ukraine_2021/checkpoints_corrected/Ukraine_Pivdenny_2021_8070bcc3594f.json,10,2.0,3,0,0.0,0.0,0.0,0.0,0.0,0.0
ukraine,2021,Pivdenny,evaluations/reruns/country_year_classification_20260630_211343/ukraine_2021/checkpoints_corrected/Ukraine_Pivdenny_2021_8070bcc3594f.json,11,1.0,1,0,0.0,0.0,0.0,0.0,0.0,0.0
ukraine,2021,Pivdenny,evaluations/reruns/country_year_classification_20260630_211343/ukraine_2021/checkpoints_corrected/Ukraine_Pivdenny_2021_8070bcc3594f.json,12,3.0,1,1,3.0,0.0,0.0,3.0,3.0,0.46875
ukraine,2021,Pivdenny,evaluations/reruns/country_year_classification_20260630_211343/ukraine_2021/checkpoints_corrected/Ukraine_Pivdenny_2021_8070bcc3594f.json,13,2.5,1,0,0.0,0.0,0.0,0.0,0.0,0.0
ukraine,2021,Pivdenny,evaluations/reruns/country_year_classification_20260630_211343/ukraine_2021/checkpoints_corrected/Ukraine_Pivdenny_2021_8070bcc3594f.json,14,0.0,0,0,0.0,0.0,0.0,0.0,0.0,0.0
ukraine,2021,Pivdenny,evaluations/reruns/country_year_classification_20260630_211343/ukraine_2021/checkpoints_corrected/Ukraine_Pivdenny_2021_8070bcc3594f.json,15,0.0,0,0,0.0,0.0,0.0,0.0,0.0,0.0
ukraine,2021,Pivdenny,evaluations/reruns/country_year_classification_20260630_211343/ukraine_2021/checkpoints_corrected/Ukraine_Pivdenny_2021_8070bcc3594f.json,16,5.0,45,45,5.0,0.0,0.0,225.0,5.0,0.78125
ukraine,2021,Pivdenny,evaluations/reruns/country_year_classification_20260630_211343/ukraine_2021/checkpoints_corrected/Ukraine_Pivdenny_2021_8070bcc3594f.json,17,3.0,8,8,3.0,0.0,0.0,24.0,3.0,0.46875
ukraine,2021,Privatbank,evaluations/reruns/country_year_classification_20260630_211343/ukraine_2021/checkpoints_corrected/Ukraine_Privatbank_2021_3589d03984a4.json,1,1.0,1,0,0.0,0.0,0.0,0.0,0.0,0.0
ukraine,2021,Privatbank,evaluations/reruns/country_year_classification_20260630_211343/ukraine_2021/checkpoints_corrected/Ukraine_Privatbank_2021_3589d03984a4.json,2,0.0,0,0,0.0,0.0,0.0,0.0,0.0,0.0
ukraine,2021,Privatbank,evaluations/reruns/country_year_classification_20260630_211343/ukraine_2021/checkpoints_corrected/Ukraine_Privatbank_2021_3589d03984a4.json,3,4.0,3,3,4.0,0.0,0.0,12.0,4.0,0.8695652173913043
ukraine,2021,Privatbank,evaluations/reruns/country_year_classification_20260630_211343/ukraine_2021/checkpoints_corrected/Ukraine_Privatbank_2021_3589d03984a4.json,4,4.0,2,2,4.0,0.0,0.0,8.0,4.0,0.8695652173913043
ukraine,2021,Privatbank,evaluations/reruns/country_year_classification_20260630_211343/ukraine_2021/checkpoints_corrected/Ukraine_Privatbank_2021_3589d03984a4.json,5,1.0,1,0,0.0,0.0,0.0,0.0,0.0,0.0
ukraine,2021,Privatbank,evaluations/reruns/country_year_classification_20260630_211343/ukraine_2021/checkpoints_corrected/Ukraine_Privatbank_2021_3589d03984a4.json,6,0.0,0,0,0.0,0.0,0.0,0.0,0.0,0.0
ukraine,2021,Privatbank,evaluations/reruns/country_year_classification_20260630_211343/ukraine_2021/checkpoints_corrected/Ukraine_Privatbank_2021_3589d03984a4.json,7,0.0,0,0,0.0,0.0,0.0,0.0,0.0,0.0
ukraine,2021,Privatbank,evaluations/reruns/country_year_classification_20260630_211343/ukraine_2021/checkpoints_corrected/Ukraine_Privatbank_2021_3589d03984a4.json,8,5.0,7,7,5.0,0.0,0.0,35.0,5.0,1.0869565217391304
ukraine,2021,Privatbank,evaluations/reruns/country_year_classification_20260630_211343/ukraine_2021/checkpoints_corrected/Ukraine_Privatbank_2021_3589d03984a4.json,9,3.0,4,4,3.0,0.0,0.0,12.0,3.0,0.6521739130434783
ukraine,2021,Privatbank,evaluations/reruns/country_year_classification_20260630_211343/ukraine_2021/checkpoints_corrected/Ukraine_Privatbank_2021_3589d03984a4.json,10,3.0,2,2,3.0,0.0,0.0,6.0,3.0,0.6521739130434783
ukraine,2021,Privatbank,evaluations/reruns/country_year_classification_20260630_211343/ukraine_2021/checkpoints_corrected/Ukraine_Privatbank_2021_3589d03984a4.json,11,0.0,0,0,0.0,0.0,0.0,0.0,0.0,0.0
ukraine,2021,Privatbank,evaluations/reruns/country_year_classification_20260630_211343/ukraine_2021/checkpoints_corrected/Ukraine_Privatbank_2021_3589d03984a4.json,12,0.0,0,0,0.0,0.0,0.0,0.0,0.0,0.0
ukraine,2021,Privatbank,evaluations/reruns/country_year_classification_20260630_211343/ukraine_2021/checkpoints_corrected/Ukraine_Privatbank_2021_3589d03984a4.json,13,0.0,0,0,0.0,0.0,0.0,0.0,0.0,0.0
ukraine,2021,Privatbank,evaluations/reruns/country_year_classification_20260630_211343/ukraine_2021/checkpoints_corrected/Ukraine_Privatbank_2021_3589d03984a4.json,14,0.0,0,0,0.0,0.0,0.0,0.0,0.0,0.0
ukraine,2021,Privatbank,evaluations/reruns/country_year_classification_20260630_211343/ukraine_2021/checkpoints_corrected/Ukraine_Privatbank_2021_3589d03984a4.json,15,0.0,0,0,0.0,0.0,0.0,0.0,0.0,0.0
ukraine,2021,Privatbank,evaluations/reruns/country_year_classification_20260630_211343/ukraine_2021/checkpoints_corrected/Ukraine_Privatbank_2021_3589d03984a4.json,16,4.0,8,8,4.0,0.0,0.0,32.0,4.0,0.8695652173913043
ukraine,2021,Privatbank,evaluations/reruns/country_year_classification_20260630_211343/ukraine_2021/checkpoints_corrected/Ukraine_Privatbank_2021_3589d03984a4.json,17,2.0,1,0,0.0,0.0,0.0,0.0,0.0,0.0
ukraine,2021,Raiffeisen Bank JSC,evaluations/reruns/country_year_classification_20260630_211343/ukraine_2021/checkpoints_corrected/Ukraine_Raiffeisen_Bank_JSC_2021_769a8c75a33f.json,1,3.5,3,3,3.5,0.0,0.0,10.5,3.5,0.35
ukraine,2021,Raiffeisen Bank JSC,evaluations/reruns/country_year_classification_20260630_211343/ukraine_2021/checkpoints_corrected/Ukraine_Raiffeisen_Bank_JSC_2021_769a8c75a33f.json,2,3.0,3,3,3.0,0.0,0.0,9.0,3.0,0.3
ukraine,2021,Raiffeisen Bank JSC,evaluations/reruns/country_year_classification_20260630_211343/ukraine_2021/checkpoints_corrected/Ukraine_Raiffeisen_Bank_JSC_2021_769a8c75a33f.json,3,5.0,7,7,5.0,0.0,0.0,35.0,5.0,0.5
ukraine,2021,Raiffeisen Bank JSC,evaluations/reruns/country_year_classification_20260630_211343/ukraine_2021/checkpoints_corrected/Ukraine_Raiffeisen_Bank_JSC_2021_769a8c75a33f.json,4,5.0,7,7,5.0,0.0,0.0,35.0,5.0,0.5
ukraine,2021,Raiffeisen Bank JSC,evaluations/reruns/country_year_classification_20260630_211343/ukraine_2021/checkpoints_corrected/Ukraine_Raiffeisen_Bank_JSC_2021_769a8c75a33f.json,5,4.0,2,2,4.0,0.0,0.0,8.0,4.0,0.4
ukraine,2021,Raiffeisen Bank JSC,evaluations/reruns/country_year_classification_20260630_211343/ukraine_2021/checkpoints_corrected/Ukraine_Raiffeisen_Bank_JSC_2021_769a8c75a33f.json,6,0.0,0,0,0.0,0.0,0.0,0.0,0.0,0.0
ukraine,2021,Raiffeisen Bank JSC,evaluations/reruns/country_year_classification_20260630_211343/ukraine_2021/checkpoints_corrected/Ukraine_Raiffeisen_Bank_JSC_2021_769a8c75a33f.json,7,0.0,0,0,0.0,0.0,0.0,0.0,0.0,0.0
ukraine,2021,Raiffeisen Bank JSC,evaluations/reruns/country_year_classification_20260630_211343/ukraine_2021/checkpoints_corrected/Ukraine_Raiffeisen_Bank_JSC_2021_769a8c75a33f.json,8,5.0,13,13,5.0,0.0,0.0,65.0,5.0,0.5
ukraine,2021,Raiffeisen Bank JSC,evaluations/reruns/country_year_classification_20260630_211343/ukraine_2021/checkpoints_corrected/Ukraine_Raiffeisen_Bank_JSC_2021_769a8c75a33f.json,9,4.0,9,9,4.0,0.0,0.0,36.0,4.0,0.4
ukraine,2021,Raiffeisen Bank JSC,evaluations/reruns/country_year_classification_20260630_211343/ukraine_2021/checkpoints_corrected/Ukraine_Raiffeisen_Bank_JSC_2021_769a8c75a33f.json,10,3.0,4,4,3.0,0.0,0.0,12.0,3.0,0.3
ukraine,2021,Raiffeisen Bank JSC,evaluations/reruns/country_year_classification_20260630_211343/ukraine_2021/checkpoints_corrected/Ukraine_Raiffeisen_Bank_JSC_2021_769a8c75a33f.json,11,2.0,1,0,0.0,0.0,0.0,0.0,0.0,0.0
ukraine,2021,Raiffeisen Bank JSC,evaluations/reruns/country_year_classification_20260630_211343/ukraine_2021/checkpoints_corrected/Ukraine_Raiffeisen_Bank_JSC_2021_769a8c75a33f.json,12,5.0,2,2,5.0,0.0,0.0,10.0,5.0,0.5
ukraine,2021,Raiffeisen Bank JSC,evaluations/reruns/country_year_classification_20260630_211343/ukraine_2021/checkpoints_corrected/Ukraine_Raiffeisen_Bank_JSC_2021_769a8c75a33f.json,13,5.0,6,6,5.0,0.0,0.0,30.0,5.0,0.5
ukraine,2021,Raiffeisen Bank JSC,evaluations/reruns/country_year_classification_20260630_211343/ukraine_2021/checkpoints_corrected/Ukraine_Raiffeisen_Bank_JSC_2021_769a8c75a33f.json,14,0.0,0,0,0.0,0.0,0.0,0.0,0.0,0.0
ukraine,2021,Raiffeisen Bank JSC,evaluations/reruns/country_year_classification_20260630_211343/ukraine_2021/checkpoints_corrected/Ukraine_Raiffeisen_Bank_JSC_2021_769a8c75a33f.json,15,0.0,0,0,0.0,0.0,0.0,0.0,0.0,0.0
ukraine,2021,Raiffeisen Bank JSC,evaluations/reruns/country_year_classification_20260630_211343/ukraine_2021/checkpoints_corrected/Ukraine_Raiffeisen_Bank_JSC_2021_769a8c75a33f.json,16,4.5,15,15,4.5,0.0,0.0,67.5,4.5,0.45
ukraine,2021,Raiffeisen Bank JSC,evaluations/reruns/country_year_classification_20260630_211343/ukraine_2021/checkpoints_corrected/Ukraine_Raiffeisen_Bank_JSC_2021_769a8c75a33f.json,17,3.0,4,4,3.0,0.0,0.0,12.0,3.0,0.3
ukraine,2021,Sense Bank,evaluations/reruns/country_year_classification_20260630_211343/ukraine_2021/checkpoints_corrected/Ukraine_Sense_Bank_2021_d3f60438609d.json,1,4.0,12,12,4.0,0.0,0.0,48.0,4.0,0.7142857142857143
ukraine,2021,Sense Bank,evaluations/reruns/country_year_classification_20260630_211343/ukraine_2021/checkpoints_corrected/Ukraine_Sense_Bank_2021_d3f60438609d.json,2,2.0,1,0,0.0,0.0,0.0,0.0,0.0,0.0
ukraine,2021,Sense Bank,evaluations/reruns/country_year_classification_20260630_211343/ukraine_2021/checkpoints_corrected/Ukraine_Sense_Bank_2021_d3f60438609d.json,3,4.0,2,2,4.0,0.0,0.0,8.0,4.0,0.7142857142857143
ukraine,2021,Sense Bank,evaluations/reruns/country_year_classification_20260630_211343/ukraine_2021/checkpoints_corrected/Ukraine_Sense_Bank_2021_d3f60438609d.json,4,4.0,4,4,4.0,0.0,0.0,16.0,4.0,0.7142857142857143
ukraine,2021,Sense Bank,evaluations/reruns/country_year_classification_20260630_211343/ukraine_2021/checkpoints_corrected/Ukraine_Sense_Bank_2021_d3f60438609d.json,5,0.0,0,0,0.0,0.0,0.0,0.0,0.0,0.0
ukraine,2021,Sense Bank,evaluations/reruns/country_year_classification_20260630_211343/ukraine_2021/checkpoints_corrected/Ukraine_Sense_Bank_2021_d3f60438609d.json,6,0.0,0,0,0.0,0.0,0.0,0.0,0.0,0.0
ukraine,2021,Sense Bank,evaluations/reruns/country_year_classification_20260630_211343/ukraine_2021/checkpoints_corrected/Ukraine_Sense_Bank_2021_d3f60438609d.json,7,0.0,0,0,0.0,0.0,0.0,0.0,0.0,0.0
ukraine,2021,Sense Bank,evaluations/reruns/country_year_classification_20260630_211343/ukraine_2021/checkpoints_corrected/Ukraine_Sense_Bank_2021_d3f60438609d.json,8,4.0,10,10,4.0,0.0,0.0,40.0,4.0,0.7142857142857143
ukraine,2021,Sense Bank,evaluations/reruns/country_year_classification_20260630_211343/ukraine_2021/checkpoints_corrected/Ukraine_Sense_Bank_2021_d3f60438609d.json,9,4.0,5,5,4.0,0.0,0.0,20.0,4.0,0.7142857142857143
ukraine,2021,Sense Bank,evaluations/reruns/country_year_classification_20260630_211343/ukraine_2021/checkpoints_corrected/Ukraine_Sense_Bank_2021_d3f60438609d.json,10,0.0,0,0,0.0,0.0,0.0,0.0,0.0,0.0
ukraine,2021,Sense Bank,evaluations/reruns/country_year_classification_20260630_211343/ukraine_2021/checkpoints_corrected/Ukraine_Sense_Bank_2021_d3f60438609d.json,11,2.0,1,0,0.0,0.0,0.0,0.0,0.0,0.0
ukraine,2021,Sense Bank,evaluations/reruns/country_year_classification_20260630_211343/ukraine_2021/checkpoints_corrected/Ukraine_Sense_Bank_2021_d3f60438609d.json,12,0.0,0,0,0.0,0.0,0.0,0.0,0.0,0.0
ukraine,2021,Sense Bank,evaluations/reruns/country_year_classification_20260630_211343/ukraine_2021/checkpoints_corrected/Ukraine_Sense_Bank_2021_d3f60438609d.json,13,0.0,0,0,0.0,0.0,0.0,0.0,0.0,0.0
ukraine,2021,Sense Bank,evaluations/reruns/country_year_classification_20260630_211343/ukraine_2021/checkpoints_corrected/Ukraine_Sense_Bank_2021_d3f60438609d.json,14,0.0,0,0,0.0,0.0,0.0,0.0,0.0,0.0
ukraine,2021,Sense Bank,evaluations/reruns/country_year_classification_20260630_211343/ukraine_2021/checkpoints_corrected/Ukraine_Sense_Bank_2021_d3f60438609d.json,15,4.0,2,2,4.0,0.0,0.0,8.0,4.0,0.7142857142857143
ukraine,2021,Sense Bank,evaluations/reruns/country_year_classification_20260630_211343/ukraine_2021/checkpoints_corrected/Ukraine_Sense_Bank_2021_d3f60438609d.json,16,4.0,12,12,4.0,0.0,0.0,48.0,4.0,0.7142857142857143
ukraine,2021,Sense Bank,evaluations/reruns/country_year_classification_20260630_211343/ukraine_2021/checkpoints_corrected/Ukraine_Sense_Bank_2021_d3f60438609d.json,17,2.0,3,0,0.0,0.0,0.0,0.0,0.0,0.0
ukraine,2021,Tascombank,evaluations/reruns/country_year_classification_20260630_211343/ukraine_2021/checkpoints_corrected/Ukraine_Tascombank_2021_30df69091e1e.json,1,2.0,3,0,0.0,0.0,0.0,0.0,0.0,0.0
ukraine,2021,Tascombank,evaluations/reruns/country_year_classification_20260630_211343/ukraine_2021/checkpoints_corrected/Ukraine_Tascombank_2021_30df69091e1e.json,2,2.0,1,0,0.0,0.0,0.0,0.0,0.0,0.0
ukraine,2021,Tascombank,evaluations/reruns/country_year_classification_20260630_211343/ukraine_2021/checkpoints_corrected/Ukraine_Tascombank_2021_30df69091e1e.json,3,1.0,1,0,0.0,0.0,0.0,0.0,0.0,0.0
ukraine,2021,Tascombank,evaluations/reruns/country_year_classification_20260630_211343/ukraine_2021/checkpoints_corrected/Ukraine_Tascombank_2021_30df69091e1e.json,4,2.0,3,0,0.0,0.0,0.0,0.0,0.0,0.0
ukraine,2021,Tascombank,evaluations/reruns/country_year_classification_20260630_211343/ukraine_2021/checkpoints_corrected/Ukraine_Tascombank_2021_30df69091e1e.json,5,2.0,1,0,0.0,0.0,0.0,0.0,0.0,0.0
ukraine,2021,Tascombank,evaluations/reruns/country_year_classification_20260630_211343/ukraine_2021/checkpoints_corrected/Ukraine_Tascombank_2021_30df69091e1e.json,6,0.0,0,0,0.0,0.0,0.0,0.0,0.0,0.0
ukraine,2021,Tascombank,evaluations/reruns/country_year_classification_20260630_211343/ukraine_2021/checkpoints_corrected/Ukraine_Tascombank_2021_30df69091e1e.json,7,0.0,0,0,0.0,0.0,0.0,0.0,0.0,0.0
ukraine,2021,Tascombank,evaluations/reruns/country_year_classification_20260630_211343/ukraine_2021/checkpoints_corrected/Ukraine_Tascombank_2021_30df69091e1e.json,8,3.0,6,6,3.0,0.0,0.0,18.0,3.0,1.0714285714285714
ukraine,2021,Tascombank,evaluations/reruns/country_year_classification_20260630_211343/ukraine_2021/checkpoints_corrected/Ukraine_Tascombank_2021_30df69091e1e.json,9,4.0,7,7,4.0,0.0,0.0,28.0,4.0,1.4285714285714286
ukraine,2021,Tascombank,evaluations/reruns/country_year_classification_20260630_211343/ukraine_2021/checkpoints_corrected/Ukraine_Tascombank_2021_30df69091e1e.json,10,2.0,1,0,0.0,0.0,0.0,0.0,0.0,0.0
ukraine,2021,Tascombank,evaluations/reruns/country_year_classification_20260630_211343/ukraine_2021/checkpoints_corrected/Ukraine_Tascombank_2021_30df69091e1e.json,11,0.0,0,0,0.0,0.0,0.0,0.0,0.0,0.0
ukraine,2021,Tascombank,evaluations/reruns/country_year_classification_20260630_211343/ukraine_2021/checkpoints_corrected/Ukraine_Tascombank_2021_30df69091e1e.json,12,0.0,0,0,0.0,0.0,0.0,0.0,0.0,0.0
ukraine,2021,Tascombank,evaluations/reruns/country_year_classification_20260630_211343/ukraine_2021/checkpoints_corrected/Ukraine_Tascombank_2021_30df69091e1e.json,13,2.0,1,0,0.0,0.0,0.0,0.0,0.0,0.0
ukraine,2021,Tascombank,evaluations/reruns/country_year_classification_20260630_211343/ukraine_2021/checkpoints_corrected/Ukraine_Tascombank_2021_30df69091e1e.json,14,0.0,0,0,0.0,0.0,0.0,0.0,0.0,0.0
ukraine,2021,Tascombank,evaluations/reruns/country_year_classification_20260630_211343/ukraine_2021/checkpoints_corrected/Ukraine_Tascombank_2021_30df69091e1e.json,15,0.0,0,0,0.0,0.0,0.0,0.0,0.0,0.0
ukraine,2021,Tascombank,evaluations/reruns/country_year_classification_20260630_211343/ukraine_2021/checkpoints_corrected/Ukraine_Tascombank_2021_30df69091e1e.json,16,4.0,8,8,4.0,0.0,0.0,32.0,4.0,1.4285714285714286
ukraine,2021,Tascombank,evaluations/reruns/country_year_classification_20260630_211343/ukraine_2021/checkpoints_corrected/Ukraine_Tascombank_2021_30df69091e1e.json,17,3.0,5,5,3.0,0.0,0.0,15.0,3.0,1.0714285714285714
ukraine,2021,Ukreximbank,evaluations/reruns/country_year_classification_20260630_211343/ukraine_2021/checkpoints_corrected/Ukraine_Ukreximbank_2021_f68690d4b7d8.json,1,0.0,0,0,0.0,0.0,0.0,0.0,0.0,0.0
ukraine,2021,Ukreximbank,evaluations/reruns/country_year_classification_20260630_211343/ukraine_2021/checkpoints_corrected/Ukraine_Ukreximbank_2021_f68690d4b7d8.json,2,3.0,3,3,3.0,0.0,0.0,9.0,3.0,0.4225352112676056
ukraine,2021,Ukreximbank,evaluations/reruns/country_year_classification_20260630_211343/ukraine_2021/checkpoints_corrected/Ukraine_Ukreximbank_2021_f68690d4b7d8.json,3,2.0,3,0,0.0,0.0,0.0,0.0,0.0,0.0
ukraine,2021,Ukreximbank,evaluations/reruns/country_year_classification_20260630_211343/ukraine_2021/checkpoints_corrected/Ukraine_Ukreximbank_2021_f68690d4b7d8.json,4,3.0,1,1,3.0,0.0,0.0,3.0,3.0,0.4225352112676056
ukraine,2021,Ukreximbank,evaluations/reruns/country_year_classification_20260630_211343/ukraine_2021/checkpoints_corrected/Ukraine_Ukreximbank_2021_f68690d4b7d8.json,5,3.0,2,2,3.0,0.0,0.0,6.0,3.0,0.4225352112676056
ukraine,2021,Ukreximbank,evaluations/reruns/country_year_classification_20260630_211343/ukraine_2021/checkpoints_corrected/Ukraine_Ukreximbank_2021_f68690d4b7d8.json,6,0.0,0,0,0.0,0.0,0.0,0.0,0.0,0.0
ukraine,2021,Ukreximbank,evaluations/reruns/country_year_classification_20260630_211343/ukraine_2021/checkpoints_corrected/Ukraine_Ukreximbank_2021_f68690d4b7d8.json,7,3.0,6,6,3.0,0.0,0.0,18.0,3.0,0.4225352112676056
ukraine,2021,Ukreximbank,evaluations/reruns/country_year_classification_20260630_211343/ukraine_2021/checkpoints_corrected/Ukraine_Ukreximbank_2021_f68690d4b7d8.json,8,4.0,10,10,4.0,0.0,0.0,40.0,4.0,0.5633802816901409
ukraine,2021,Ukreximbank,evaluations/reruns/country_year_classification_20260630_211343/ukraine_2021/checkpoints_corrected/Ukraine_Ukreximbank_2021_f68690d4b7d8.json,9,4.0,14,14,4.0,0.0,0.0,56.0,4.0,0.5633802816901409
ukraine,2021,Ukreximbank,evaluations/reruns/country_year_classification_20260630_211343/ukraine_2021/checkpoints_corrected/Ukraine_Ukreximbank_2021_f68690d4b7d8.json,10,2.0,1,0,0.0,0.0,0.0,0.0,0.0,0.0
ukraine,2021,Ukreximbank,evaluations/reruns/country_year_classification_20260630_211343/ukraine_2021/checkpoints_corrected/Ukraine_Ukreximbank_2021_f68690d4b7d8.json,11,2.0,3,0,0.0,0.0,0.0,0.0,0.0,0.0
ukraine,2021,Ukreximbank,evaluations/reruns/country_year_classification_20260630_211343/ukraine_2021/checkpoints_corrected/Ukraine_Ukreximbank_2021_f68690d4b7d8.json,12,3.0,1,1,3.0,0.0,0.0,3.0,3.0,0.4225352112676056
ukraine,2021,Ukreximbank,evaluations/reruns/country_year_classification_20260630_211343/ukraine_2021/checkpoints_corrected/Ukraine_Ukreximbank_2021_f68690d4b7d8.json,13,3.0,4,4,3.0,0.0,0.0,12.0,3.0,0.4225352112676056
ukraine,2021,Ukreximbank,evaluations/reruns/country_year_classification_20260630_211343/ukraine_2021/checkpoints_corrected/Ukraine_Ukreximbank_2021_f68690d4b7d8.json,14,0.0,0,0,0.0,0.0,0.0,0.0,0.0,0.0
ukraine,2021,Ukreximbank,evaluations/reruns/country_year_classification_20260630_211343/ukraine_2021/checkpoints_corrected/Ukraine_Ukreximbank_2021_f68690d4b7d8.json,15,0.0,0,0,0.0,0.0,0.0,0.0,0.0,0.0
ukraine,2021,Ukreximbank,evaluations/reruns/country_year_classification_20260630_211343/ukraine_2021/checkpoints_corrected/Ukraine_Ukreximbank_2021_f68690d4b7d8.json,16,4.5,16,16,4.5,0.0,0.0,72.0,4.5,0.6338028169014085
ukraine,2021,Ukreximbank,evaluations/reruns/country_year_classification_20260630_211343/ukraine_2021/checkpoints_corrected/Ukraine_Ukreximbank_2021_f68690d4b7d8.json,17,5.0,6,6,5.0,0.0,0.0,30.0,5.0,0.704225352112676
ukraine,2021,Ukrgazbank,evaluations/reruns/country_year_classification_20260630_211343/ukraine_2021/checkpoints_corrected/Ukraine_Ukrgazbank_2021_def6b26420b5.json,1,0.0,0,0,0.0,0.0,0.0,0.0,0.0,0.0
ukraine,2021,Ukrgazbank,evaluations/reruns/country_year_classification_20260630_211343/ukraine_2021/checkpoints_corrected/Ukraine_Ukrgazbank_2021_def6b26420b5.json,2,3.0,3,3,3.0,0.0,0.0,9.0,3.0,0.38461538461538464
ukraine,2021,Ukrgazbank,evaluations/reruns/country_year_classification_20260630_211343/ukraine_2021/checkpoints_corrected/Ukraine_Ukrgazbank_2021_def6b26420b5.json,3,3.0,5,5,3.0,0.0,0.0,15.0,3.0,0.38461538461538464
ukraine,2021,Ukrgazbank,evaluations/reruns/country_year_classification_20260630_211343/ukraine_2021/checkpoints_corrected/Ukraine_Ukrgazbank_2021_def6b26420b5.json,4,2.0,3,0,0.0,0.0,0.0,0.0,0.0,0.0
ukraine,2021,Ukrgazbank,evaluations/reruns/country_year_classification_20260630_211343/ukraine_2021/checkpoints_corrected/Ukraine_Ukrgazbank_2021_def6b26420b5.json,5,3.0,2,2,3.0,0.0,0.0,6.0,3.0,0.38461538461538464
ukraine,2021,Ukrgazbank,evaluations/reruns/country_year_classification_20260630_211343/ukraine_2021/checkpoints_corrected/Ukraine_Ukrgazbank_2021_def6b26420b5.json,6,0.0,0,0,0.0,0.0,0.0,0.0,0.0,0.0
ukraine,2021,Ukrgazbank,evaluations/reruns/country_year_classification_20260630_211343/ukraine_2021/checkpoints_corrected/Ukraine_Ukrgazbank_2021_def6b26420b5.json,7,5.0,10,10,5.0,0.0,0.0,50.0,5.0,0.6410256410256411
ukraine,2021,Ukrgazbank,evaluations/reruns/country_year_classification_20260630_211343/ukraine_2021/checkpoints_corrected/Ukraine_Ukrgazbank_2021_def6b26420b5.json,8,4.0,10,10,4.0,0.0,0.0,40.0,4.0,0.5128205128205128
ukraine,2021,Ukrgazbank,evaluations/reruns/country_year_classification_20260630_211343/ukraine_2021/checkpoints_corrected/Ukraine_Ukrgazbank_2021_def6b26420b5.json,9,4.0,17,17,4.0,0.0,0.0,68.0,4.0,0.5128205128205128
ukraine,2021,Ukrgazbank,evaluations/reruns/country_year_classification_20260630_211343/ukraine_2021/checkpoints_corrected/Ukraine_Ukrgazbank_2021_def6b26420b5.json,10,3.0,2,2,3.0,0.0,0.0,6.0,3.0,0.38461538461538464
ukraine,2021,Ukrgazbank,evaluations/reruns/country_year_classification_20260630_211343/ukraine_2021/checkpoints_corrected/Ukraine_Ukrgazbank_2021_def6b26420b5.json,11,2.0,1,0,0.0,0.0,0.0,0.0,0.0,0.0
ukraine,2021,Ukrgazbank,evaluations/reruns/country_year_classification_20260630_211343/ukraine_2021/checkpoints_corrected/Ukraine_Ukrgazbank_2021_def6b26420b5.json,12,4.0,10,10,4.0,0.0,0.0,40.0,4.0,0.5128205128205128
ukraine,2021,Ukrgazbank,evaluations/reruns/country_year_classification_20260630_211343/ukraine_2021/checkpoints_corrected/Ukraine_Ukrgazbank_2021_def6b26420b5.json,13,5.0,14,14,5.0,0.0,0.0,70.0,5.0,0.6410256410256411
ukraine,2021,Ukrgazbank,evaluations/reruns/country_year_classification_20260630_211343/ukraine_2021/checkpoints_corrected/Ukraine_Ukrgazbank_2021_def6b26420b5.json,14,0.0,0,0,0.0,0.0,0.0,0.0,0.0,0.0
ukraine,2021,Ukrgazbank,evaluations/reruns/country_year_classification_20260630_211343/ukraine_2021/checkpoints_corrected/Ukraine_Ukrgazbank_2021_def6b26420b5.json,15,2.0,1,0,0.0,0.0,0.0,0.0,0.0,0.0
ukraine,2021,Ukrgazbank,evaluations/reruns/country_year_classification_20260630_211343/ukraine_2021/checkpoints_corrected/Ukraine_Ukrgazbank_2021_def6b26420b5.json,16,5.0,24,24,5.0,0.0,0.0,120.0,5.0,0.6410256410256411
ukraine,2021,Ukrgazbank,evaluations/reruns/country_year_classification_20260630_211343/ukraine_2021/checkpoints_corrected/Ukraine_Ukrgazbank_2021_def6b26420b5.json,17,2.0,3,0,0.0,0.0,0.0,0.0,0.0,0.0
ukraine,2021,Ukrsibbank,evaluations/reruns/country_year_classification_20260630_211343/ukraine_2021/checkpoints_corrected/Ukraine_Ukrsibbank_2021_dce7fa26bb7a.json,1,1.0,2,0,0.0,0.0,0.0,0.0,0.0,0.0
ukraine,2021,Ukrsibbank,evaluations/reruns/country_year_classification_20260630_211343/ukraine_2021/checkpoints_corrected/Ukraine_Ukrsibbank_2021_dce7fa26bb7a.json,2,1.0,2,0,0.0,0.0,0.0,0.0,0.0,0.0
ukraine,2021,Ukrsibbank,evaluations/reruns/country_year_classification_20260630_211343/ukraine_2021/checkpoints_corrected/Ukraine_Ukrsibbank_2021_dce7fa26bb7a.json,3,0.5,3,0,0.0,0.0,0.0,0.0,0.0,0.0
ukraine,2021,Ukrsibbank,evaluations/reruns/country_year_classification_20260630_211343/ukraine_2021/checkpoints_corrected/Ukraine_Ukrsibbank_2021_dce7fa26bb7a.json,4,2.0,2,0,0.0,0.0,0.0,0.0,0.0,0.0
ukraine,2021,Ukrsibbank,evaluations/reruns/country_year_classification_20260630_211343/ukraine_2021/checkpoints_corrected/Ukraine_Ukrsibbank_2021_dce7fa26bb7a.json,5,3.5,7,7,3.5,0.0,0.0,24.5,3.5,0.7446808510638298
ukraine,2021,Ukrsibbank,evaluations/reruns/country_year_classification_20260630_211343/ukraine_2021/checkpoints_corrected/Ukraine_Ukrsibbank_2021_dce7fa26bb7a.json,6,0.0,0,0,0.0,0.0,0.0,0.0,0.0,0.0
ukraine,2021,Ukrsibbank,evaluations/reruns/country_year_classification_20260630_211343/ukraine_2021/checkpoints_corrected/Ukraine_Ukrsibbank_2021_dce7fa26bb7a.json,7,3.0,4,4,3.0,0.0,0.0,12.0,3.0,0.6382978723404256
ukraine,2021,Ukrsibbank,evaluations/reruns/country_year_classification_20260630_211343/ukraine_2021/checkpoints_corrected/Ukraine_Ukrsibbank_2021_dce7fa26bb7a.json,8,4.0,9,9,4.0,0.0,0.0,36.0,4.0,0.851063829787234
ukraine,2021,Ukrsibbank,evaluations/reruns/country_year_classification_20260630_211343/ukraine_2021/checkpoints_corrected/Ukraine_Ukrsibbank_2021_dce7fa26bb7a.json,9,3.0,4,4,3.0,0.0,0.0,12.0,3.0,0.6382978723404256
ukraine,2021,Ukrsibbank,evaluations/reruns/country_year_classification_20260630_211343/ukraine_2021/checkpoints_corrected/Ukraine_Ukrsibbank_2021_dce7fa26bb7a.json,10,2.0,1,0,0.0,0.0,0.0,0.0,0.0,0.0
ukraine,2021,Ukrsibbank,evaluations/reruns/country_year_classification_20260630_211343/ukraine_2021/checkpoints_corrected/Ukraine_Ukrsibbank_2021_dce7fa26bb7a.json,11,0.0,0,0,0.0,0.0,0.0,0.0,0.0,0.0
ukraine,2021,Ukrsibbank,evaluations/reruns/country_year_classification_20260630_211343/ukraine_2021/checkpoints_corrected/Ukraine_Ukrsibbank_2021_dce7fa26bb7a.json,12,3.0,2,2,3.0,0.0,0.0,6.0,3.0,0.6382978723404256
ukraine,2021,Ukrsibbank,evaluations/reruns/country_year_classification_20260630_211343/ukraine_2021/checkpoints_corrected/Ukraine_Ukrsibbank_2021_dce7fa26bb7a.json,13,4.0,4,4,4.0,0.0,0.0,16.0,4.0,0.851063829787234
ukraine,2021,Ukrsibbank,evaluations/reruns/country_year_classification_20260630_211343/ukraine_2021/checkpoints_corrected/Ukraine_Ukrsibbank_2021_dce7fa26bb7a.json,14,0.0,0,0,0.0,0.0,0.0,0.0,0.0,0.0
ukraine,2021,Ukrsibbank,evaluations/reruns/country_year_classification_20260630_211343/ukraine_2021/checkpoints_corrected/Ukraine_Ukrsibbank_2021_dce7fa26bb7a.json,15,2.0,1,0,0.0,0.0,0.0,0.0,0.0,0.0
ukraine,2021,Ukrsibbank,evaluations/reruns/country_year_classification_20260630_211343/ukraine_2021/checkpoints_corrected/Ukraine_Ukrsibbank_2021_dce7fa26bb7a.json,16,2.0,2,0,0.0,0.0,0.0,0.0,0.0,0.0
ukraine,2021,Ukrsibbank,evaluations/reruns/country_year_classification_20260630_211343/ukraine_2021/checkpoints_corrected/Ukraine_Ukrsibbank_2021_dce7fa26bb7a.json,17,3.0,4,4,3.0,0.0,0.0,12.0,3.0,0.6382978723404256
ukraine,2021,Universal Bank,evaluations/reruns/country_year_classification_20260630_211343/ukraine_2021/checkpoints_corrected/Ukraine_Universal_Bank_2021_9dfbccbf5cda.json,1,0.0,0,0,0.0,0.0,0.0,0.0,0.0,0.0
ukraine,2021,Universal Bank,evaluations/reruns/country_year_classification_20260630_211343/ukraine_2021/checkpoints_corrected/Ukraine_Universal_Bank_2021_9dfbccbf5cda.json,2,0.0,0,0,0.0,0.0,0.0,0.0,0.0,0.0
ukraine,2021,Universal Bank,evaluations/reruns/country_year_classification_20260630_211343/ukraine_2021/checkpoints_corrected/Ukraine_Universal_Bank_2021_9dfbccbf5cda.json,3,0.0,0,0,0.0,0.0,0.0,0.0,0.0,0.0
ukraine,2021,Universal Bank,evaluations/reruns/country_year_classification_20260630_211343/ukraine_2021/checkpoints_corrected/Ukraine_Universal_Bank_2021_9dfbccbf5cda.json,4,0.0,0,0,0.0,0.0,0.0,0.0,0.0,0.0
ukraine,2021,Universal Bank,evaluations/reruns/country_year_classification_20260630_211343/ukraine_2021/checkpoints_corrected/Ukraine_Universal_Bank_2021_9dfbccbf5cda.json,5,0.0,0,0,0.0,0.0,0.0,0.0,0.0,0.0
ukraine,2021,Universal Bank,evaluations/reruns/country_year_classification_20260630_211343/ukraine_2021/checkpoints_corrected/Ukraine_Universal_Bank_2021_9dfbccbf5cda.json,6,0.0,0,0,0.0,0.0,0.0,0.0,0.0,0.0
ukraine,2021,Universal Bank,evaluations/reruns/country_year_classification_20260630_211343/ukraine_2021/checkpoints_corrected/Ukraine_Universal_Bank_2021_9dfbccbf5cda.json,7,0.0,0,0,0.0,0.0,0.0,0.0,0.0,0.0
ukraine,2021,Universal Bank,evaluations/reruns/country_year_classification_20260630_211343/ukraine_2021/checkpoints_corrected/Ukraine_Universal_Bank_2021_9dfbccbf5cda.json,8,4.0,4,4,4.0,0.0,0.0,16.0,4.0,1.6666666666666667
ukraine,2021,Universal Bank,evaluations/reruns/country_year_classification_20260630_211343/ukraine_2021/checkpoints_corrected/Ukraine_Universal_Bank_2021_9dfbccbf5cda.json,9,2.0,1,0,0.0,0.0,0.0,0.0,0.0,0.0
ukraine,2021,Universal Bank,evaluations/reruns/country_year_classification_20260630_211343/ukraine_2021/checkpoints_corrected/Ukraine_Universal_Bank_2021_9dfbccbf5cda.json,10,3.0,1,1,3.0,0.0,0.0,3.0,3.0,1.25
ukraine,2021,Universal Bank,evaluations/reruns/country_year_classification_20260630_211343/ukraine_2021/checkpoints_corrected/Ukraine_Universal_Bank_2021_9dfbccbf5cda.json,11,0.0,0,0,0.0,0.0,0.0,0.0,0.0,0.0
ukraine,2021,Universal Bank,evaluations/reruns/country_year_classification_20260630_211343/ukraine_2021/checkpoints_corrected/Ukraine_Universal_Bank_2021_9dfbccbf5cda.json,12,0.0,0,0,0.0,0.0,0.0,0.0,0.0,0.0
ukraine,2021,Universal Bank,evaluations/reruns/country_year_classification_20260630_211343/ukraine_2021/checkpoints_corrected/Ukraine_Universal_Bank_2021_9dfbccbf5cda.json,13,0.0,0,0,0.0,0.0,0.0,0.0,0.0,0.0
ukraine,2021,Universal Bank,evaluations/reruns/country_year_classification_20260630_211343/ukraine_2021/checkpoints_corrected/Ukraine_Universal_Bank_2021_9dfbccbf5cda.json,14,0.0,0,0,0.0,0.0,0.0,0.0,0.0,0.0
ukraine,2021,Universal Bank,evaluations/reruns/country_year_classification_20260630_211343/ukraine_2021/checkpoints_corrected/Ukraine_Universal_Bank_2021_9dfbccbf5cda.json,15,0.0,0,0,0.0,0.0,0.0,0.0,0.0,0.0
ukraine,2021,Universal Bank,evaluations/reruns/country_year_classification_20260630_211343/ukraine_2021/checkpoints_corrected/Ukraine_Universal_Bank_2021_9dfbccbf5cda.json,16,5.0,22,22,5.0,0.0,0.0,110.0,5.0,2.0833333333333335
ukraine,2021,Universal Bank,evaluations/reruns/country_year_classification_20260630_211343/ukraine_2021/checkpoints_corrected/Ukraine_Universal_Bank_2021_9dfbccbf5cda.json,17,0.0,0,0,0.0,0.0,0.0,0.0,0.0,0.0
ukraine,2022,A-bank,evaluations/reruns/country_year_classification_20260630_211343/ukraine_2022/checkpoints_corrected/Ukraine_A_bank_2022_f4646ec7af20.json,1,4.0,6,6,4.0,0.0,0.0,24.0,4.0,0.7017543859649122
ukraine,2022,A-bank,evaluations/reruns/country_year_classification_20260630_211343/ukraine_2022/checkpoints_corrected/Ukraine_A_bank_2022_f4646ec7af20.json,2,0.0,0,0,0.0,0.0,0.0,0.0,0.0,0.0
ukraine,2022,A-bank,evaluations/reruns/country_year_classification_20260630_211343/ukraine_2022/checkpoints_corrected/Ukraine_A_bank_2022_f4646ec7af20.json,3,4.0,4,4,4.0,0.0,0.0,16.0,4.0,0.7017543859649122
ukraine,2022,A-bank,evaluations/reruns/country_year_classification_20260630_211343/ukraine_2022/checkpoints_corrected/Ukraine_A_bank_2022_f4646ec7af20.json,4,2.5,2,0,0.0,0.0,0.0,0.0,0.0,0.0
ukraine,2022,A-bank,evaluations/reruns/country_year_classification_20260630_211343/ukraine_2022/checkpoints_corrected/Ukraine_A_bank_2022_f4646ec7af20.json,5,0.0,0,0,0.0,0.0,0.0,0.0,0.0,0.0
ukraine,2022,A-bank,evaluations/reruns/country_year_classification_20260630_211343/ukraine_2022/checkpoints_corrected/Ukraine_A_bank_2022_f4646ec7af20.json,6,0.0,0,0,0.0,0.0,0.0,0.0,0.0,0.0
ukraine,2022,A-bank,evaluations/reruns/country_year_classification_20260630_211343/ukraine_2022/checkpoints_corrected/Ukraine_A_bank_2022_f4646ec7af20.json,7,0.0,0,0,0.0,0.0,0.0,0.0,0.0,0.0
ukraine,2022,A-bank,evaluations/reruns/country_year_classification_20260630_211343/ukraine_2022/checkpoints_corrected/Ukraine_A_bank_2022_f4646ec7af20.json,8,4.5,14,14,4.5,0.0,0.0,63.0,4.5,0.7894736842105263
ukraine,2022,A-bank,evaluations/reruns/country_year_classification_20260630_211343/ukraine_2022/checkpoints_corrected/Ukraine_A_bank_2022_f4646ec7af20.json,9,4.0,11,11,4.0,0.0,0.0,44.0,4.0,0.7017543859649122
ukraine,2022,A-bank,evaluations/reruns/country_year_classification_20260630_211343/ukraine_2022/checkpoints_corrected/Ukraine_A_bank_2022_f4646ec7af20.json,10,3.0,2,2,3.0,0.0,0.0,6.0,3.0,0.5263157894736842
ukraine,2022,A-bank,evaluations/reruns/country_year_classification_20260630_211343/ukraine_2022/checkpoints_corrected/Ukraine_A_bank_2022_f4646ec7af20.json,11,0.0,0,0,0.0,0.0,0.0,0.0,0.0,0.0
ukraine,2022,A-bank,evaluations/reruns/country_year_classification_20260630_211343/ukraine_2022/checkpoints_corrected/Ukraine_A_bank_2022_f4646ec7af20.json,12,0.0,0,0,0.0,0.0,0.0,0.0,0.0,0.0
ukraine,2022,A-bank,evaluations/reruns/country_year_classification_20260630_211343/ukraine_2022/checkpoints_corrected/Ukraine_A_bank_2022_f4646ec7af20.json,13,0.0,0,0,0.0,0.0,0.0,0.0,0.0,0.0
ukraine,2022,A-bank,evaluations/reruns/country_year_classification_20260630_211343/ukraine_2022/checkpoints_corrected/Ukraine_A_bank_2022_f4646ec7af20.json,14,0.0,0,0,0.0,0.0,0.0,0.0,0.0,0.0
ukraine,2022,A-bank,evaluations/reruns/country_year_classification_20260630_211343/ukraine_2022/checkpoints_corrected/Ukraine_A_bank_2022_f4646ec7af20.json,15,0.0,0,0,0.0,0.0,0.0,0.0,0.0,0.0
ukraine,2022,A-bank,evaluations/reruns/country_year_classification_20260630_211343/ukraine_2022/checkpoints_corrected/Ukraine_A_bank_2022_f4646ec7af20.json,16,5.0,30,30,5.0,0.0,0.0,150.0,5.0,0.8771929824561403
ukraine,2022,A-bank,evaluations/reruns/country_year_classification_20260630_211343/ukraine_2022/checkpoints_corrected/Ukraine_A_bank_2022_f4646ec7af20.json,17,4.0,5,5,4.0,0.0,0.0,20.0,4.0,0.7017543859649122
ukraine,2022,Credit Agricole Bank,evaluations/reruns/country_year_classification_20260630_211343/ukraine_2022/checkpoints_corrected/Ukraine_Credit_Agricole_Bank_2022_12f01592aa99.json,1,3.5,2,2,3.5,0.0,0.0,7.0,3.5,0.3977272727272727
ukraine,2022,Credit Agricole Bank,evaluations/reruns/country_year_classification_20260630_211343/ukraine_2022/checkpoints_corrected/Ukraine_Credit_Agricole_Bank_2022_12f01592aa99.json,2,4.0,7,7,4.0,0.0,0.0,28.0,4.0,0.45454545454545453
ukraine,2022,Credit Agricole Bank,evaluations/reruns/country_year_classification_20260630_211343/ukraine_2022/checkpoints_corrected/Ukraine_Credit_Agricole_Bank_2022_12f01592aa99.json,3,5.0,13,13,5.0,0.0,0.0,65.0,5.0,0.5681818181818182
ukraine,2022,Credit Agricole Bank,evaluations/reruns/country_year_classification_20260630_211343/ukraine_2022/checkpoints_corrected/Ukraine_Credit_Agricole_Bank_2022_12f01592aa99.json,4,5.0,5,5,5.0,0.0,0.0,25.0,5.0,0.5681818181818182
ukraine,2022,Credit Agricole Bank,evaluations/reruns/country_year_classification_20260630_211343/ukraine_2022/checkpoints_corrected/Ukraine_Credit_Agricole_Bank_2022_12f01592aa99.json,5,2.0,2,0,0.0,0.0,0.0,0.0,0.0,0.0
ukraine,2022,Credit Agricole Bank,evaluations/reruns/country_year_classification_20260630_211343/ukraine_2022/checkpoints_corrected/Ukraine_Credit_Agricole_Bank_2022_12f01592aa99.json,6,0.0,0,0,0.0,0.0,0.0,0.0,0.0,0.0
ukraine,2022,Credit Agricole Bank,evaluations/reruns/country_year_classification_20260630_211343/ukraine_2022/checkpoints_corrected/Ukraine_Credit_Agricole_Bank_2022_12f01592aa99.json,7,3.0,3,3,3.0,0.0,0.0,9.0,3.0,0.3409090909090909
ukraine,2022,Credit Agricole Bank,evaluations/reruns/country_year_classification_20260630_211343/ukraine_2022/checkpoints_corrected/Ukraine_Credit_Agricole_Bank_2022_12f01592aa99.json,8,5.0,17,17,5.0,0.0,0.0,85.0,5.0,0.5681818181818182
ukraine,2022,Credit Agricole Bank,evaluations/reruns/country_year_classification_20260630_211343/ukraine_2022/checkpoints_corrected/Ukraine_Credit_Agricole_Bank_2022_12f01592aa99.json,9,4.0,16,16,4.0,0.0,0.0,64.0,4.0,0.45454545454545453
ukraine,2022,Credit Agricole Bank,evaluations/reruns/country_year_classification_20260630_211343/ukraine_2022/checkpoints_corrected/Ukraine_Credit_Agricole_Bank_2022_12f01592aa99.json,10,3.0,3,3,3.0,0.0,0.0,9.0,3.0,0.3409090909090909
ukraine,2022,Credit Agricole Bank,evaluations/reruns/country_year_classification_20260630_211343/ukraine_2022/checkpoints_corrected/Ukraine_Credit_Agricole_Bank_2022_12f01592aa99.json,11,0.0,0,0,0.0,0.0,0.0,0.0,0.0,0.0
ukraine,2022,Credit Agricole Bank,evaluations/reruns/country_year_classification_20260630_211343/ukraine_2022/checkpoints_corrected/Ukraine_Credit_Agricole_Bank_2022_12f01592aa99.json,12,2.0,2,0,0.0,0.0,0.0,0.0,0.0,0.0
ukraine,2022,Credit Agricole Bank,evaluations/reruns/country_year_classification_20260630_211343/ukraine_2022/checkpoints_corrected/Ukraine_Credit_Agricole_Bank_2022_12f01592aa99.json,13,4.0,2,2,4.0,0.0,0.0,8.0,4.0,0.45454545454545453
ukraine,2022,Credit Agricole Bank,evaluations/reruns/country_year_classification_20260630_211343/ukraine_2022/checkpoints_corrected/Ukraine_Credit_Agricole_Bank_2022_12f01592aa99.json,14,0.0,0,0,0.0,0.0,0.0,0.0,0.0,0.0
ukraine,2022,Credit Agricole Bank,evaluations/reruns/country_year_classification_20260630_211343/ukraine_2022/checkpoints_corrected/Ukraine_Credit_Agricole_Bank_2022_12f01592aa99.json,15,0.0,0,0,0.0,0.0,0.0,0.0,0.0,0.0
ukraine,2022,Credit Agricole Bank,evaluations/reruns/country_year_classification_20260630_211343/ukraine_2022/checkpoints_corrected/Ukraine_Credit_Agricole_Bank_2022_12f01592aa99.json,16,4.5,15,15,4.5,0.0,0.0,67.5,4.5,0.5113636363636364
ukraine,2022,Credit Agricole Bank,evaluations/reruns/country_year_classification_20260630_211343/ukraine_2022/checkpoints_corrected/Ukraine_Credit_Agricole_Bank_2022_12f01592aa99.json,17,3.0,9,9,3.0,0.0,0.0,27.0,3.0,0.3409090909090909
ukraine,2022,Credobank,evaluations/reruns/country_year_classification_20260630_211343/ukraine_2022/checkpoints_corrected/Ukraine_Credobank_2022_5c2177484b36.json,1,4.0,4,4,4.0,0.0,0.0,16.0,4.0,0.6666666666666666
ukraine,2022,Credobank,evaluations/reruns/country_year_classification_20260630_211343/ukraine_2022/checkpoints_corrected/Ukraine_Credobank_2022_5c2177484b36.json,2,0.0,0,0,0.0,0.0,0.0,0.0,0.0,0.0
ukraine,2022,Credobank,evaluations/reruns/country_year_classification_20260630_211343/ukraine_2022/checkpoints_corrected/Ukraine_Credobank_2022_5c2177484b36.json,3,3.0,2,2,3.0,0.0,0.0,6.0,3.0,0.5
ukraine,2022,Credobank,evaluations/reruns/country_year_classification_20260630_211343/ukraine_2022/checkpoints_corrected/Ukraine_Credobank_2022_5c2177484b36.json,4,0.0,0,0,0.0,0.0,0.0,0.0,0.0,0.0
ukraine,2022,Credobank,evaluations/reruns/country_year_classification_20260630_211343/ukraine_2022/checkpoints_corrected/Ukraine_Credobank_2022_5c2177484b36.json,5,2.0,1,0,0.0,0.0,0.0,0.0,0.0,0.0
ukraine,2022,Credobank,evaluations/reruns/country_year_classification_20260630_211343/ukraine_2022/checkpoints_corrected/Ukraine_Credobank_2022_5c2177484b36.json,6,0.0,0,0,0.0,0.0,0.0,0.0,0.0,0.0
ukraine,2022,Credobank,evaluations/reruns/country_year_classification_20260630_211343/ukraine_2022/checkpoints_corrected/Ukraine_Credobank_2022_5c2177484b36.json,7,2.0,1,0,0.0,0.0,0.0,0.0,0.0,0.0
ukraine,2022,Credobank,evaluations/reruns/country_year_classification_20260630_211343/ukraine_2022/checkpoints_corrected/Ukraine_Credobank_2022_5c2177484b36.json,8,3.0,6,6,3.0,0.0,0.0,18.0,3.0,0.5
ukraine,2022,Credobank,evaluations/reruns/country_year_classification_20260630_211343/ukraine_2022/checkpoints_corrected/Ukraine_Credobank_2022_5c2177484b36.json,9,3.0,2,2,3.0,0.0,0.0,6.0,3.0,0.5
ukraine,2022,Credobank,evaluations/reruns/country_year_classification_20260630_211343/ukraine_2022/checkpoints_corrected/Ukraine_Credobank_2022_5c2177484b36.json,10,3.0,2,2,3.0,0.0,0.0,6.0,3.0,0.5
ukraine,2022,Credobank,evaluations/reruns/country_year_classification_20260630_211343/ukraine_2022/checkpoints_corrected/Ukraine_Credobank_2022_5c2177484b36.json,11,3.0,6,6,3.0,0.0,0.0,18.0,3.0,0.5
ukraine,2022,Credobank,evaluations/reruns/country_year_classification_20260630_211343/ukraine_2022/checkpoints_corrected/Ukraine_Credobank_2022_5c2177484b36.json,12,3.0,2,2,3.0,0.0,0.0,6.0,3.0,0.5
ukraine,2022,Credobank,evaluations/reruns/country_year_classification_20260630_211343/ukraine_2022/checkpoints_corrected/Ukraine_Credobank_2022_5c2177484b36.json,13,2.0,1,0,0.0,0.0,0.0,0.0,0.0,0.0
ukraine,2022,Credobank,evaluations/reruns/country_year_classification_20260630_211343/ukraine_2022/checkpoints_corrected/Ukraine_Credobank_2022_5c2177484b36.json,14,0.0,0,0,0.0,0.0,0.0,0.0,0.0,0.0
ukraine,2022,Credobank,evaluations/reruns/country_year_classification_20260630_211343/ukraine_2022/checkpoints_corrected/Ukraine_Credobank_2022_5c2177484b36.json,15,0.0,0,0,0.0,0.0,0.0,0.0,0.0,0.0
ukraine,2022,Credobank,evaluations/reruns/country_year_classification_20260630_211343/ukraine_2022/checkpoints_corrected/Ukraine_Credobank_2022_5c2177484b36.json,16,5.0,11,11,5.0,0.0,0.0,55.0,5.0,0.8333333333333334
ukraine,2022,Credobank,evaluations/reruns/country_year_classification_20260630_211343/ukraine_2022/checkpoints_corrected/Ukraine_Credobank_2022_5c2177484b36.json,17,3.0,2,2,3.0,0.0,0.0,6.0,3.0,0.5
ukraine,2022,FUIB,evaluations/reruns/country_year_classification_20260630_211343/ukraine_2022/checkpoints_corrected/Ukraine_FUIB_2022_d72a53103c68.json,1,0.0,0,0,0.0,0.0,0.0,0.0,0.0,0.0
ukraine,2022,FUIB,evaluations/reruns/country_year_classification_20260630_211343/ukraine_2022/checkpoints_corrected/Ukraine_FUIB_2022_d72a53103c68.json,2,2.0,1,0,0.0,0.0,0.0,0.0,0.0,0.0
ukraine,2022,FUIB,evaluations/reruns/country_year_classification_20260630_211343/ukraine_2022/checkpoints_corrected/Ukraine_FUIB_2022_d72a53103c68.json,3,4.0,9,9,4.0,0.0,0.0,36.0,4.0,0.9090909090909091
ukraine,2022,FUIB,evaluations/reruns/country_year_classification_20260630_211343/ukraine_2022/checkpoints_corrected/Ukraine_FUIB_2022_d72a53103c68.json,4,0.0,0,0,0.0,0.0,0.0,0.0,0.0,0.0
ukraine,2022,FUIB,evaluations/reruns/country_year_classification_20260630_211343/ukraine_2022/checkpoints_corrected/Ukraine_FUIB_2022_d72a53103c68.json,5,2.0,1,0,0.0,0.0,0.0,0.0,0.0,0.0
ukraine,2022,FUIB,evaluations/reruns/country_year_classification_20260630_211343/ukraine_2022/checkpoints_corrected/Ukraine_FUIB_2022_d72a53103c68.json,6,0.0,0,0,0.0,0.0,0.0,0.0,0.0,0.0
ukraine,2022,FUIB,evaluations/reruns/country_year_classification_20260630_211343/ukraine_2022/checkpoints_corrected/Ukraine_FUIB_2022_d72a53103c68.json,7,0.0,0,0,0.0,0.0,0.0,0.0,0.0,0.0
ukraine,2022,FUIB,evaluations/reruns/country_year_classification_20260630_211343/ukraine_2022/checkpoints_corrected/Ukraine_FUIB_2022_d72a53103c68.json,8,4.0,14,14,4.0,0.0,0.0,56.0,4.0,0.9090909090909091
ukraine,2022,FUIB,evaluations/reruns/country_year_classification_20260630_211343/ukraine_2022/checkpoints_corrected/Ukraine_FUIB_2022_d72a53103c68.json,9,3.0,3,3,3.0,0.0,0.0,9.0,3.0,0.6818181818181818
ukraine,2022,FUIB,evaluations/reruns/country_year_classification_20260630_211343/ukraine_2022/checkpoints_corrected/Ukraine_FUIB_2022_d72a53103c68.json,10,2.0,1,0,0.0,0.0,0.0,0.0,0.0,0.0
ukraine,2022,FUIB,evaluations/reruns/country_year_classification_20260630_211343/ukraine_2022/checkpoints_corrected/Ukraine_FUIB_2022_d72a53103c68.json,11,3.0,4,4,3.0,0.0,0.0,12.0,3.0,0.6818181818181818
ukraine,2022,FUIB,evaluations/reruns/country_year_classification_20260630_211343/ukraine_2022/checkpoints_corrected/Ukraine_FUIB_2022_d72a53103c68.json,12,0.0,0,0,0.0,0.0,0.0,0.0,0.0,0.0
ukraine,2022,FUIB,evaluations/reruns/country_year_classification_20260630_211343/ukraine_2022/checkpoints_corrected/Ukraine_FUIB_2022_d72a53103c68.json,13,2.0,2,0,0.0,0.0,0.0,0.0,0.0,0.0
ukraine,2022,FUIB,evaluations/reruns/country_year_classification_20260630_211343/ukraine_2022/checkpoints_corrected/Ukraine_FUIB_2022_d72a53103c68.json,14,0.0,0,0,0.0,0.0,0.0,0.0,0.0,0.0
ukraine,2022,FUIB,evaluations/reruns/country_year_classification_20260630_211343/ukraine_2022/checkpoints_corrected/Ukraine_FUIB_2022_d72a53103c68.json,15,0.0,0,0,0.0,0.0,0.0,0.0,0.0,0.0
ukraine,2022,FUIB,evaluations/reruns/country_year_classification_20260630_211343/ukraine_2022/checkpoints_corrected/Ukraine_FUIB_2022_d72a53103c68.json,16,5.0,22,22,5.0,0.0,0.0,110.0,5.0,1.1363636363636365
ukraine,2022,FUIB,evaluations/reruns/country_year_classification_20260630_211343/ukraine_2022/checkpoints_corrected/Ukraine_FUIB_2022_d72a53103c68.json,17,3.0,5,5,3.0,0.0,0.0,15.0,3.0,0.6818181818181818
ukraine,2022,OTP Bank,evaluations/reruns/country_year_classification_20260630_211343/ukraine_2022/checkpoints_corrected/Ukraine_OTP_Bank_2022_afdc477917bc.json,1,3.0,11,11,3.0,0.0,0.0,33.0,3.0,0.42857142857142855
ukraine,2022,OTP Bank,evaluations/reruns/country_year_classification_20260630_211343/ukraine_2022/checkpoints_corrected/Ukraine_OTP_Bank_2022_afdc477917bc.json,2,4.0,3,3,4.0,0.0,0.0,12.0,4.0,0.5714285714285714
ukraine,2022,OTP Bank,evaluations/reruns/country_year_classification_20260630_211343/ukraine_2022/checkpoints_corrected/Ukraine_OTP_Bank_2022_afdc477917bc.json,3,4.0,5,5,4.0,0.0,0.0,20.0,4.0,0.5714285714285714
ukraine,2022,OTP Bank,evaluations/reruns/country_year_classification_20260630_211343/ukraine_2022/checkpoints_corrected/Ukraine_OTP_Bank_2022_afdc477917bc.json,4,4.0,3,3,4.0,0.0,0.0,12.0,4.0,0.5714285714285714
ukraine,2022,OTP Bank,evaluations/reruns/country_year_classification_20260630_211343/ukraine_2022/checkpoints_corrected/Ukraine_OTP_Bank_2022_afdc477917bc.json,5,0.0,0,0,0.0,0.0,0.0,0.0,0.0,0.0
ukraine,2022,OTP Bank,evaluations/reruns/country_year_classification_20260630_211343/ukraine_2022/checkpoints_corrected/Ukraine_OTP_Bank_2022_afdc477917bc.json,6,0.0,0,0,0.0,0.0,0.0,0.0,0.0,0.0
ukraine,2022,OTP Bank,evaluations/reruns/country_year_classification_20260630_211343/ukraine_2022/checkpoints_corrected/Ukraine_OTP_Bank_2022_afdc477917bc.json,7,2.0,2,0,0.0,0.0,0.0,0.0,0.0,0.0
ukraine,2022,OTP Bank,evaluations/reruns/country_year_classification_20260630_211343/ukraine_2022/checkpoints_corrected/Ukraine_OTP_Bank_2022_afdc477917bc.json,8,5.0,10,10,5.0,0.0,0.0,50.0,5.0,0.7142857142857143
ukraine,2022,OTP Bank,evaluations/reruns/country_year_classification_20260630_211343/ukraine_2022/checkpoints_corrected/Ukraine_OTP_Bank_2022_afdc477917bc.json,9,4.0,11,11,4.0,0.0,0.0,44.0,4.0,0.5714285714285714
ukraine,2022,OTP Bank,evaluations/reruns/country_year_classification_20260630_211343/ukraine_2022/checkpoints_corrected/Ukraine_OTP_Bank_2022_afdc477917bc.json,10,3.0,7,7,3.0,0.0,0.0,21.0,3.0,0.42857142857142855
ukraine,2022,OTP Bank,evaluations/reruns/country_year_classification_20260630_211343/ukraine_2022/checkpoints_corrected/Ukraine_OTP_Bank_2022_afdc477917bc.json,11,0.0,0,0,0.0,0.0,0.0,0.0,0.0,0.0
ukraine,2022,OTP Bank,evaluations/reruns/country_year_classification_20260630_211343/ukraine_2022/checkpoints_corrected/Ukraine_OTP_Bank_2022_afdc477917bc.json,12,2.0,1,0,0.0,0.0,0.0,0.0,0.0,0.0
ukraine,2022,OTP Bank,evaluations/reruns/country_year_classification_20260630_211343/ukraine_2022/checkpoints_corrected/Ukraine_OTP_Bank_2022_afdc477917bc.json,13,2.0,1,0,0.0,0.0,0.0,0.0,0.0,0.0
ukraine,2022,OTP Bank,evaluations/reruns/country_year_classification_20260630_211343/ukraine_2022/checkpoints_corrected/Ukraine_OTP_Bank_2022_afdc477917bc.json,14,0.0,0,0,0.0,0.0,0.0,0.0,0.0,0.0
ukraine,2022,OTP Bank,evaluations/reruns/country_year_classification_20260630_211343/ukraine_2022/checkpoints_corrected/Ukraine_OTP_Bank_2022_afdc477917bc.json,15,0.0,0,0,0.0,0.0,0.0,0.0,0.0,0.0
ukraine,2022,OTP Bank,evaluations/reruns/country_year_classification_20260630_211343/ukraine_2022/checkpoints_corrected/Ukraine_OTP_Bank_2022_afdc477917bc.json,16,5.0,6,6,5.0,0.0,0.0,30.0,5.0,0.7142857142857143
ukraine,2022,OTP Bank,evaluations/reruns/country_year_classification_20260630_211343/ukraine_2022/checkpoints_corrected/Ukraine_OTP_Bank_2022_afdc477917bc.json,17,3.0,7,7,3.0,0.0,0.0,21.0,3.0,0.42857142857142855
ukraine,2022,Oschadbank,evaluations/reruns/country_year_classification_20260630_211343/ukraine_2022/checkpoints_corrected/Ukraine_Oschadbank_2022_ace3b6f27c25.json,1,4.0,15,15,4.0,0.0,0.0,60.0,4.0,0.45977011494252873
ukraine,2022,Oschadbank,evaluations/reruns/country_year_classification_20260630_211343/ukraine_2022/checkpoints_corrected/Ukraine_Oschadbank_2022_ace3b6f27c25.json,2,4.0,7,7,4.0,0.0,0.0,28.0,4.0,0.45977011494252873
ukraine,2022,Oschadbank,evaluations/reruns/country_year_classification_20260630_211343/ukraine_2022/checkpoints_corrected/Ukraine_Oschadbank_2022_ace3b6f27c25.json,3,2.0,3,0,0.0,0.0,0.0,0.0,0.0,0.0
ukraine,2022,Oschadbank,evaluations/reruns/country_year_classification_20260630_211343/ukraine_2022/checkpoints_corrected/Ukraine_Oschadbank_2022_ace3b6f27c25.json,4,4.0,7,7,4.0,0.0,0.0,28.0,4.0,0.45977011494252873
ukraine,2022,Oschadbank,evaluations/reruns/country_year_classification_20260630_211343/ukraine_2022/checkpoints_corrected/Ukraine_Oschadbank_2022_ace3b6f27c25.json,5,2.0,1,0,0.0,0.0,0.0,0.0,0.0,0.0
ukraine,2022,Oschadbank,evaluations/reruns/country_year_classification_20260630_211343/ukraine_2022/checkpoints_corrected/Ukraine_Oschadbank_2022_ace3b6f27c25.json,6,0.0,0,0,0.0,0.0,0.0,0.0,0.0,0.0
ukraine,2022,Oschadbank,evaluations/reruns/country_year_classification_20260630_211343/ukraine_2022/checkpoints_corrected/Ukraine_Oschadbank_2022_ace3b6f27c25.json,7,3.0,5,5,3.0,0.0,0.0,15.0,3.0,0.3448275862068966
ukraine,2022,Oschadbank,evaluations/reruns/country_year_classification_20260630_211343/ukraine_2022/checkpoints_corrected/Ukraine_Oschadbank_2022_ace3b6f27c25.json,8,4.5,25,25,4.5,0.0,0.0,112.5,4.5,0.5172413793103449
ukraine,2022,Oschadbank,evaluations/reruns/country_year_classification_20260630_211343/ukraine_2022/checkpoints_corrected/Ukraine_Oschadbank_2022_ace3b6f27c25.json,9,4.0,17,17,4.0,0.0,0.0,68.0,4.0,0.45977011494252873
ukraine,2022,Oschadbank,evaluations/reruns/country_year_classification_20260630_211343/ukraine_2022/checkpoints_corrected/Ukraine_Oschadbank_2022_ace3b6f27c25.json,10,3.0,7,7,3.0,0.0,0.0,21.0,3.0,0.3448275862068966
ukraine,2022,Oschadbank,evaluations/reruns/country_year_classification_20260630_211343/ukraine_2022/checkpoints_corrected/Ukraine_Oschadbank_2022_ace3b6f27c25.json,11,3.0,8,8,3.0,0.0,0.0,24.0,3.0,0.3448275862068966
ukraine,2022,Oschadbank,evaluations/reruns/country_year_classification_20260630_211343/ukraine_2022/checkpoints_corrected/Ukraine_Oschadbank_2022_ace3b6f27c25.json,12,3.0,2,2,3.0,0.0,0.0,6.0,3.0,0.3448275862068966
ukraine,2022,Oschadbank,evaluations/reruns/country_year_classification_20260630_211343/ukraine_2022/checkpoints_corrected/Ukraine_Oschadbank_2022_ace3b6f27c25.json,13,3.0,2,2,3.0,0.0,0.0,6.0,3.0,0.3448275862068966
ukraine,2022,Oschadbank,evaluations/reruns/country_year_classification_20260630_211343/ukraine_2022/checkpoints_corrected/Ukraine_Oschadbank_2022_ace3b6f27c25.json,14,0.0,0,0,0.0,0.0,0.0,0.0,0.0,0.0
ukraine,2022,Oschadbank,evaluations/reruns/country_year_classification_20260630_211343/ukraine_2022/checkpoints_corrected/Ukraine_Oschadbank_2022_ace3b6f27c25.json,15,2.0,1,0,0.0,0.0,0.0,0.0,0.0,0.0
ukraine,2022,Oschadbank,evaluations/reruns/country_year_classification_20260630_211343/ukraine_2022/checkpoints_corrected/Ukraine_Oschadbank_2022_ace3b6f27c25.json,16,5.0,15,15,5.0,0.0,0.0,75.0,5.0,0.5747126436781609
ukraine,2022,Oschadbank,evaluations/reruns/country_year_classification_20260630_211343/ukraine_2022/checkpoints_corrected/Ukraine_Oschadbank_2022_ace3b6f27c25.json,17,3.0,11,11,3.0,0.0,0.0,33.0,3.0,0.3448275862068966
ukraine,2022,Pivdenny,evaluations/reruns/country_year_classification_20260630_211343/ukraine_2022/checkpoints_corrected/Ukraine_Pivdenny_2022_2727bcade74f.json,1,3.0,3,3,3.0,0.0,0.0,9.0,3.0,0.8333333333333334
ukraine,2022,Pivdenny,evaluations/reruns/country_year_classification_20260630_211343/ukraine_2022/checkpoints_corrected/Ukraine_Pivdenny_2022_2727bcade74f.json,2,3.0,1,1,3.0,0.0,0.0,3.0,3.0,0.8333333333333334
ukraine,2022,Pivdenny,evaluations/reruns/country_year_classification_20260630_211343/ukraine_2022/checkpoints_corrected/Ukraine_Pivdenny_2022_2727bcade74f.json,3,2.0,2,0,0.0,0.0,0.0,0.0,0.0,0.0
ukraine,2022,Pivdenny,evaluations/reruns/country_year_classification_20260630_211343/ukraine_2022/checkpoints_corrected/Ukraine_Pivdenny_2022_2727bcade74f.json,4,3.0,1,1,3.0,0.0,0.0,3.0,3.0,0.8333333333333334
ukraine,2022,Pivdenny,evaluations/reruns/country_year_classification_20260630_211343/ukraine_2022/checkpoints_corrected/Ukraine_Pivdenny_2022_2727bcade74f.json,5,2.0,1,0,0.0,0.0,0.0,0.0,0.0,0.0
ukraine,2022,Pivdenny,evaluations/reruns/country_year_classification_20260630_211343/ukraine_2022/checkpoints_corrected/Ukraine_Pivdenny_2022_2727bcade74f.json,6,0.0,0,0,0.0,0.0,0.0,0.0,0.0,0.0
ukraine,2022,Pivdenny,evaluations/reruns/country_year_classification_20260630_211343/ukraine_2022/checkpoints_corrected/Ukraine_Pivdenny_2022_2727bcade74f.json,7,0.0,0,0,0.0,0.0,0.0,0.0,0.0,0.0
ukraine,2022,Pivdenny,evaluations/reruns/country_year_classification_20260630_211343/ukraine_2022/checkpoints_corrected/Ukraine_Pivdenny_2022_2727bcade74f.json,8,4.0,4,4,4.0,0.0,0.0,16.0,4.0,1.1111111111111112
ukraine,2022,Pivdenny,evaluations/reruns/country_year_classification_20260630_211343/ukraine_2022/checkpoints_corrected/Ukraine_Pivdenny_2022_2727bcade74f.json,9,0.0,0,0,0.0,0.0,0.0,0.0,0.0,0.0
ukraine,2022,Pivdenny,evaluations/reruns/country_year_classification_20260630_211343/ukraine_2022/checkpoints_corrected/Ukraine_Pivdenny_2022_2727bcade74f.json,10,0.0,0,0,0.0,0.0,0.0,0.0,0.0,0.0
ukraine,2022,Pivdenny,evaluations/reruns/country_year_classification_20260630_211343/ukraine_2022/checkpoints_corrected/Ukraine_Pivdenny_2022_2727bcade74f.json,11,0.0,0,0,0.0,0.0,0.0,0.0,0.0,0.0
ukraine,2022,Pivdenny,evaluations/reruns/country_year_classification_20260630_211343/ukraine_2022/checkpoints_corrected/Ukraine_Pivdenny_2022_2727bcade74f.json,12,0.0,0,0,0.0,0.0,0.0,0.0,0.0,0.0
ukraine,2022,Pivdenny,evaluations/reruns/country_year_classification_20260630_211343/ukraine_2022/checkpoints_corrected/Ukraine_Pivdenny_2022_2727bcade74f.json,13,0.0,0,0,0.0,0.0,0.0,0.0,0.0,0.0
ukraine,2022,Pivdenny,evaluations/reruns/country_year_classification_20260630_211343/ukraine_2022/checkpoints_corrected/Ukraine_Pivdenny_2022_2727bcade74f.json,14,0.0,0,0,0.0,0.0,0.0,0.0,0.0,0.0
ukraine,2022,Pivdenny,evaluations/reruns/country_year_classification_20260630_211343/ukraine_2022/checkpoints_corrected/Ukraine_Pivdenny_2022_2727bcade74f.json,15,0.0,0,0,0.0,0.0,0.0,0.0,0.0,0.0
ukraine,2022,Pivdenny,evaluations/reruns/country_year_classification_20260630_211343/ukraine_2022/checkpoints_corrected/Ukraine_Pivdenny_2022_2727bcade74f.json,16,5.0,11,11,5.0,0.0,0.0,55.0,5.0,1.3888888888888888
ukraine,2022,Pivdenny,evaluations/reruns/country_year_classification_20260630_211343/ukraine_2022/checkpoints_corrected/Ukraine_Pivdenny_2022_2727bcade74f.json,17,0.0,0,0,0.0,0.0,0.0,0.0,0.0,0.0
ukraine,2022,Privatbank,evaluations/reruns/country_year_classification_20260630_211343/ukraine_2022/checkpoints_corrected/Ukraine_Privatbank_2022_1908ee146f43.json,1,4.0,5,5,4.0,0.0,0.0,20.0,4.0,0.7407407407407407
ukraine,2022,Privatbank,evaluations/reruns/country_year_classification_20260630_211343/ukraine_2022/checkpoints_corrected/Ukraine_Privatbank_2022_1908ee146f43.json,2,2.0,2,0,0.0,0.0,0.0,0.0,0.0,0.0
ukraine,2022,Privatbank,evaluations/reruns/country_year_classification_20260630_211343/ukraine_2022/checkpoints_corrected/Ukraine_Privatbank_2022_1908ee146f43.json,3,4.0,3,3,4.0,0.0,0.0,12.0,4.0,0.7407407407407407
ukraine,2022,Privatbank,evaluations/reruns/country_year_classification_20260630_211343/ukraine_2022/checkpoints_corrected/Ukraine_Privatbank_2022_1908ee146f43.json,4,3.0,1,1,3.0,0.0,0.0,3.0,3.0,0.5555555555555556
ukraine,2022,Privatbank,evaluations/reruns/country_year_classification_20260630_211343/ukraine_2022/checkpoints_corrected/Ukraine_Privatbank_2022_1908ee146f43.json,5,2.0,1,0,0.0,0.0,0.0,0.0,0.0,0.0
ukraine,2022,Privatbank,evaluations/reruns/country_year_classification_20260630_211343/ukraine_2022/checkpoints_corrected/Ukraine_Privatbank_2022_1908ee146f43.json,6,0.0,0,0,0.0,0.0,0.0,0.0,0.0,0.0
ukraine,2022,Privatbank,evaluations/reruns/country_year_classification_20260630_211343/ukraine_2022/checkpoints_corrected/Ukraine_Privatbank_2022_1908ee146f43.json,7,2.0,1,0,0.0,0.0,0.0,0.0,0.0,0.0
ukraine,2022,Privatbank,evaluations/reruns/country_year_classification_20260630_211343/ukraine_2022/checkpoints_corrected/Ukraine_Privatbank_2022_1908ee146f43.json,8,4.0,8,8,4.0,0.0,0.0,32.0,4.0,0.7407407407407407
ukraine,2022,Privatbank,evaluations/reruns/country_year_classification_20260630_211343/ukraine_2022/checkpoints_corrected/Ukraine_Privatbank_2022_1908ee146f43.json,9,3.0,6,6,3.0,0.0,0.0,18.0,3.0,0.5555555555555556
ukraine,2022,Privatbank,evaluations/reruns/country_year_classification_20260630_211343/ukraine_2022/checkpoints_corrected/Ukraine_Privatbank_2022_1908ee146f43.json,10,4.0,3,3,4.0,0.0,0.0,12.0,4.0,0.7407407407407407
ukraine,2022,Privatbank,evaluations/reruns/country_year_classification_20260630_211343/ukraine_2022/checkpoints_corrected/Ukraine_Privatbank_2022_1908ee146f43.json,11,2.0,1,0,0.0,0.0,0.0,0.0,0.0,0.0
ukraine,2022,Privatbank,evaluations/reruns/country_year_classification_20260630_211343/ukraine_2022/checkpoints_corrected/Ukraine_Privatbank_2022_1908ee146f43.json,12,0.0,0,0,0.0,0.0,0.0,0.0,0.0,0.0
ukraine,2022,Privatbank,evaluations/reruns/country_year_classification_20260630_211343/ukraine_2022/checkpoints_corrected/Ukraine_Privatbank_2022_1908ee146f43.json,13,0.0,0,0,0.0,0.0,0.0,0.0,0.0,0.0
ukraine,2022,Privatbank,evaluations/reruns/country_year_classification_20260630_211343/ukraine_2022/checkpoints_corrected/Ukraine_Privatbank_2022_1908ee146f43.json,14,0.0,0,0,0.0,0.0,0.0,0.0,0.0,0.0
ukraine,2022,Privatbank,evaluations/reruns/country_year_classification_20260630_211343/ukraine_2022/checkpoints_corrected/Ukraine_Privatbank_2022_1908ee146f43.json,15,0.0,0,0,0.0,0.0,0.0,0.0,0.0,0.0
ukraine,2022,Privatbank,evaluations/reruns/country_year_classification_20260630_211343/ukraine_2022/checkpoints_corrected/Ukraine_Privatbank_2022_1908ee146f43.json,16,5.0,16,16,5.0,0.0,0.0,80.0,5.0,0.9259259259259259
ukraine,2022,Privatbank,evaluations/reruns/country_year_classification_20260630_211343/ukraine_2022/checkpoints_corrected/Ukraine_Privatbank_2022_1908ee146f43.json,17,2.0,1,0,0.0,0.0,0.0,0.0,0.0,0.0
ukraine,2022,Raiffeisen Bank JSC,evaluations/reruns/country_year_classification_20260630_211343/ukraine_2022/checkpoints_corrected/Ukraine_Raiffeisen_Bank_JSC_2022_76a3259eaf0d.json,1,3.0,5,5,3.0,0.0,0.0,15.0,3.0,0.4
ukraine,2022,Raiffeisen Bank JSC,evaluations/reruns/country_year_classification_20260630_211343/ukraine_2022/checkpoints_corrected/Ukraine_Raiffeisen_Bank_JSC_2022_76a3259eaf0d.json,2,4.0,13,13,4.0,0.0,0.0,52.0,4.0,0.5333333333333333
ukraine,2022,Raiffeisen Bank JSC,evaluations/reruns/country_year_classification_20260630_211343/ukraine_2022/checkpoints_corrected/Ukraine_Raiffeisen_Bank_JSC_2022_76a3259eaf0d.json,3,4.0,7,7,4.0,0.0,0.0,28.0,4.0,0.5333333333333333
ukraine,2022,Raiffeisen Bank JSC,evaluations/reruns/country_year_classification_20260630_211343/ukraine_2022/checkpoints_corrected/Ukraine_Raiffeisen_Bank_JSC_2022_76a3259eaf0d.json,4,4.5,8,8,4.5,0.0,0.0,36.0,4.5,0.6
ukraine,2022,Raiffeisen Bank JSC,evaluations/reruns/country_year_classification_20260630_211343/ukraine_2022/checkpoints_corrected/Ukraine_Raiffeisen_Bank_JSC_2022_76a3259eaf0d.json,5,2.0,1,0,0.0,0.0,0.0,0.0,0.0,0.0
ukraine,2022,Raiffeisen Bank JSC,evaluations/reruns/country_year_classification_20260630_211343/ukraine_2022/checkpoints_corrected/Ukraine_Raiffeisen_Bank_JSC_2022_76a3259eaf0d.json,6,1.0,1,0,0.0,0.0,0.0,0.0,0.0,0.0
ukraine,2022,Raiffeisen Bank JSC,evaluations/reruns/country_year_classification_20260630_211343/ukraine_2022/checkpoints_corrected/Ukraine_Raiffeisen_Bank_JSC_2022_76a3259eaf0d.json,7,2.0,4,0,0.0,0.0,0.0,0.0,0.0,0.0
ukraine,2022,Raiffeisen Bank JSC,evaluations/reruns/country_year_classification_20260630_211343/ukraine_2022/checkpoints_corrected/Ukraine_Raiffeisen_Bank_JSC_2022_76a3259eaf0d.json,8,4.0,23,23,4.0,0.0,0.0,92.0,4.0,0.5333333333333333
ukraine,2022,Raiffeisen Bank JSC,evaluations/reruns/country_year_classification_20260630_211343/ukraine_2022/checkpoints_corrected/Ukraine_Raiffeisen_Bank_JSC_2022_76a3259eaf0d.json,9,4.0,19,19,4.0,0.0,0.0,76.0,4.0,0.5333333333333333
ukraine,2022,Raiffeisen Bank JSC,evaluations/reruns/country_year_classification_20260630_211343/ukraine_2022/checkpoints_corrected/Ukraine_Raiffeisen_Bank_JSC_2022_76a3259eaf0d.json,10,3.0,5,5,3.0,0.0,0.0,15.0,3.0,0.4
ukraine,2022,Raiffeisen Bank JSC,evaluations/reruns/country_year_classification_20260630_211343/ukraine_2022/checkpoints_corrected/Ukraine_Raiffeisen_Bank_JSC_2022_76a3259eaf0d.json,11,2.0,1,0,0.0,0.0,0.0,0.0,0.0,0.0
ukraine,2022,Raiffeisen Bank JSC,evaluations/reruns/country_year_classification_20260630_211343/ukraine_2022/checkpoints_corrected/Ukraine_Raiffeisen_Bank_JSC_2022_76a3259eaf0d.json,12,3.0,1,1,3.0,0.0,0.0,3.0,3.0,0.4
ukraine,2022,Raiffeisen Bank JSC,evaluations/reruns/country_year_classification_20260630_211343/ukraine_2022/checkpoints_corrected/Ukraine_Raiffeisen_Bank_JSC_2022_76a3259eaf0d.json,13,2.0,4,0,0.0,0.0,0.0,0.0,0.0,0.0
ukraine,2022,Raiffeisen Bank JSC,evaluations/reruns/country_year_classification_20260630_211343/ukraine_2022/checkpoints_corrected/Ukraine_Raiffeisen_Bank_JSC_2022_76a3259eaf0d.json,14,0.0,0,0,0.0,0.0,0.0,0.0,0.0,0.0
ukraine,2022,Raiffeisen Bank JSC,evaluations/reruns/country_year_classification_20260630_211343/ukraine_2022/checkpoints_corrected/Ukraine_Raiffeisen_Bank_JSC_2022_76a3259eaf0d.json,15,0.0,0,0,0.0,0.0,0.0,0.0,0.0,0.0
ukraine,2022,Raiffeisen Bank JSC,evaluations/reruns/country_year_classification_20260630_211343/ukraine_2022/checkpoints_corrected/Ukraine_Raiffeisen_Bank_JSC_2022_76a3259eaf0d.json,16,5.0,10,10,5.0,0.0,0.0,50.0,5.0,0.6666666666666666
ukraine,2022,Raiffeisen Bank JSC,evaluations/reruns/country_year_classification_20260630_211343/ukraine_2022/checkpoints_corrected/Ukraine_Raiffeisen_Bank_JSC_2022_76a3259eaf0d.json,17,3.0,7,7,3.0,0.0,0.0,21.0,3.0,0.4
ukraine,2022,Sense Bank,evaluations/reruns/country_year_classification_20260630_211343/ukraine_2022/checkpoints_corrected/Ukraine_Sense_Bank_2022_8bdd3d0ee1d3.json,1,3.0,3,3,3.0,0.0,0.0,9.0,3.0,0.5172413793103449
ukraine,2022,Sense Bank,evaluations/reruns/country_year_classification_20260630_211343/ukraine_2022/checkpoints_corrected/Ukraine_Sense_Bank_2022_8bdd3d0ee1d3.json,2,0.0,0,0,0.0,0.0,0.0,0.0,0.0,0.0
ukraine,2022,Sense Bank,evaluations/reruns/country_year_classification_20260630_211343/ukraine_2022/checkpoints_corrected/Ukraine_Sense_Bank_2022_8bdd3d0ee1d3.json,3,3.0,2,2,3.0,0.0,0.0,6.0,3.0,0.5172413793103449
ukraine,2022,Sense Bank,evaluations/reruns/country_year_classification_20260630_211343/ukraine_2022/checkpoints_corrected/Ukraine_Sense_Bank_2022_8bdd3d0ee1d3.json,4,3.0,2,2,3.0,0.0,0.0,6.0,3.0,0.5172413793103449
ukraine,2022,Sense Bank,evaluations/reruns/country_year_classification_20260630_211343/ukraine_2022/checkpoints_corrected/Ukraine_Sense_Bank_2022_8bdd3d0ee1d3.json,5,0.0,0,0,0.0,0.0,0.0,0.0,0.0,0.0
ukraine,2022,Sense Bank,evaluations/reruns/country_year_classification_20260630_211343/ukraine_2022/checkpoints_corrected/Ukraine_Sense_Bank_2022_8bdd3d0ee1d3.json,6,0.0,0,0,0.0,0.0,0.0,0.0,0.0,0.0
ukraine,2022,Sense Bank,evaluations/reruns/country_year_classification_20260630_211343/ukraine_2022/checkpoints_corrected/Ukraine_Sense_Bank_2022_8bdd3d0ee1d3.json,7,2.0,1,0,0.0,0.0,0.0,0.0,0.0,0.0
ukraine,2022,Sense Bank,evaluations/reruns/country_year_classification_20260630_211343/ukraine_2022/checkpoints_corrected/Ukraine_Sense_Bank_2022_8bdd3d0ee1d3.json,8,4.0,10,10,4.0,0.0,0.0,40.0,4.0,0.6896551724137931
ukraine,2022,Sense Bank,evaluations/reruns/country_year_classification_20260630_211343/ukraine_2022/checkpoints_corrected/Ukraine_Sense_Bank_2022_8bdd3d0ee1d3.json,9,4.0,5,5,4.0,0.0,0.0,20.0,4.0,0.6896551724137931
ukraine,2022,Sense Bank,evaluations/reruns/country_year_classification_20260630_211343/ukraine_2022/checkpoints_corrected/Ukraine_Sense_Bank_2022_8bdd3d0ee1d3.json,10,0.0,0,0,0.0,0.0,0.0,0.0,0.0,0.0
ukraine,2022,Sense Bank,evaluations/reruns/country_year_classification_20260630_211343/ukraine_2022/checkpoints_corrected/Ukraine_Sense_Bank_2022_8bdd3d0ee1d3.json,11,0.0,0,0,0.0,0.0,0.0,0.0,0.0,0.0
ukraine,2022,Sense Bank,evaluations/reruns/country_year_classification_20260630_211343/ukraine_2022/checkpoints_corrected/Ukraine_Sense_Bank_2022_8bdd3d0ee1d3.json,12,0.0,0,0,0.0,0.0,0.0,0.0,0.0,0.0
ukraine,2022,Sense Bank,evaluations/reruns/country_year_classification_20260630_211343/ukraine_2022/checkpoints_corrected/Ukraine_Sense_Bank_2022_8bdd3d0ee1d3.json,13,0.0,0,0,0.0,0.0,0.0,0.0,0.0,0.0
ukraine,2022,Sense Bank,evaluations/reruns/country_year_classification_20260630_211343/ukraine_2022/checkpoints_corrected/Ukraine_Sense_Bank_2022_8bdd3d0ee1d3.json,14,0.0,0,0,0.0,0.0,0.0,0.0,0.0,0.0
ukraine,2022,Sense Bank,evaluations/reruns/country_year_classification_20260630_211343/ukraine_2022/checkpoints_corrected/Ukraine_Sense_Bank_2022_8bdd3d0ee1d3.json,15,4.0,2,2,4.0,0.0,0.0,8.0,4.0,0.6896551724137931
ukraine,2022,Sense Bank,evaluations/reruns/country_year_classification_20260630_211343/ukraine_2022/checkpoints_corrected/Ukraine_Sense_Bank_2022_8bdd3d0ee1d3.json,16,5.0,23,23,5.0,0.0,0.0,115.0,5.0,0.8620689655172413
ukraine,2022,Sense Bank,evaluations/reruns/country_year_classification_20260630_211343/ukraine_2022/checkpoints_corrected/Ukraine_Sense_Bank_2022_8bdd3d0ee1d3.json,17,3.0,5,5,3.0,0.0,0.0,15.0,3.0,0.5172413793103449
ukraine,2022,Tascombank,evaluations/reruns/country_year_classification_20260630_211343/ukraine_2022/checkpoints_corrected/Ukraine_Tascombank_2022_f6add08b0448.json,1,2.0,1,0,0.0,0.0,0.0,0.0,0.0,0.0
ukraine,2022,Tascombank,evaluations/reruns/country_year_classification_20260630_211343/ukraine_2022/checkpoints_corrected/Ukraine_Tascombank_2022_f6add08b0448.json,2,0.0,0,0,0.0,0.0,0.0,0.0,0.0,0.0
ukraine,2022,Tascombank,evaluations/reruns/country_year_classification_20260630_211343/ukraine_2022/checkpoints_corrected/Ukraine_Tascombank_2022_f6add08b0448.json,3,2.0,1,0,0.0,0.0,0.0,0.0,0.0,0.0
ukraine,2022,Tascombank,evaluations/reruns/country_year_classification_20260630_211343/ukraine_2022/checkpoints_corrected/Ukraine_Tascombank_2022_f6add08b0448.json,4,2.0,2,0,0.0,0.0,0.0,0.0,0.0,0.0
ukraine,2022,Tascombank,evaluations/reruns/country_year_classification_20260630_211343/ukraine_2022/checkpoints_corrected/Ukraine_Tascombank_2022_f6add08b0448.json,5,0.0,0,0,0.0,0.0,0.0,0.0,0.0,0.0
ukraine,2022,Tascombank,evaluations/reruns/country_year_classification_20260630_211343/ukraine_2022/checkpoints_corrected/Ukraine_Tascombank_2022_f6add08b0448.json,6,0.0,0,0,0.0,0.0,0.0,0.0,0.0,0.0
ukraine,2022,Tascombank,evaluations/reruns/country_year_classification_20260630_211343/ukraine_2022/checkpoints_corrected/Ukraine_Tascombank_2022_f6add08b0448.json,7,0.0,0,0,0.0,0.0,0.0,0.0,0.0,0.0
ukraine,2022,Tascombank,evaluations/reruns/country_year_classification_20260630_211343/ukraine_2022/checkpoints_corrected/Ukraine_Tascombank_2022_f6add08b0448.json,8,4.5,6,6,4.5,0.0,0.0,27.0,4.5,1.7307692307692308
ukraine,2022,Tascombank,evaluations/reruns/country_year_classification_20260630_211343/ukraine_2022/checkpoints_corrected/Ukraine_Tascombank_2022_f6add08b0448.json,9,4.0,3,3,4.0,0.0,0.0,12.0,4.0,1.5384615384615385
ukraine,2022,Tascombank,evaluations/reruns/country_year_classification_20260630_211343/ukraine_2022/checkpoints_corrected/Ukraine_Tascombank_2022_f6add08b0448.json,10,0.0,0,0,0.0,0.0,0.0,0.0,0.0,0.0
ukraine,2022,Tascombank,evaluations/reruns/country_year_classification_20260630_211343/ukraine_2022/checkpoints_corrected/Ukraine_Tascombank_2022_f6add08b0448.json,11,2.0,1,0,0.0,0.0,0.0,0.0,0.0,0.0
ukraine,2022,Tascombank,evaluations/reruns/country_year_classification_20260630_211343/ukraine_2022/checkpoints_corrected/Ukraine_Tascombank_2022_f6add08b0448.json,12,0.0,0,0,0.0,0.0,0.0,0.0,0.0,0.0
ukraine,2022,Tascombank,evaluations/reruns/country_year_classification_20260630_211343/ukraine_2022/checkpoints_corrected/Ukraine_Tascombank_2022_f6add08b0448.json,13,2.5,1,0,0.0,0.0,0.0,0.0,0.0,0.0
ukraine,2022,Tascombank,evaluations/reruns/country_year_classification_20260630_211343/ukraine_2022/checkpoints_corrected/Ukraine_Tascombank_2022_f6add08b0448.json,14,0.0,0,0,0.0,0.0,0.0,0.0,0.0,0.0
ukraine,2022,Tascombank,evaluations/reruns/country_year_classification_20260630_211343/ukraine_2022/checkpoints_corrected/Ukraine_Tascombank_2022_f6add08b0448.json,15,0.0,0,0,0.0,0.0,0.0,0.0,0.0,0.0
ukraine,2022,Tascombank,evaluations/reruns/country_year_classification_20260630_211343/ukraine_2022/checkpoints_corrected/Ukraine_Tascombank_2022_f6add08b0448.json,16,4.5,7,7,4.5,0.0,0.0,31.5,4.5,1.7307692307692308
ukraine,2022,Tascombank,evaluations/reruns/country_year_classification_20260630_211343/ukraine_2022/checkpoints_corrected/Ukraine_Tascombank_2022_f6add08b0448.json,17,2.5,3,0,0.0,0.0,0.0,0.0,0.0,0.0
ukraine,2022,Ukreximbank,evaluations/reruns/country_year_classification_20260630_211343/ukraine_2022/checkpoints_corrected/Ukraine_Ukreximbank_2022_adeecd6d4fda.json,1,2.0,1,0,0.0,0.0,0.0,0.0,0.0,0.0
ukraine,2022,Ukreximbank,evaluations/reruns/country_year_classification_20260630_211343/ukraine_2022/checkpoints_corrected/Ukraine_Ukreximbank_2022_adeecd6d4fda.json,2,1.0,1,0,0.0,0.0,0.0,0.0,0.0,0.0
ukraine,2022,Ukreximbank,evaluations/reruns/country_year_classification_20260630_211343/ukraine_2022/checkpoints_corrected/Ukraine_Ukreximbank_2022_adeecd6d4fda.json,3,3.0,4,4,3.0,0.0,0.0,12.0,3.0,0.4411764705882353
ukraine,2022,Ukreximbank,evaluations/reruns/country_year_classification_20260630_211343/ukraine_2022/checkpoints_corrected/Ukraine_Ukreximbank_2022_adeecd6d4fda.json,4,3.0,7,7,3.0,0.0,0.0,21.0,3.0,0.4411764705882353
ukraine,2022,Ukreximbank,evaluations/reruns/country_year_classification_20260630_211343/ukraine_2022/checkpoints_corrected/Ukraine_Ukreximbank_2022_adeecd6d4fda.json,5,3.0,1,1,3.0,0.0,0.0,3.0,3.0,0.4411764705882353
ukraine,2022,Ukreximbank,evaluations/reruns/country_year_classification_20260630_211343/ukraine_2022/checkpoints_corrected/Ukraine_Ukreximbank_2022_adeecd6d4fda.json,6,0.0,0,0,0.0,0.0,0.0,0.0,0.0,0.0
ukraine,2022,Ukreximbank,evaluations/reruns/country_year_classification_20260630_211343/ukraine_2022/checkpoints_corrected/Ukraine_Ukreximbank_2022_adeecd6d4fda.json,7,3.0,3,3,3.0,0.0,0.0,9.0,3.0,0.4411764705882353
ukraine,2022,Ukreximbank,evaluations/reruns/country_year_classification_20260630_211343/ukraine_2022/checkpoints_corrected/Ukraine_Ukreximbank_2022_adeecd6d4fda.json,8,4.0,18,18,4.0,0.0,0.0,72.0,4.0,0.5882352941176471
ukraine,2022,Ukreximbank,evaluations/reruns/country_year_classification_20260630_211343/ukraine_2022/checkpoints_corrected/Ukraine_Ukreximbank_2022_adeecd6d4fda.json,9,4.0,13,13,4.0,0.0,0.0,52.0,4.0,0.5882352941176471
ukraine,2022,Ukreximbank,evaluations/reruns/country_year_classification_20260630_211343/ukraine_2022/checkpoints_corrected/Ukraine_Ukreximbank_2022_adeecd6d4fda.json,10,3.0,2,2,3.0,0.0,0.0,6.0,3.0,0.4411764705882353
ukraine,2022,Ukreximbank,evaluations/reruns/country_year_classification_20260630_211343/ukraine_2022/checkpoints_corrected/Ukraine_Ukreximbank_2022_adeecd6d4fda.json,11,0.0,0,0,0.0,0.0,0.0,0.0,0.0,0.0
ukraine,2022,Ukreximbank,evaluations/reruns/country_year_classification_20260630_211343/ukraine_2022/checkpoints_corrected/Ukraine_Ukreximbank_2022_adeecd6d4fda.json,12,3.0,1,1,3.0,0.0,0.0,3.0,3.0,0.4411764705882353
ukraine,2022,Ukreximbank,evaluations/reruns/country_year_classification_20260630_211343/ukraine_2022/checkpoints_corrected/Ukraine_Ukreximbank_2022_adeecd6d4fda.json,13,3.0,2,2,3.0,0.0,0.0,6.0,3.0,0.4411764705882353
ukraine,2022,Ukreximbank,evaluations/reruns/country_year_classification_20260630_211343/ukraine_2022/checkpoints_corrected/Ukraine_Ukreximbank_2022_adeecd6d4fda.json,14,0.0,0,0,0.0,0.0,0.0,0.0,0.0,0.0
ukraine,2022,Ukreximbank,evaluations/reruns/country_year_classification_20260630_211343/ukraine_2022/checkpoints_corrected/Ukraine_Ukreximbank_2022_adeecd6d4fda.json,15,0.0,0,0,0.0,0.0,0.0,0.0,0.0,0.0
ukraine,2022,Ukreximbank,evaluations/reruns/country_year_classification_20260630_211343/ukraine_2022/checkpoints_corrected/Ukraine_Ukreximbank_2022_adeecd6d4fda.json,16,5.0,15,15,5.0,0.0,0.0,75.0,5.0,0.7352941176470589
ukraine,2022,Ukreximbank,evaluations/reruns/country_year_classification_20260630_211343/ukraine_2022/checkpoints_corrected/Ukraine_Ukreximbank_2022_adeecd6d4fda.json,17,2.0,3,0,0.0,0.0,0.0,0.0,0.0,0.0
ukraine,2022,Ukrgazbank,evaluations/reruns/country_year_classification_20260630_211343/ukraine_2022/checkpoints_corrected/Ukraine_Ukrgazbank_2022_08a439331c72.json,1,0.0,0,0,0.0,0.0,0.0,0.0,0.0,0.0
ukraine,2022,Ukrgazbank,evaluations/reruns/country_year_classification_20260630_211343/ukraine_2022/checkpoints_corrected/Ukraine_Ukrgazbank_2022_08a439331c72.json,2,0.0,0,0,0.0,0.0,0.0,0.0,0.0,0.0
ukraine,2022,Ukrgazbank,evaluations/reruns/country_year_classification_20260630_211343/ukraine_2022/checkpoints_corrected/Ukraine_Ukrgazbank_2022_08a439331c72.json,3,0.0,0,0,0.0,0.0,0.0,0.0,0.0,0.0
ukraine,2022,Ukrgazbank,evaluations/reruns/country_year_classification_20260630_211343/ukraine_2022/checkpoints_corrected/Ukraine_Ukrgazbank_2022_08a439331c72.json,4,0.0,0,0,0.0,0.0,0.0,0.0,0.0,0.0
ukraine,2022,Ukrgazbank,evaluations/reruns/country_year_classification_20260630_211343/ukraine_2022/checkpoints_corrected/Ukraine_Ukrgazbank_2022_08a439331c72.json,5,4.0,5,5,4.0,0.0,0.0,20.0,4.0,1.0526315789473684
ukraine,2022,Ukrgazbank,evaluations/reruns/country_year_classification_20260630_211343/ukraine_2022/checkpoints_corrected/Ukraine_Ukrgazbank_2022_08a439331c72.json,6,0.0,0,0,0.0,0.0,0.0,0.0,0.0,0.0
ukraine,2022,Ukrgazbank,evaluations/reruns/country_year_classification_20260630_211343/ukraine_2022/checkpoints_corrected/Ukraine_Ukrgazbank_2022_08a439331c72.json,7,2.0,2,0,0.0,0.0,0.0,0.0,0.0,0.0
ukraine,2022,Ukrgazbank,evaluations/reruns/country_year_classification_20260630_211343/ukraine_2022/checkpoints_corrected/Ukraine_Ukrgazbank_2022_08a439331c72.json,8,4.0,7,7,4.0,0.0,0.0,28.0,4.0,1.0526315789473684
ukraine,2022,Ukrgazbank,evaluations/reruns/country_year_classification_20260630_211343/ukraine_2022/checkpoints_corrected/Ukraine_Ukrgazbank_2022_08a439331c72.json,9,2.5,2,0,0.0,0.0,0.0,0.0,0.0,0.0
ukraine,2022,Ukrgazbank,evaluations/reruns/country_year_classification_20260630_211343/ukraine_2022/checkpoints_corrected/Ukraine_Ukrgazbank_2022_08a439331c72.json,10,3.0,3,3,3.0,0.0,0.0,9.0,3.0,0.7894736842105263
ukraine,2022,Ukrgazbank,evaluations/reruns/country_year_classification_20260630_211343/ukraine_2022/checkpoints_corrected/Ukraine_Ukrgazbank_2022_08a439331c72.json,11,0.0,0,0,0.0,0.0,0.0,0.0,0.0,0.0
ukraine,2022,Ukrgazbank,evaluations/reruns/country_year_classification_20260630_211343/ukraine_2022/checkpoints_corrected/Ukraine_Ukrgazbank_2022_08a439331c72.json,12,0.0,0,0,0.0,0.0,0.0,0.0,0.0,0.0
ukraine,2022,Ukrgazbank,evaluations/reruns/country_year_classification_20260630_211343/ukraine_2022/checkpoints_corrected/Ukraine_Ukrgazbank_2022_08a439331c72.json,13,2.5,4,0,0.0,0.0,0.0,0.0,0.0,0.0
ukraine,2022,Ukrgazbank,evaluations/reruns/country_year_classification_20260630_211343/ukraine_2022/checkpoints_corrected/Ukraine_Ukrgazbank_2022_08a439331c72.json,14,0.0,0,0,0.0,0.0,0.0,0.0,0.0,0.0
ukraine,2022,Ukrgazbank,evaluations/reruns/country_year_classification_20260630_211343/ukraine_2022/checkpoints_corrected/Ukraine_Ukrgazbank_2022_08a439331c72.json,15,0.0,0,0,0.0,0.0,0.0,0.0,0.0,0.0
ukraine,2022,Ukrgazbank,evaluations/reruns/country_year_classification_20260630_211343/ukraine_2022/checkpoints_corrected/Ukraine_Ukrgazbank_2022_08a439331c72.json,16,5.0,28,28,5.0,0.0,0.0,140.0,5.0,1.3157894736842106
ukraine,2022,Ukrgazbank,evaluations/reruns/country_year_classification_20260630_211343/ukraine_2022/checkpoints_corrected/Ukraine_Ukrgazbank_2022_08a439331c72.json,17,3.0,2,2,3.0,0.0,0.0,6.0,3.0,0.7894736842105263
ukraine,2022,Ukrsibbank,evaluations/reruns/country_year_classification_20260630_211343/ukraine_2022/checkpoints_corrected/Ukraine_Ukrsibbank_2022_c232147c1a1c.json,1,2.0,1,0,0.0,0.0,0.0,0.0,0.0,0.0
ukraine,2022,Ukrsibbank,evaluations/reruns/country_year_classification_20260630_211343/ukraine_2022/checkpoints_corrected/Ukraine_Ukrsibbank_2022_c232147c1a1c.json,2,0.0,0,0,0.0,0.0,0.0,0.0,0.0,0.0
ukraine,2022,Ukrsibbank,evaluations/reruns/country_year_classification_20260630_211343/ukraine_2022/checkpoints_corrected/Ukraine_Ukrsibbank_2022_c232147c1a1c.json,3,3.0,3,3,3.0,0.0,0.0,9.0,3.0,1.0714285714285714
ukraine,2022,Ukrsibbank,evaluations/reruns/country_year_classification_20260630_211343/ukraine_2022/checkpoints_corrected/Ukraine_Ukrsibbank_2022_c232147c1a1c.json,4,2.0,2,0,0.0,0.0,0.0,0.0,0.0,0.0
ukraine,2022,Ukrsibbank,evaluations/reruns/country_year_classification_20260630_211343/ukraine_2022/checkpoints_corrected/Ukraine_Ukrsibbank_2022_c232147c1a1c.json,5,2.0,2,0,0.0,0.0,0.0,0.0,0.0,0.0
ukraine,2022,Ukrsibbank,evaluations/reruns/country_year_classification_20260630_211343/ukraine_2022/checkpoints_corrected/Ukraine_Ukrsibbank_2022_c232147c1a1c.json,6,0.0,0,0,0.0,0.0,0.0,0.0,0.0,0.0
ukraine,2022,Ukrsibbank,evaluations/reruns/country_year_classification_20260630_211343/ukraine_2022/checkpoints_corrected/Ukraine_Ukrsibbank_2022_c232147c1a1c.json,7,0.0,0,0,0.0,0.0,0.0,0.0,0.0,0.0
ukraine,2022,Ukrsibbank,evaluations/reruns/country_year_classification_20260630_211343/ukraine_2022/checkpoints_corrected/Ukraine_Ukrsibbank_2022_c232147c1a1c.json,8,4.0,9,9,4.0,0.0,0.0,36.0,4.0,1.4285714285714286
ukraine,2022,Ukrsibbank,evaluations/reruns/country_year_classification_20260630_211343/ukraine_2022/checkpoints_corrected/Ukraine_Ukrsibbank_2022_c232147c1a1c.json,9,3.0,7,7,3.0,0.0,0.0,21.0,3.0,1.0714285714285714
ukraine,2022,Ukrsibbank,evaluations/reruns/country_year_classification_20260630_211343/ukraine_2022/checkpoints_corrected/Ukraine_Ukrsibbank_2022_c232147c1a1c.json,10,2.0,2,0,0.0,0.0,0.0,0.0,0.0,0.0
ukraine,2022,Ukrsibbank,evaluations/reruns/country_year_classification_20260630_211343/ukraine_2022/checkpoints_corrected/Ukraine_Ukrsibbank_2022_c232147c1a1c.json,11,0.0,0,0,0.0,0.0,0.0,0.0,0.0,0.0
ukraine,2022,Ukrsibbank,evaluations/reruns/country_year_classification_20260630_211343/ukraine_2022/checkpoints_corrected/Ukraine_Ukrsibbank_2022_c232147c1a1c.json,12,2.0,1,0,0.0,0.0,0.0,0.0,0.0,0.0
ukraine,2022,Ukrsibbank,evaluations/reruns/country_year_classification_20260630_211343/ukraine_2022/checkpoints_corrected/Ukraine_Ukrsibbank_2022_c232147c1a1c.json,13,2.0,3,0,0.0,0.0,0.0,0.0,0.0,0.0
ukraine,2022,Ukrsibbank,evaluations/reruns/country_year_classification_20260630_211343/ukraine_2022/checkpoints_corrected/Ukraine_Ukrsibbank_2022_c232147c1a1c.json,14,0.0,0,0,0.0,0.0,0.0,0.0,0.0,0.0
ukraine,2022,Ukrsibbank,evaluations/reruns/country_year_classification_20260630_211343/ukraine_2022/checkpoints_corrected/Ukraine_Ukrsibbank_2022_c232147c1a1c.json,15,0.0,0,0,0.0,0.0,0.0,0.0,0.0,0.0
ukraine,2022,Ukrsibbank,evaluations/reruns/country_year_classification_20260630_211343/ukraine_2022/checkpoints_corrected/Ukraine_Ukrsibbank_2022_c232147c1a1c.json,16,4.0,20,20,4.0,0.0,0.0,80.0,4.0,1.4285714285714286
ukraine,2022,Ukrsibbank,evaluations/reruns/country_year_classification_20260630_211343/ukraine_2022/checkpoints_corrected/Ukraine_Ukrsibbank_2022_c232147c1a1c.json,17,0.0,0,0,0.0,0.0,0.0,0.0,0.0,0.0
ukraine,2022,Universal Bank,evaluations/reruns/country_year_classification_20260630_211343/ukraine_2022/checkpoints_corrected/Ukraine_Universal_Bank_2022_010b9ec013f5.json,1,0.0,0,0,0.0,0.0,0.0,0.0,0.0,0.0
ukraine,2022,Universal Bank,evaluations/reruns/country_year_classification_20260630_211343/ukraine_2022/checkpoints_corrected/Ukraine_Universal_Bank_2022_010b9ec013f5.json,2,0.0,0,0,0.0,0.0,0.0,0.0,0.0,0.0
ukraine,2022,Universal Bank,evaluations/reruns/country_year_classification_20260630_211343/ukraine_2022/checkpoints_corrected/Ukraine_Universal_Bank_2022_010b9ec013f5.json,3,0.0,0,0,0.0,0.0,0.0,0.0,0.0,0.0
ukraine,2022,Universal Bank,evaluations/reruns/country_year_classification_20260630_211343/ukraine_2022/checkpoints_corrected/Ukraine_Universal_Bank_2022_010b9ec013f5.json,4,0.0,0,0,0.0,0.0,0.0,0.0,0.0,0.0
ukraine,2022,Universal Bank,evaluations/reruns/country_year_classification_20260630_211343/ukraine_2022/checkpoints_corrected/Ukraine_Universal_Bank_2022_010b9ec013f5.json,5,0.0,0,0,0.0,0.0,0.0,0.0,0.0,0.0
ukraine,2022,Universal Bank,evaluations/reruns/country_year_classification_20260630_211343/ukraine_2022/checkpoints_corrected/Ukraine_Universal_Bank_2022_010b9ec013f5.json,6,0.0,0,0,0.0,0.0,0.0,0.0,0.0,0.0
ukraine,2022,Universal Bank,evaluations/reruns/country_year_classification_20260630_211343/ukraine_2022/checkpoints_corrected/Ukraine_Universal_Bank_2022_010b9ec013f5.json,7,0.0,0,0,0.0,0.0,0.0,0.0,0.0,0.0
ukraine,2022,Universal Bank,evaluations/reruns/country_year_classification_20260630_211343/ukraine_2022/checkpoints_corrected/Ukraine_Universal_Bank_2022_010b9ec013f5.json,8,4.0,9,9,4.0,0.0,0.0,36.0,4.0,1.6666666666666667
ukraine,2022,Universal Bank,evaluations/reruns/country_year_classification_20260630_211343/ukraine_2022/checkpoints_corrected/Ukraine_Universal_Bank_2022_010b9ec013f5.json,9,3.0,5,5,3.0,0.0,0.0,15.0,3.0,1.25
ukraine,2022,Universal Bank,evaluations/reruns/country_year_classification_20260630_211343/ukraine_2022/checkpoints_corrected/Ukraine_Universal_Bank_2022_010b9ec013f5.json,10,0.0,0,0,0.0,0.0,0.0,0.0,0.0,0.0
ukraine,2022,Universal Bank,evaluations/reruns/country_year_classification_20260630_211343/ukraine_2022/checkpoints_corrected/Ukraine_Universal_Bank_2022_010b9ec013f5.json,11,0.0,0,0,0.0,0.0,0.0,0.0,0.0,0.0
ukraine,2022,Universal Bank,evaluations/reruns/country_year_classification_20260630_211343/ukraine_2022/checkpoints_corrected/Ukraine_Universal_Bank_2022_010b9ec013f5.json,12,0.0,0,0,0.0,0.0,0.0,0.0,0.0,0.0
ukraine,2022,Universal Bank,evaluations/reruns/country_year_classification_20260630_211343/ukraine_2022/checkpoints_corrected/Ukraine_Universal_Bank_2022_010b9ec013f5.json,13,0.0,0,0,0.0,0.0,0.0,0.0,0.0,0.0
ukraine,2022,Universal Bank,evaluations/reruns/country_year_classification_20260630_211343/ukraine_2022/checkpoints_corrected/Ukraine_Universal_Bank_2022_010b9ec013f5.json,14,0.0,0,0,0.0,0.0,0.0,0.0,0.0,0.0
ukraine,2022,Universal Bank,evaluations/reruns/country_year_classification_20260630_211343/ukraine_2022/checkpoints_corrected/Ukraine_Universal_Bank_2022_010b9ec013f5.json,15,0.0,0,0,0.0,0.0,0.0,0.0,0.0,0.0
ukraine,2022,Universal Bank,evaluations/reruns/country_year_classification_20260630_211343/ukraine_2022/checkpoints_corrected/Ukraine_Universal_Bank_2022_010b9ec013f5.json,16,5.0,18,18,5.0,0.0,0.0,90.0,5.0,2.0833333333333335
ukraine,2022,Universal Bank,evaluations/reruns/country_year_classification_20260630_211343/ukraine_2022/checkpoints_corrected/Ukraine_Universal_Bank_2022_010b9ec013f5.json,17,1.5,1,0,0.0,0.0,0.0,0.0,0.0,0.0
ukraine,2023,A-bank,evaluations/reruns/country_year_classification_20260630_211343/ukraine_2023/checkpoints_corrected/Ukraine_A_bank_2023_22ab43953fd8.json,1,0.0,0,0,0.0,0.0,0.0,0.0,0.0,0.0
ukraine,2023,A-bank,evaluations/reruns/country_year_classification_20260630_211343/ukraine_2023/checkpoints_corrected/Ukraine_A_bank_2023_22ab43953fd8.json,2,1.0,1,0,0.0,0.0,0.0,0.0,0.0,0.0
ukraine,2023,A-bank,evaluations/reruns/country_year_classification_20260630_211343/ukraine_2023/checkpoints_corrected/Ukraine_A_bank_2023_22ab43953fd8.json,3,0.0,0,0,0.0,0.0,0.0,0.0,0.0,0.0
ukraine,2023,A-bank,evaluations/reruns/country_year_classification_20260630_211343/ukraine_2023/checkpoints_corrected/Ukraine_A_bank_2023_22ab43953fd8.json,4,0.0,0,0,0.0,0.0,0.0,0.0,0.0,0.0
ukraine,2023,A-bank,evaluations/reruns/country_year_classification_20260630_211343/ukraine_2023/checkpoints_corrected/Ukraine_A_bank_2023_22ab43953fd8.json,5,0.0,0,0,0.0,0.0,0.0,0.0,0.0,0.0
ukraine,2023,A-bank,evaluations/reruns/country_year_classification_20260630_211343/ukraine_2023/checkpoints_corrected/Ukraine_A_bank_2023_22ab43953fd8.json,6,0.0,0,0,0.0,0.0,0.0,0.0,0.0,0.0
ukraine,2023,A-bank,evaluations/reruns/country_year_classification_20260630_211343/ukraine_2023/checkpoints_corrected/Ukraine_A_bank_2023_22ab43953fd8.json,7,3.0,3,3,3.0,0.0,0.0,9.0,3.0,0.8333333333333334
ukraine,2023,A-bank,evaluations/reruns/country_year_classification_20260630_211343/ukraine_2023/checkpoints_corrected/Ukraine_A_bank_2023_22ab43953fd8.json,8,2.0,3,0,0.0,0.0,0.0,0.0,0.0,0.0
ukraine,2023,A-bank,evaluations/reruns/country_year_classification_20260630_211343/ukraine_2023/checkpoints_corrected/Ukraine_A_bank_2023_22ab43953fd8.json,9,4.0,4,4,4.0,0.0,0.0,16.0,4.0,1.1111111111111112
ukraine,2023,A-bank,evaluations/reruns/country_year_classification_20260630_211343/ukraine_2023/checkpoints_corrected/Ukraine_A_bank_2023_22ab43953fd8.json,10,0.0,0,0,0.0,0.0,0.0,0.0,0.0,0.0
ukraine,2023,A-bank,evaluations/reruns/country_year_classification_20260630_211343/ukraine_2023/checkpoints_corrected/Ukraine_A_bank_2023_22ab43953fd8.json,11,2.0,2,0,0.0,0.0,0.0,0.0,0.0,0.0
ukraine,2023,A-bank,evaluations/reruns/country_year_classification_20260630_211343/ukraine_2023/checkpoints_corrected/Ukraine_A_bank_2023_22ab43953fd8.json,12,4.0,1,1,4.0,0.0,0.0,4.0,4.0,1.1111111111111112
ukraine,2023,A-bank,evaluations/reruns/country_year_classification_20260630_211343/ukraine_2023/checkpoints_corrected/Ukraine_A_bank_2023_22ab43953fd8.json,13,3.0,1,1,3.0,0.0,0.0,3.0,3.0,0.8333333333333334
ukraine,2023,A-bank,evaluations/reruns/country_year_classification_20260630_211343/ukraine_2023/checkpoints_corrected/Ukraine_A_bank_2023_22ab43953fd8.json,14,0.0,0,0,0.0,0.0,0.0,0.0,0.0,0.0
ukraine,2023,A-bank,evaluations/reruns/country_year_classification_20260630_211343/ukraine_2023/checkpoints_corrected/Ukraine_A_bank_2023_22ab43953fd8.json,15,0.0,0,0,0.0,0.0,0.0,0.0,0.0,0.0
ukraine,2023,A-bank,evaluations/reruns/country_year_classification_20260630_211343/ukraine_2023/checkpoints_corrected/Ukraine_A_bank_2023_22ab43953fd8.json,16,4.0,5,5,4.0,0.0,0.0,20.0,4.0,1.1111111111111112
ukraine,2023,A-bank,evaluations/reruns/country_year_classification_20260630_211343/ukraine_2023/checkpoints_corrected/Ukraine_A_bank_2023_22ab43953fd8.json,17,0.0,0,0,0.0,0.0,0.0,0.0,0.0,0.0
ukraine,2023,Credit Agricole Bank,evaluations/reruns/country_year_classification_20260630_211343/ukraine_2023/checkpoints_corrected/Ukraine_Credit_Agricole_Bank_2023_38edaa4912dd.json,1,2.0,5,0,0.0,0.0,0.0,0.0,0.0,0.0
ukraine,2023,Credit Agricole Bank,evaluations/reruns/country_year_classification_20260630_211343/ukraine_2023/checkpoints_corrected/Ukraine_Credit_Agricole_Bank_2023_38edaa4912dd.json,2,5.0,15,15,5.0,0.0,0.0,75.0,5.0,0.6756756756756757
ukraine,2023,Credit Agricole Bank,evaluations/reruns/country_year_classification_20260630_211343/ukraine_2023/checkpoints_corrected/Ukraine_Credit_Agricole_Bank_2023_38edaa4912dd.json,3,4.0,8,8,4.0,0.0,0.0,32.0,4.0,0.5405405405405406
ukraine,2023,Credit Agricole Bank,evaluations/reruns/country_year_classification_20260630_211343/ukraine_2023/checkpoints_corrected/Ukraine_Credit_Agricole_Bank_2023_38edaa4912dd.json,4,3.0,5,5,3.0,0.0,0.0,15.0,3.0,0.40540540540540543
ukraine,2023,Credit Agricole Bank,evaluations/reruns/country_year_classification_20260630_211343/ukraine_2023/checkpoints_corrected/Ukraine_Credit_Agricole_Bank_2023_38edaa4912dd.json,5,2.5,2,0,0.0,0.0,0.0,0.0,0.0,0.0
ukraine,2023,Credit Agricole Bank,evaluations/reruns/country_year_classification_20260630_211343/ukraine_2023/checkpoints_corrected/Ukraine_Credit_Agricole_Bank_2023_38edaa4912dd.json,6,0.0,0,0,0.0,0.0,0.0,0.0,0.0,0.0
ukraine,2023,Credit Agricole Bank,evaluations/reruns/country_year_classification_20260630_211343/ukraine_2023/checkpoints_corrected/Ukraine_Credit_Agricole_Bank_2023_38edaa4912dd.json,7,3.0,5,5,3.0,0.0,0.0,15.0,3.0,0.40540540540540543
ukraine,2023,Credit Agricole Bank,evaluations/reruns/country_year_classification_20260630_211343/ukraine_2023/checkpoints_corrected/Ukraine_Credit_Agricole_Bank_2023_38edaa4912dd.json,8,4.0,20,20,4.0,0.0,0.0,80.0,4.0,0.5405405405405406
ukraine,2023,Credit Agricole Bank,evaluations/reruns/country_year_classification_20260630_211343/ukraine_2023/checkpoints_corrected/Ukraine_Credit_Agricole_Bank_2023_38edaa4912dd.json,9,3.0,18,18,3.0,0.0,0.0,54.0,3.0,0.40540540540540543
ukraine,2023,Credit Agricole Bank,evaluations/reruns/country_year_classification_20260630_211343/ukraine_2023/checkpoints_corrected/Ukraine_Credit_Agricole_Bank_2023_38edaa4912dd.json,10,2.0,3,0,0.0,0.0,0.0,0.0,0.0,0.0
ukraine,2023,Credit Agricole Bank,evaluations/reruns/country_year_classification_20260630_211343/ukraine_2023/checkpoints_corrected/Ukraine_Credit_Agricole_Bank_2023_38edaa4912dd.json,11,2.0,1,0,0.0,0.0,0.0,0.0,0.0,0.0
ukraine,2023,Credit Agricole Bank,evaluations/reruns/country_year_classification_20260630_211343/ukraine_2023/checkpoints_corrected/Ukraine_Credit_Agricole_Bank_2023_38edaa4912dd.json,12,3.0,4,4,3.0,0.0,0.0,12.0,3.0,0.40540540540540543
ukraine,2023,Credit Agricole Bank,evaluations/reruns/country_year_classification_20260630_211343/ukraine_2023/checkpoints_corrected/Ukraine_Credit_Agricole_Bank_2023_38edaa4912dd.json,13,4.0,8,8,4.0,0.0,0.0,32.0,4.0,0.5405405405405406
ukraine,2023,Credit Agricole Bank,evaluations/reruns/country_year_classification_20260630_211343/ukraine_2023/checkpoints_corrected/Ukraine_Credit_Agricole_Bank_2023_38edaa4912dd.json,14,0.0,0,0,0.0,0.0,0.0,0.0,0.0,0.0
ukraine,2023,Credit Agricole Bank,evaluations/reruns/country_year_classification_20260630_211343/ukraine_2023/checkpoints_corrected/Ukraine_Credit_Agricole_Bank_2023_38edaa4912dd.json,15,0.0,0,0,0.0,0.0,0.0,0.0,0.0,0.0
ukraine,2023,Credit Agricole Bank,evaluations/reruns/country_year_classification_20260630_211343/ukraine_2023/checkpoints_corrected/Ukraine_Credit_Agricole_Bank_2023_38edaa4912dd.json,16,4.0,11,11,4.0,0.0,0.0,44.0,4.0,0.5405405405405406
ukraine,2023,Credit Agricole Bank,evaluations/reruns/country_year_classification_20260630_211343/ukraine_2023/checkpoints_corrected/Ukraine_Credit_Agricole_Bank_2023_38edaa4912dd.json,17,4.0,11,11,4.0,0.0,0.0,44.0,4.0,0.5405405405405406
ukraine,2023,Credobank,evaluations/reruns/country_year_classification_20260630_211343/ukraine_2023/checkpoints_corrected/Ukraine_Credobank_2023_52009b319004.json,1,2.0,1,0,0.0,0.0,0.0,0.0,0.0,0.0
ukraine,2023,Credobank,evaluations/reruns/country_year_classification_20260630_211343/ukraine_2023/checkpoints_corrected/Ukraine_Credobank_2023_52009b319004.json,2,2.0,2,0,0.0,0.0,0.0,0.0,0.0,0.0
ukraine,2023,Credobank,evaluations/reruns/country_year_classification_20260630_211343/ukraine_2023/checkpoints_corrected/Ukraine_Credobank_2023_52009b319004.json,3,3.0,4,4,3.0,0.0,0.0,12.0,3.0,0.5555555555555556
ukraine,2023,Credobank,evaluations/reruns/country_year_classification_20260630_211343/ukraine_2023/checkpoints_corrected/Ukraine_Credobank_2023_52009b319004.json,4,2.0,1,0,0.0,0.0,0.0,0.0,0.0,0.0
ukraine,2023,Credobank,evaluations/reruns/country_year_classification_20260630_211343/ukraine_2023/checkpoints_corrected/Ukraine_Credobank_2023_52009b319004.json,5,3.0,3,3,3.0,0.0,0.0,9.0,3.0,0.5555555555555556
ukraine,2023,Credobank,evaluations/reruns/country_year_classification_20260630_211343/ukraine_2023/checkpoints_corrected/Ukraine_Credobank_2023_52009b319004.json,6,0.0,0,0,0.0,0.0,0.0,0.0,0.0,0.0
ukraine,2023,Credobank,evaluations/reruns/country_year_classification_20260630_211343/ukraine_2023/checkpoints_corrected/Ukraine_Credobank_2023_52009b319004.json,7,3.0,2,2,3.0,0.0,0.0,6.0,3.0,0.5555555555555556
ukraine,2023,Credobank,evaluations/reruns/country_year_classification_20260630_211343/ukraine_2023/checkpoints_corrected/Ukraine_Credobank_2023_52009b319004.json,8,4.0,34,34,4.0,0.0,0.0,136.0,4.0,0.7407407407407407
ukraine,2023,Credobank,evaluations/reruns/country_year_classification_20260630_211343/ukraine_2023/checkpoints_corrected/Ukraine_Credobank_2023_52009b319004.json,9,3.0,10,10,3.0,0.0,0.0,30.0,3.0,0.5555555555555556
ukraine,2023,Credobank,evaluations/reruns/country_year_classification_20260630_211343/ukraine_2023/checkpoints_corrected/Ukraine_Credobank_2023_52009b319004.json,10,0.0,0,0,0.0,0.0,0.0,0.0,0.0,0.0
ukraine,2023,Credobank,evaluations/reruns/country_year_classification_20260630_211343/ukraine_2023/checkpoints_corrected/Ukraine_Credobank_2023_52009b319004.json,11,0.0,0,0,0.0,0.0,0.0,0.0,0.0,0.0
ukraine,2023,Credobank,evaluations/reruns/country_year_classification_20260630_211343/ukraine_2023/checkpoints_corrected/Ukraine_Credobank_2023_52009b319004.json,12,1.0,1,0,0.0,0.0,0.0,0.0,0.0,0.0
ukraine,2023,Credobank,evaluations/reruns/country_year_classification_20260630_211343/ukraine_2023/checkpoints_corrected/Ukraine_Credobank_2023_52009b319004.json,13,4.0,4,4,4.0,0.0,0.0,16.0,4.0,0.7407407407407407
ukraine,2023,Credobank,evaluations/reruns/country_year_classification_20260630_211343/ukraine_2023/checkpoints_corrected/Ukraine_Credobank_2023_52009b319004.json,14,0.0,0,0,0.0,0.0,0.0,0.0,0.0,0.0
ukraine,2023,Credobank,evaluations/reruns/country_year_classification_20260630_211343/ukraine_2023/checkpoints_corrected/Ukraine_Credobank_2023_52009b319004.json,15,0.0,0,0,0.0,0.0,0.0,0.0,0.0,0.0
ukraine,2023,Credobank,evaluations/reruns/country_year_classification_20260630_211343/ukraine_2023/checkpoints_corrected/Ukraine_Credobank_2023_52009b319004.json,16,4.0,32,32,4.0,0.0,0.0,128.0,4.0,0.7407407407407407
ukraine,2023,Credobank,evaluations/reruns/country_year_classification_20260630_211343/ukraine_2023/checkpoints_corrected/Ukraine_Credobank_2023_52009b319004.json,17,3.0,5,5,3.0,0.0,0.0,15.0,3.0,0.5555555555555556
ukraine,2023,FUIB,evaluations/reruns/country_year_classification_20260630_211343/ukraine_2023/checkpoints_corrected/Ukraine_FUIB_2023_0edb3adc84e7.json,1,2.0,2,0,0.0,0.0,0.0,0.0,0.0,0.0
ukraine,2023,FUIB,evaluations/reruns/country_year_classification_20260630_211343/ukraine_2023/checkpoints_corrected/Ukraine_FUIB_2023_0edb3adc84e7.json,2,0.0,0,0,0.0,0.0,0.0,0.0,0.0,0.0
ukraine,2023,FUIB,evaluations/reruns/country_year_classification_20260630_211343/ukraine_2023/checkpoints_corrected/Ukraine_FUIB_2023_0edb3adc84e7.json,3,0.0,0,0,0.0,0.0,0.0,0.0,0.0,0.0
ukraine,2023,FUIB,evaluations/reruns/country_year_classification_20260630_211343/ukraine_2023/checkpoints_corrected/Ukraine_FUIB_2023_0edb3adc84e7.json,4,0.0,0,0,0.0,0.0,0.0,0.0,0.0,0.0
ukraine,2023,FUIB,evaluations/reruns/country_year_classification_20260630_211343/ukraine_2023/checkpoints_corrected/Ukraine_FUIB_2023_0edb3adc84e7.json,5,0.0,0,0,0.0,0.0,0.0,0.0,0.0,0.0
ukraine,2023,FUIB,evaluations/reruns/country_year_classification_20260630_211343/ukraine_2023/checkpoints_corrected/Ukraine_FUIB_2023_0edb3adc84e7.json,6,0.0,0,0,0.0,0.0,0.0,0.0,0.0,0.0
ukraine,2023,FUIB,evaluations/reruns/country_year_classification_20260630_211343/ukraine_2023/checkpoints_corrected/Ukraine_FUIB_2023_0edb3adc84e7.json,7,0.0,0,0,0.0,0.0,0.0,0.0,0.0,0.0
ukraine,2023,FUIB,evaluations/reruns/country_year_classification_20260630_211343/ukraine_2023/checkpoints_corrected/Ukraine_FUIB_2023_0edb3adc84e7.json,8,4.0,17,17,4.0,0.0,0.0,68.0,4.0,1.2121212121212122
ukraine,2023,FUIB,evaluations/reruns/country_year_classification_20260630_211343/ukraine_2023/checkpoints_corrected/Ukraine_FUIB_2023_0edb3adc84e7.json,9,3.5,10,10,3.5,0.0,0.0,35.0,3.5,1.0606060606060606
ukraine,2023,FUIB,evaluations/reruns/country_year_classification_20260630_211343/ukraine_2023/checkpoints_corrected/Ukraine_FUIB_2023_0edb3adc84e7.json,10,0.0,0,0,0.0,0.0,0.0,0.0,0.0,0.0
ukraine,2023,FUIB,evaluations/reruns/country_year_classification_20260630_211343/ukraine_2023/checkpoints_corrected/Ukraine_FUIB_2023_0edb3adc84e7.json,11,0.0,0,0,0.0,0.0,0.0,0.0,0.0,0.0
ukraine,2023,FUIB,evaluations/reruns/country_year_classification_20260630_211343/ukraine_2023/checkpoints_corrected/Ukraine_FUIB_2023_0edb3adc84e7.json,12,0.0,0,0,0.0,0.0,0.0,0.0,0.0,0.0
ukraine,2023,FUIB,evaluations/reruns/country_year_classification_20260630_211343/ukraine_2023/checkpoints_corrected/Ukraine_FUIB_2023_0edb3adc84e7.json,13,2.0,2,0,0.0,0.0,0.0,0.0,0.0,0.0
ukraine,2023,FUIB,evaluations/reruns/country_year_classification_20260630_211343/ukraine_2023/checkpoints_corrected/Ukraine_FUIB_2023_0edb3adc84e7.json,14,0.0,0,0,0.0,0.0,0.0,0.0,0.0,0.0
ukraine,2023,FUIB,evaluations/reruns/country_year_classification_20260630_211343/ukraine_2023/checkpoints_corrected/Ukraine_FUIB_2023_0edb3adc84e7.json,15,0.0,0,0,0.0,0.0,0.0,0.0,0.0,0.0
ukraine,2023,FUIB,evaluations/reruns/country_year_classification_20260630_211343/ukraine_2023/checkpoints_corrected/Ukraine_FUIB_2023_0edb3adc84e7.json,16,5.0,28,28,5.0,0.0,0.0,140.0,5.0,1.5151515151515151
ukraine,2023,FUIB,evaluations/reruns/country_year_classification_20260630_211343/ukraine_2023/checkpoints_corrected/Ukraine_FUIB_2023_0edb3adc84e7.json,17,4.0,3,3,4.0,0.0,0.0,12.0,4.0,1.2121212121212122
ukraine,2023,OTP Bank,evaluations/reruns/country_year_classification_20260630_211343/ukraine_2023/checkpoints_corrected/Ukraine_OTP_Bank_2023_bab70f0d7080.json,1,4.0,8,8,4.0,0.0,0.0,32.0,4.0,0.5263157894736842
ukraine,2023,OTP Bank,evaluations/reruns/country_year_classification_20260630_211343/ukraine_2023/checkpoints_corrected/Ukraine_OTP_Bank_2023_bab70f0d7080.json,2,3.0,6,6,3.0,0.0,0.0,18.0,3.0,0.39473684210526316
ukraine,2023,OTP Bank,evaluations/reruns/country_year_classification_20260630_211343/ukraine_2023/checkpoints_corrected/Ukraine_OTP_Bank_2023_bab70f0d7080.json,3,4.0,8,8,4.0,0.0,0.0,32.0,4.0,0.5263157894736842
ukraine,2023,OTP Bank,evaluations/reruns/country_year_classification_20260630_211343/ukraine_2023/checkpoints_corrected/Ukraine_OTP_Bank_2023_bab70f0d7080.json,4,4.0,4,4,4.0,0.0,0.0,16.0,4.0,0.5263157894736842
ukraine,2023,OTP Bank,evaluations/reruns/country_year_classification_20260630_211343/ukraine_2023/checkpoints_corrected/Ukraine_OTP_Bank_2023_bab70f0d7080.json,5,1.0,1,0,0.0,0.0,0.0,0.0,0.0,0.0
ukraine,2023,OTP Bank,evaluations/reruns/country_year_classification_20260630_211343/ukraine_2023/checkpoints_corrected/Ukraine_OTP_Bank_2023_bab70f0d7080.json,6,0.0,0,0,0.0,0.0,0.0,0.0,0.0,0.0
ukraine,2023,OTP Bank,evaluations/reruns/country_year_classification_20260630_211343/ukraine_2023/checkpoints_corrected/Ukraine_OTP_Bank_2023_bab70f0d7080.json,7,2.0,3,0,0.0,0.0,0.0,0.0,0.0,0.0
ukraine,2023,OTP Bank,evaluations/reruns/country_year_classification_20260630_211343/ukraine_2023/checkpoints_corrected/Ukraine_OTP_Bank_2023_bab70f0d7080.json,8,4.0,14,14,4.0,0.0,0.0,56.0,4.0,0.5263157894736842
ukraine,2023,OTP Bank,evaluations/reruns/country_year_classification_20260630_211343/ukraine_2023/checkpoints_corrected/Ukraine_OTP_Bank_2023_bab70f0d7080.json,9,4.0,11,11,4.0,0.0,0.0,44.0,4.0,0.5263157894736842
ukraine,2023,OTP Bank,evaluations/reruns/country_year_classification_20260630_211343/ukraine_2023/checkpoints_corrected/Ukraine_OTP_Bank_2023_bab70f0d7080.json,10,3.0,4,4,3.0,0.0,0.0,12.0,3.0,0.39473684210526316
ukraine,2023,OTP Bank,evaluations/reruns/country_year_classification_20260630_211343/ukraine_2023/checkpoints_corrected/Ukraine_OTP_Bank_2023_bab70f0d7080.json,11,2.0,2,0,0.0,0.0,0.0,0.0,0.0,0.0
ukraine,2023,OTP Bank,evaluations/reruns/country_year_classification_20260630_211343/ukraine_2023/checkpoints_corrected/Ukraine_OTP_Bank_2023_bab70f0d7080.json,12,3.0,3,3,3.0,0.0,0.0,9.0,3.0,0.39473684210526316
ukraine,2023,OTP Bank,evaluations/reruns/country_year_classification_20260630_211343/ukraine_2023/checkpoints_corrected/Ukraine_OTP_Bank_2023_bab70f0d7080.json,13,0.0,0,0,0.0,0.0,0.0,0.0,0.0,0.0
ukraine,2023,OTP Bank,evaluations/reruns/country_year_classification_20260630_211343/ukraine_2023/checkpoints_corrected/Ukraine_OTP_Bank_2023_bab70f0d7080.json,14,0.0,0,0,0.0,0.0,0.0,0.0,0.0,0.0
ukraine,2023,OTP Bank,evaluations/reruns/country_year_classification_20260630_211343/ukraine_2023/checkpoints_corrected/Ukraine_OTP_Bank_2023_bab70f0d7080.json,15,0.0,0,0,0.0,0.0,0.0,0.0,0.0,0.0
ukraine,2023,OTP Bank,evaluations/reruns/country_year_classification_20260630_211343/ukraine_2023/checkpoints_corrected/Ukraine_OTP_Bank_2023_bab70f0d7080.json,16,5.0,15,15,5.0,0.0,0.0,75.0,5.0,0.6578947368421053
ukraine,2023,OTP Bank,evaluations/reruns/country_year_classification_20260630_211343/ukraine_2023/checkpoints_corrected/Ukraine_OTP_Bank_2023_bab70f0d7080.json,17,4.0,10,10,4.0,0.0,0.0,40.0,4.0,0.5263157894736842
ukraine,2023,Oschadbank,evaluations/reruns/country_year_classification_20260630_211343/ukraine_2023/checkpoints_corrected/Ukraine_Oschadbank_2023_045843685980.json,1,3.0,12,12,3.0,0.0,0.0,36.0,3.0,0.38461538461538464
ukraine,2023,Oschadbank,evaluations/reruns/country_year_classification_20260630_211343/ukraine_2023/checkpoints_corrected/Ukraine_Oschadbank_2023_045843685980.json,2,4.0,5,5,4.0,0.0,0.0,20.0,4.0,0.5128205128205128
ukraine,2023,Oschadbank,evaluations/reruns/country_year_classification_20260630_211343/ukraine_2023/checkpoints_corrected/Ukraine_Oschadbank_2023_045843685980.json,3,4.0,3,3,4.0,0.0,0.0,12.0,4.0,0.5128205128205128
ukraine,2023,Oschadbank,evaluations/reruns/country_year_classification_20260630_211343/ukraine_2023/checkpoints_corrected/Ukraine_Oschadbank_2023_045843685980.json,4,3.0,6,6,3.0,0.0,0.0,18.0,3.0,0.38461538461538464
ukraine,2023,Oschadbank,evaluations/reruns/country_year_classification_20260630_211343/ukraine_2023/checkpoints_corrected/Ukraine_Oschadbank_2023_045843685980.json,5,3.0,2,2,3.0,0.0,0.0,6.0,3.0,0.38461538461538464
ukraine,2023,Oschadbank,evaluations/reruns/country_year_classification_20260630_211343/ukraine_2023/checkpoints_corrected/Ukraine_Oschadbank_2023_045843685980.json,6,0.0,0,0,0.0,0.0,0.0,0.0,0.0,0.0
ukraine,2023,Oschadbank,evaluations/reruns/country_year_classification_20260630_211343/ukraine_2023/checkpoints_corrected/Ukraine_Oschadbank_2023_045843685980.json,7,2.0,2,0,0.0,0.0,0.0,0.0,0.0,0.0
ukraine,2023,Oschadbank,evaluations/reruns/country_year_classification_20260630_211343/ukraine_2023/checkpoints_corrected/Ukraine_Oschadbank_2023_045843685980.json,8,5.0,23,23,5.0,0.0,0.0,115.0,5.0,0.6410256410256411
ukraine,2023,Oschadbank,evaluations/reruns/country_year_classification_20260630_211343/ukraine_2023/checkpoints_corrected/Ukraine_Oschadbank_2023_045843685980.json,9,4.0,19,19,4.0,0.0,0.0,76.0,4.0,0.5128205128205128
ukraine,2023,Oschadbank,evaluations/reruns/country_year_classification_20260630_211343/ukraine_2023/checkpoints_corrected/Ukraine_Oschadbank_2023_045843685980.json,10,3.0,11,11,3.0,0.0,0.0,33.0,3.0,0.38461538461538464
ukraine,2023,Oschadbank,evaluations/reruns/country_year_classification_20260630_211343/ukraine_2023/checkpoints_corrected/Ukraine_Oschadbank_2023_045843685980.json,11,3.0,7,7,3.0,0.0,0.0,21.0,3.0,0.38461538461538464
ukraine,2023,Oschadbank,evaluations/reruns/country_year_classification_20260630_211343/ukraine_2023/checkpoints_corrected/Ukraine_Oschadbank_2023_045843685980.json,12,0.0,0,0,0.0,0.0,0.0,0.0,0.0,0.0
ukraine,2023,Oschadbank,evaluations/reruns/country_year_classification_20260630_211343/ukraine_2023/checkpoints_corrected/Ukraine_Oschadbank_2023_045843685980.json,13,0.0,0,0,0.0,0.0,0.0,0.0,0.0,0.0
ukraine,2023,Oschadbank,evaluations/reruns/country_year_classification_20260630_211343/ukraine_2023/checkpoints_corrected/Ukraine_Oschadbank_2023_045843685980.json,14,0.0,0,0,0.0,0.0,0.0,0.0,0.0,0.0
ukraine,2023,Oschadbank,evaluations/reruns/country_year_classification_20260630_211343/ukraine_2023/checkpoints_corrected/Ukraine_Oschadbank_2023_045843685980.json,15,0.0,0,0,0.0,0.0,0.0,0.0,0.0,0.0
ukraine,2023,Oschadbank,evaluations/reruns/country_year_classification_20260630_211343/ukraine_2023/checkpoints_corrected/Ukraine_Oschadbank_2023_045843685980.json,16,4.0,14,14,4.0,0.0,0.0,56.0,4.0,0.5128205128205128
ukraine,2023,Oschadbank,evaluations/reruns/country_year_classification_20260630_211343/ukraine_2023/checkpoints_corrected/Ukraine_Oschadbank_2023_045843685980.json,17,3.0,9,9,3.0,0.0,0.0,27.0,3.0,0.38461538461538464
ukraine,2023,Pivdenny,evaluations/reruns/country_year_classification_20260630_211343/ukraine_2023/checkpoints_corrected/Ukraine_Pivdenny_2023_de453ee2bba5.json,1,0.0,0,0,0.0,0.0,0.0,0.0,0.0,0.0
ukraine,2023,Pivdenny,evaluations/reruns/country_year_classification_20260630_211343/ukraine_2023/checkpoints_corrected/Ukraine_Pivdenny_2023_de453ee2bba5.json,2,0.0,0,0,0.0,0.0,0.0,0.0,0.0,0.0
ukraine,2023,Pivdenny,evaluations/reruns/country_year_classification_20260630_211343/ukraine_2023/checkpoints_corrected/Ukraine_Pivdenny_2023_de453ee2bba5.json,3,2.0,2,0,0.0,0.0,0.0,0.0,0.0,0.0
ukraine,2023,Pivdenny,evaluations/reruns/country_year_classification_20260630_211343/ukraine_2023/checkpoints_corrected/Ukraine_Pivdenny_2023_de453ee2bba5.json,4,3.0,3,3,3.0,0.0,0.0,9.0,3.0,0.7692307692307693
ukraine,2023,Pivdenny,evaluations/reruns/country_year_classification_20260630_211343/ukraine_2023/checkpoints_corrected/Ukraine_Pivdenny_2023_de453ee2bba5.json,5,2.0,2,0,0.0,0.0,0.0,0.0,0.0,0.0
ukraine,2023,Pivdenny,evaluations/reruns/country_year_classification_20260630_211343/ukraine_2023/checkpoints_corrected/Ukraine_Pivdenny_2023_de453ee2bba5.json,6,0.0,0,0,0.0,0.0,0.0,0.0,0.0,0.0
ukraine,2023,Pivdenny,evaluations/reruns/country_year_classification_20260630_211343/ukraine_2023/checkpoints_corrected/Ukraine_Pivdenny_2023_de453ee2bba5.json,7,1.0,1,0,0.0,0.0,0.0,0.0,0.0,0.0
ukraine,2023,Pivdenny,evaluations/reruns/country_year_classification_20260630_211343/ukraine_2023/checkpoints_corrected/Ukraine_Pivdenny_2023_de453ee2bba5.json,8,4.5,10,10,4.5,0.0,0.0,45.0,4.5,1.1538461538461537
ukraine,2023,Pivdenny,evaluations/reruns/country_year_classification_20260630_211343/ukraine_2023/checkpoints_corrected/Ukraine_Pivdenny_2023_de453ee2bba5.json,9,4.0,10,10,4.0,0.0,0.0,40.0,4.0,1.0256410256410255
ukraine,2023,Pivdenny,evaluations/reruns/country_year_classification_20260630_211343/ukraine_2023/checkpoints_corrected/Ukraine_Pivdenny_2023_de453ee2bba5.json,10,2.5,5,0,0.0,0.0,0.0,0.0,0.0,0.0
ukraine,2023,Pivdenny,evaluations/reruns/country_year_classification_20260630_211343/ukraine_2023/checkpoints_corrected/Ukraine_Pivdenny_2023_de453ee2bba5.json,11,0.0,0,0,0.0,0.0,0.0,0.0,0.0,0.0
ukraine,2023,Pivdenny,evaluations/reruns/country_year_classification_20260630_211343/ukraine_2023/checkpoints_corrected/Ukraine_Pivdenny_2023_de453ee2bba5.json,12,2.0,2,0,0.0,0.0,0.0,0.0,0.0,0.0
ukraine,2023,Pivdenny,evaluations/reruns/country_year_classification_20260630_211343/ukraine_2023/checkpoints_corrected/Ukraine_Pivdenny_2023_de453ee2bba5.json,13,0.0,0,0,0.0,0.0,0.0,0.0,0.0,0.0
ukraine,2023,Pivdenny,evaluations/reruns/country_year_classification_20260630_211343/ukraine_2023/checkpoints_corrected/Ukraine_Pivdenny_2023_de453ee2bba5.json,14,0.0,0,0,0.0,0.0,0.0,0.0,0.0,0.0
ukraine,2023,Pivdenny,evaluations/reruns/country_year_classification_20260630_211343/ukraine_2023/checkpoints_corrected/Ukraine_Pivdenny_2023_de453ee2bba5.json,15,0.0,0,0,0.0,0.0,0.0,0.0,0.0,0.0
ukraine,2023,Pivdenny,evaluations/reruns/country_year_classification_20260630_211343/ukraine_2023/checkpoints_corrected/Ukraine_Pivdenny_2023_de453ee2bba5.json,16,4.5,33,33,4.5,0.0,0.0,148.5,4.5,1.1538461538461537
ukraine,2023,Pivdenny,evaluations/reruns/country_year_classification_20260630_211343/ukraine_2023/checkpoints_corrected/Ukraine_Pivdenny_2023_de453ee2bba5.json,17,3.5,7,7,3.5,0.0,0.0,24.5,3.5,0.8974358974358975
ukraine,2023,Privatbank,evaluations/reruns/country_year_classification_20260630_211343/ukraine_2023/checkpoints_corrected/Ukraine_Privatbank_2023_c781274e7ed9.json,1,4.0,11,11,4.0,0.0,0.0,44.0,4.0,0.5263157894736842
ukraine,2023,Privatbank,evaluations/reruns/country_year_classification_20260630_211343/ukraine_2023/checkpoints_corrected/Ukraine_Privatbank_2023_c781274e7ed9.json,2,2.0,1,0,0.0,0.0,0.0,0.0,0.0,0.0
ukraine,2023,Privatbank,evaluations/reruns/country_year_classification_20260630_211343/ukraine_2023/checkpoints_corrected/Ukraine_Privatbank_2023_c781274e7ed9.json,3,4.5,13,13,4.5,0.0,0.0,58.5,4.5,0.5921052631578947
ukraine,2023,Privatbank,evaluations/reruns/country_year_classification_20260630_211343/ukraine_2023/checkpoints_corrected/Ukraine_Privatbank_2023_c781274e7ed9.json,4,3.0,4,4,3.0,0.0,0.0,12.0,3.0,0.39473684210526316
ukraine,2023,Privatbank,evaluations/reruns/country_year_classification_20260630_211343/ukraine_2023/checkpoints_corrected/Ukraine_Privatbank_2023_c781274e7ed9.json,5,2.0,1,0,0.0,0.0,0.0,0.0,0.0,0.0
ukraine,2023,Privatbank,evaluations/reruns/country_year_classification_20260630_211343/ukraine_2023/checkpoints_corrected/Ukraine_Privatbank_2023_c781274e7ed9.json,6,0.0,0,0,0.0,0.0,0.0,0.0,0.0,0.0
ukraine,2023,Privatbank,evaluations/reruns/country_year_classification_20260630_211343/ukraine_2023/checkpoints_corrected/Ukraine_Privatbank_2023_c781274e7ed9.json,7,0.0,0,0,0.0,0.0,0.0,0.0,0.0,0.0
ukraine,2023,Privatbank,evaluations/reruns/country_year_classification_20260630_211343/ukraine_2023/checkpoints_corrected/Ukraine_Privatbank_2023_c781274e7ed9.json,8,4.0,31,31,4.0,0.0,0.0,124.0,4.0,0.5263157894736842
ukraine,2023,Privatbank,evaluations/reruns/country_year_classification_20260630_211343/ukraine_2023/checkpoints_corrected/Ukraine_Privatbank_2023_c781274e7ed9.json,9,4.0,27,27,4.0,0.0,0.0,108.0,4.0,0.5263157894736842
ukraine,2023,Privatbank,evaluations/reruns/country_year_classification_20260630_211343/ukraine_2023/checkpoints_corrected/Ukraine_Privatbank_2023_c781274e7ed9.json,10,4.0,13,13,4.0,0.0,0.0,52.0,4.0,0.5263157894736842
ukraine,2023,Privatbank,evaluations/reruns/country_year_classification_20260630_211343/ukraine_2023/checkpoints_corrected/Ukraine_Privatbank_2023_c781274e7ed9.json,11,3.5,6,6,3.5,0.0,0.0,21.0,3.5,0.4605263157894737
ukraine,2023,Privatbank,evaluations/reruns/country_year_classification_20260630_211343/ukraine_2023/checkpoints_corrected/Ukraine_Privatbank_2023_c781274e7ed9.json,12,3.0,2,2,3.0,0.0,0.0,6.0,3.0,0.39473684210526316
ukraine,2023,Privatbank,evaluations/reruns/country_year_classification_20260630_211343/ukraine_2023/checkpoints_corrected/Ukraine_Privatbank_2023_c781274e7ed9.json,13,2.5,1,0,0.0,0.0,0.0,0.0,0.0,0.0
ukraine,2023,Privatbank,evaluations/reruns/country_year_classification_20260630_211343/ukraine_2023/checkpoints_corrected/Ukraine_Privatbank_2023_c781274e7ed9.json,14,0.0,0,0,0.0,0.0,0.0,0.0,0.0,0.0
ukraine,2023,Privatbank,evaluations/reruns/country_year_classification_20260630_211343/ukraine_2023/checkpoints_corrected/Ukraine_Privatbank_2023_c781274e7ed9.json,15,0.0,0,0,0.0,0.0,0.0,0.0,0.0,0.0
ukraine,2023,Privatbank,evaluations/reruns/country_year_classification_20260630_211343/ukraine_2023/checkpoints_corrected/Ukraine_Privatbank_2023_c781274e7ed9.json,16,5.0,36,36,5.0,0.0,0.0,180.0,5.0,0.6578947368421053
ukraine,2023,Privatbank,evaluations/reruns/country_year_classification_20260630_211343/ukraine_2023/checkpoints_corrected/Ukraine_Privatbank_2023_c781274e7ed9.json,17,3.0,16,16,3.0,0.0,0.0,48.0,3.0,0.39473684210526316
ukraine,2023,Sense Bank,evaluations/reruns/country_year_classification_20260630_211343/ukraine_2023/checkpoints_corrected/Ukraine_Sense_Bank_2023_2beaac8df163.json,1,3.0,8,8,3.0,781.77,2.5,24.0,0.5,0.38961038961038963
ukraine,2023,Sense Bank,evaluations/reruns/country_year_classification_20260630_211343/ukraine_2023/checkpoints_corrected/Ukraine_Sense_Bank_2023_2beaac8df163.json,2,0.0,0,0,0.0,0.0,0.0,0.0,0.0,0.0
ukraine,2023,Sense Bank,evaluations/reruns/country_year_classification_20260630_211343/ukraine_2023/checkpoints_corrected/Ukraine_Sense_Bank_2023_2beaac8df163.json,3,4.5,8,8,4.5,0.0,0.0,36.0,4.5,0.5844155844155844
ukraine,2023,Sense Bank,evaluations/reruns/country_year_classification_20260630_211343/ukraine_2023/checkpoints_corrected/Ukraine_Sense_Bank_2023_2beaac8df163.json,4,4.5,8,8,4.5,781.77,2.5,36.0,2.0,0.5844155844155844
ukraine,2023,Sense Bank,evaluations/reruns/country_year_classification_20260630_211343/ukraine_2023/checkpoints_corrected/Ukraine_Sense_Bank_2023_2beaac8df163.json,5,2.0,1,0,0.0,0.0,0.0,0.0,0.0,0.0
ukraine,2023,Sense Bank,evaluations/reruns/country_year_classification_20260630_211343/ukraine_2023/checkpoints_corrected/Ukraine_Sense_Bank_2023_2beaac8df163.json,6,0.0,0,0,0.0,0.0,0.0,0.0,0.0,0.0
ukraine,2023,Sense Bank,evaluations/reruns/country_year_classification_20260630_211343/ukraine_2023/checkpoints_corrected/Ukraine_Sense_Bank_2023_2beaac8df163.json,7,2.0,1,0,0.0,0.0,0.0,0.0,0.0,0.0
ukraine,2023,Sense Bank,evaluations/reruns/country_year_classification_20260630_211343/ukraine_2023/checkpoints_corrected/Ukraine_Sense_Bank_2023_2beaac8df163.json,8,4.5,21,21,4.5,0.0,0.0,94.5,4.5,0.5844155844155844
ukraine,2023,Sense Bank,evaluations/reruns/country_year_classification_20260630_211343/ukraine_2023/checkpoints_corrected/Ukraine_Sense_Bank_2023_2beaac8df163.json,9,4.0,12,12,4.0,0.0,0.0,48.0,4.0,0.5194805194805194
ukraine,2023,Sense Bank,evaluations/reruns/country_year_classification_20260630_211343/ukraine_2023/checkpoints_corrected/Ukraine_Sense_Bank_2023_2beaac8df163.json,10,3.0,10,10,3.0,0.0,0.0,30.0,3.0,0.38961038961038963
ukraine,2023,Sense Bank,evaluations/reruns/country_year_classification_20260630_211343/ukraine_2023/checkpoints_corrected/Ukraine_Sense_Bank_2023_2beaac8df163.json,11,3.5,3,3,3.5,0.0,0.0,10.5,3.5,0.45454545454545453
ukraine,2023,Sense Bank,evaluations/reruns/country_year_classification_20260630_211343/ukraine_2023/checkpoints_corrected/Ukraine_Sense_Bank_2023_2beaac8df163.json,12,0.0,0,0,0.0,0.0,0.0,0.0,0.0,0.0
ukraine,2023,Sense Bank,evaluations/reruns/country_year_classification_20260630_211343/ukraine_2023/checkpoints_corrected/Ukraine_Sense_Bank_2023_2beaac8df163.json,13,1.0,1,0,0.0,0.0,0.0,0.0,0.0,0.0
ukraine,2023,Sense Bank,evaluations/reruns/country_year_classification_20260630_211343/ukraine_2023/checkpoints_corrected/Ukraine_Sense_Bank_2023_2beaac8df163.json,14,0.0,0,0,0.0,0.0,0.0,0.0,0.0,0.0
ukraine,2023,Sense Bank,evaluations/reruns/country_year_classification_20260630_211343/ukraine_2023/checkpoints_corrected/Ukraine_Sense_Bank_2023_2beaac8df163.json,15,3.0,1,1,3.0,0.0,0.0,3.0,3.0,0.38961038961038963
ukraine,2023,Sense Bank,evaluations/reruns/country_year_classification_20260630_211343/ukraine_2023/checkpoints_corrected/Ukraine_Sense_Bank_2023_2beaac8df163.json,16,5.0,26,26,5.0,0.0,0.0,130.0,5.0,0.6493506493506493
ukraine,2023,Sense Bank,evaluations/reruns/country_year_classification_20260630_211343/ukraine_2023/checkpoints_corrected/Ukraine_Sense_Bank_2023_2beaac8df163.json,17,3.5,9,9,3.5,0.0,0.0,31.5,3.5,0.45454545454545453
ukraine,2023,Tascombank,evaluations/reruns/country_year_classification_20260630_211343/ukraine_2023/checkpoints_corrected/Ukraine_Tascombank_2023_f4434c4f64c6.json,1,1.0,1,0,0.0,0.0,0.0,0.0,0.0,0.0
ukraine,2023,Tascombank,evaluations/reruns/country_year_classification_20260630_211343/ukraine_2023/checkpoints_corrected/Ukraine_Tascombank_2023_f4434c4f64c6.json,2,1.0,1,0,0.0,0.0,0.0,0.0,0.0,0.0
ukraine,2023,Tascombank,evaluations/reruns/country_year_classification_20260630_211343/ukraine_2023/checkpoints_corrected/Ukraine_Tascombank_2023_f4434c4f64c6.json,3,1.0,1,0,0.0,0.0,0.0,0.0,0.0,0.0
ukraine,2023,Tascombank,evaluations/reruns/country_year_classification_20260630_211343/ukraine_2023/checkpoints_corrected/Ukraine_Tascombank_2023_f4434c4f64c6.json,4,2.0,1,0,0.0,0.0,0.0,0.0,0.0,0.0
ukraine,2023,Tascombank,evaluations/reruns/country_year_classification_20260630_211343/ukraine_2023/checkpoints_corrected/Ukraine_Tascombank_2023_f4434c4f64c6.json,5,2.0,1,0,0.0,0.0,0.0,0.0,0.0,0.0
ukraine,2023,Tascombank,evaluations/reruns/country_year_classification_20260630_211343/ukraine_2023/checkpoints_corrected/Ukraine_Tascombank_2023_f4434c4f64c6.json,6,1.0,1,0,0.0,0.0,0.0,0.0,0.0,0.0
ukraine,2023,Tascombank,evaluations/reruns/country_year_classification_20260630_211343/ukraine_2023/checkpoints_corrected/Ukraine_Tascombank_2023_f4434c4f64c6.json,7,1.0,1,0,0.0,0.0,0.0,0.0,0.0,0.0
ukraine,2023,Tascombank,evaluations/reruns/country_year_classification_20260630_211343/ukraine_2023/checkpoints_corrected/Ukraine_Tascombank_2023_f4434c4f64c6.json,8,3.0,3,3,3.0,0.0,0.0,9.0,3.0,2.0
ukraine,2023,Tascombank,evaluations/reruns/country_year_classification_20260630_211343/ukraine_2023/checkpoints_corrected/Ukraine_Tascombank_2023_f4434c4f64c6.json,9,2.0,4,0,0.0,0.0,0.0,0.0,0.0,0.0
ukraine,2023,Tascombank,evaluations/reruns/country_year_classification_20260630_211343/ukraine_2023/checkpoints_corrected/Ukraine_Tascombank_2023_f4434c4f64c6.json,10,2.0,1,0,0.0,0.0,0.0,0.0,0.0,0.0
ukraine,2023,Tascombank,evaluations/reruns/country_year_classification_20260630_211343/ukraine_2023/checkpoints_corrected/Ukraine_Tascombank_2023_f4434c4f64c6.json,11,1.0,1,0,0.0,0.0,0.0,0.0,0.0,0.0
ukraine,2023,Tascombank,evaluations/reruns/country_year_classification_20260630_211343/ukraine_2023/checkpoints_corrected/Ukraine_Tascombank_2023_f4434c4f64c6.json,12,1.0,1,0,0.0,0.0,0.0,0.0,0.0,0.0
ukraine,2023,Tascombank,evaluations/reruns/country_year_classification_20260630_211343/ukraine_2023/checkpoints_corrected/Ukraine_Tascombank_2023_f4434c4f64c6.json,13,0.0,0,0,0.0,0.0,0.0,0.0,0.0,0.0
ukraine,2023,Tascombank,evaluations/reruns/country_year_classification_20260630_211343/ukraine_2023/checkpoints_corrected/Ukraine_Tascombank_2023_f4434c4f64c6.json,14,0.0,0,0,0.0,0.0,0.0,0.0,0.0,0.0
ukraine,2023,Tascombank,evaluations/reruns/country_year_classification_20260630_211343/ukraine_2023/checkpoints_corrected/Ukraine_Tascombank_2023_f4434c4f64c6.json,15,1.0,1,0,0.0,0.0,0.0,0.0,0.0,0.0
ukraine,2023,Tascombank,evaluations/reruns/country_year_classification_20260630_211343/ukraine_2023/checkpoints_corrected/Ukraine_Tascombank_2023_f4434c4f64c6.json,16,4.5,14,14,4.5,0.0,0.0,63.0,4.5,3.0
ukraine,2023,Tascombank,evaluations/reruns/country_year_classification_20260630_211343/ukraine_2023/checkpoints_corrected/Ukraine_Tascombank_2023_f4434c4f64c6.json,17,0.0,0,0,0.0,0.0,0.0,0.0,0.0,0.0
ukraine,2023,Ukreximbank,evaluations/reruns/country_year_classification_20260630_211343/ukraine_2023/checkpoints_corrected/Ukraine_Ukreximbank_2023_d0d9f263e3a8.json,1,4.0,8,8,4.0,0.0,0.0,32.0,4.0,0.5128205128205128
ukraine,2023,Ukreximbank,evaluations/reruns/country_year_classification_20260630_211343/ukraine_2023/checkpoints_corrected/Ukraine_Ukreximbank_2023_d0d9f263e3a8.json,2,2.0,2,0,0.0,0.0,0.0,0.0,0.0,0.0
ukraine,2023,Ukreximbank,evaluations/reruns/country_year_classification_20260630_211343/ukraine_2023/checkpoints_corrected/Ukraine_Ukreximbank_2023_d0d9f263e3a8.json,3,2.0,2,0,0.0,0.0,0.0,0.0,0.0,0.0
ukraine,2023,Ukreximbank,evaluations/reruns/country_year_classification_20260630_211343/ukraine_2023/checkpoints_corrected/Ukraine_Ukreximbank_2023_d0d9f263e3a8.json,4,3.0,2,2,3.0,0.0,0.0,6.0,3.0,0.38461538461538464
ukraine,2023,Ukreximbank,evaluations/reruns/country_year_classification_20260630_211343/ukraine_2023/checkpoints_corrected/Ukraine_Ukreximbank_2023_d0d9f263e3a8.json,5,3.0,1,1,3.0,0.0,0.0,3.0,3.0,0.38461538461538464
ukraine,2023,Ukreximbank,evaluations/reruns/country_year_classification_20260630_211343/ukraine_2023/checkpoints_corrected/Ukraine_Ukreximbank_2023_d0d9f263e3a8.json,6,2.0,1,0,0.0,0.0,0.0,0.0,0.0,0.0
ukraine,2023,Ukreximbank,evaluations/reruns/country_year_classification_20260630_211343/ukraine_2023/checkpoints_corrected/Ukraine_Ukreximbank_2023_d0d9f263e3a8.json,7,3.0,5,5,3.0,0.0,0.0,15.0,3.0,0.38461538461538464
ukraine,2023,Ukreximbank,evaluations/reruns/country_year_classification_20260630_211343/ukraine_2023/checkpoints_corrected/Ukraine_Ukreximbank_2023_d0d9f263e3a8.json,8,4.0,15,15,4.0,0.0,0.0,60.0,4.0,0.5128205128205128
ukraine,2023,Ukreximbank,evaluations/reruns/country_year_classification_20260630_211343/ukraine_2023/checkpoints_corrected/Ukraine_Ukreximbank_2023_d0d9f263e3a8.json,9,4.0,25,25,4.0,0.0,0.0,100.0,4.0,0.5128205128205128
ukraine,2023,Ukreximbank,evaluations/reruns/country_year_classification_20260630_211343/ukraine_2023/checkpoints_corrected/Ukraine_Ukreximbank_2023_d0d9f263e3a8.json,10,2.0,2,0,0.0,0.0,0.0,0.0,0.0,0.0
ukraine,2023,Ukreximbank,evaluations/reruns/country_year_classification_20260630_211343/ukraine_2023/checkpoints_corrected/Ukraine_Ukreximbank_2023_d0d9f263e3a8.json,11,3.0,7,7,3.0,0.0,0.0,21.0,3.0,0.38461538461538464
ukraine,2023,Ukreximbank,evaluations/reruns/country_year_classification_20260630_211343/ukraine_2023/checkpoints_corrected/Ukraine_Ukreximbank_2023_d0d9f263e3a8.json,12,3.0,3,3,3.0,0.0,0.0,9.0,3.0,0.38461538461538464
ukraine,2023,Ukreximbank,evaluations/reruns/country_year_classification_20260630_211343/ukraine_2023/checkpoints_corrected/Ukraine_Ukreximbank_2023_d0d9f263e3a8.json,13,3.0,4,4,3.0,0.0,0.0,12.0,3.0,0.38461538461538464
ukraine,2023,Ukreximbank,evaluations/reruns/country_year_classification_20260630_211343/ukraine_2023/checkpoints_corrected/Ukraine_Ukreximbank_2023_d0d9f263e3a8.json,14,0.0,0,0,0.0,0.0,0.0,0.0,0.0,0.0
ukraine,2023,Ukreximbank,evaluations/reruns/country_year_classification_20260630_211343/ukraine_2023/checkpoints_corrected/Ukraine_Ukreximbank_2023_d0d9f263e3a8.json,15,0.0,0,0,0.0,0.0,0.0,0.0,0.0,0.0
ukraine,2023,Ukreximbank,evaluations/reruns/country_year_classification_20260630_211343/ukraine_2023/checkpoints_corrected/Ukraine_Ukreximbank_2023_d0d9f263e3a8.json,16,5.0,31,31,5.0,0.0,0.0,155.0,5.0,0.6410256410256411
ukraine,2023,Ukreximbank,evaluations/reruns/country_year_classification_20260630_211343/ukraine_2023/checkpoints_corrected/Ukraine_Ukreximbank_2023_d0d9f263e3a8.json,17,4.0,15,15,4.0,0.0,0.0,60.0,4.0,0.5128205128205128
ukraine,2023,Ukrgazbank,evaluations/reruns/country_year_classification_20260630_211343/ukraine_2023/checkpoints_corrected/Ukraine_Ukrgazbank_2023_62d06560bcdb.json,1,3.0,2,2,3.0,0.0,0.0,6.0,3.0,0.25
ukraine,2023,Ukrgazbank,evaluations/reruns/country_year_classification_20260630_211343/ukraine_2023/checkpoints_corrected/Ukraine_Ukrgazbank_2023_62d06560bcdb.json,2,4.0,6,6,4.0,0.0,0.0,24.0,4.0,0.3333333333333333
ukraine,2023,Ukrgazbank,evaluations/reruns/country_year_classification_20260630_211343/ukraine_2023/checkpoints_corrected/Ukraine_Ukrgazbank_2023_62d06560bcdb.json,3,3.0,6,6,3.0,0.0,0.0,18.0,3.0,0.25
ukraine,2023,Ukrgazbank,evaluations/reruns/country_year_classification_20260630_211343/ukraine_2023/checkpoints_corrected/Ukraine_Ukrgazbank_2023_62d06560bcdb.json,4,3.0,4,4,3.0,0.0,0.0,12.0,3.0,0.25
ukraine,2023,Ukrgazbank,evaluations/reruns/country_year_classification_20260630_211343/ukraine_2023/checkpoints_corrected/Ukraine_Ukrgazbank_2023_62d06560bcdb.json,5,3.0,1,1,3.0,0.0,0.0,3.0,3.0,0.25
ukraine,2023,Ukrgazbank,evaluations/reruns/country_year_classification_20260630_211343/ukraine_2023/checkpoints_corrected/Ukraine_Ukrgazbank_2023_62d06560bcdb.json,6,2.0,1,0,0.0,0.0,0.0,0.0,0.0,0.0
ukraine,2023,Ukrgazbank,evaluations/reruns/country_year_classification_20260630_211343/ukraine_2023/checkpoints_corrected/Ukraine_Ukrgazbank_2023_62d06560bcdb.json,7,5.0,15,15,5.0,0.0,0.0,75.0,5.0,0.4166666666666667
ukraine,2023,Ukrgazbank,evaluations/reruns/country_year_classification_20260630_211343/ukraine_2023/checkpoints_corrected/Ukraine_Ukrgazbank_2023_62d06560bcdb.json,8,4.0,22,22,4.0,0.0,0.0,88.0,4.0,0.3333333333333333
ukraine,2023,Ukrgazbank,evaluations/reruns/country_year_classification_20260630_211343/ukraine_2023/checkpoints_corrected/Ukraine_Ukrgazbank_2023_62d06560bcdb.json,9,5.0,30,30,5.0,0.0,0.0,150.0,5.0,0.4166666666666667
ukraine,2023,Ukrgazbank,evaluations/reruns/country_year_classification_20260630_211343/ukraine_2023/checkpoints_corrected/Ukraine_Ukrgazbank_2023_62d06560bcdb.json,10,3.0,6,6,3.0,0.0,0.0,18.0,3.0,0.25
ukraine,2023,Ukrgazbank,evaluations/reruns/country_year_classification_20260630_211343/ukraine_2023/checkpoints_corrected/Ukraine_Ukrgazbank_2023_62d06560bcdb.json,11,4.0,6,6,4.0,0.0,0.0,24.0,4.0,0.3333333333333333
ukraine,2023,Ukrgazbank,evaluations/reruns/country_year_classification_20260630_211343/ukraine_2023/checkpoints_corrected/Ukraine_Ukrgazbank_2023_62d06560bcdb.json,12,5.0,11,11,5.0,0.0,0.0,55.0,5.0,0.4166666666666667
ukraine,2023,Ukrgazbank,evaluations/reruns/country_year_classification_20260630_211343/ukraine_2023/checkpoints_corrected/Ukraine_Ukrgazbank_2023_62d06560bcdb.json,13,5.0,21,21,5.0,0.0,0.0,105.0,5.0,0.4166666666666667
ukraine,2023,Ukrgazbank,evaluations/reruns/country_year_classification_20260630_211343/ukraine_2023/checkpoints_corrected/Ukraine_Ukrgazbank_2023_62d06560bcdb.json,14,0.0,0,0,0.0,0.0,0.0,0.0,0.0,0.0
ukraine,2023,Ukrgazbank,evaluations/reruns/country_year_classification_20260630_211343/ukraine_2023/checkpoints_corrected/Ukraine_Ukrgazbank_2023_62d06560bcdb.json,15,3.0,1,1,3.0,0.0,0.0,3.0,3.0,0.25
ukraine,2023,Ukrgazbank,evaluations/reruns/country_year_classification_20260630_211343/ukraine_2023/checkpoints_corrected/Ukraine_Ukrgazbank_2023_62d06560bcdb.json,16,5.0,50,50,5.0,0.0,0.0,250.0,5.0,0.4166666666666667
ukraine,2023,Ukrgazbank,evaluations/reruns/country_year_classification_20260630_211343/ukraine_2023/checkpoints_corrected/Ukraine_Ukrgazbank_2023_62d06560bcdb.json,17,5.0,22,22,5.0,0.0,0.0,110.0,5.0,0.4166666666666667
ukraine,2023,Ukrsibbank,evaluations/reruns/country_year_classification_20260630_211343/ukraine_2023/checkpoints_corrected/Ukraine_Ukrsibbank_2023_a246ee84a629.json,1,3.5,2,2,3.5,0.0,0.0,7.0,3.5,0.3181818181818182
ukraine,2023,Ukrsibbank,evaluations/reruns/country_year_classification_20260630_211343/ukraine_2023/checkpoints_corrected/Ukraine_Ukrsibbank_2023_a246ee84a629.json,2,3.0,4,4,3.0,0.0,0.0,12.0,3.0,0.2727272727272727
ukraine,2023,Ukrsibbank,evaluations/reruns/country_year_classification_20260630_211343/ukraine_2023/checkpoints_corrected/Ukraine_Ukrsibbank_2023_a246ee84a629.json,3,4.0,9,9,4.0,0.0,0.0,36.0,4.0,0.36363636363636365
ukraine,2023,Ukrsibbank,evaluations/reruns/country_year_classification_20260630_211343/ukraine_2023/checkpoints_corrected/Ukraine_Ukrsibbank_2023_a246ee84a629.json,4,3.0,5,5,3.0,0.0,0.0,15.0,3.0,0.2727272727272727
ukraine,2023,Ukrsibbank,evaluations/reruns/country_year_classification_20260630_211343/ukraine_2023/checkpoints_corrected/Ukraine_Ukrsibbank_2023_a246ee84a629.json,5,4.0,7,7,4.0,0.0,0.0,28.0,4.0,0.36363636363636365
ukraine,2023,Ukrsibbank,evaluations/reruns/country_year_classification_20260630_211343/ukraine_2023/checkpoints_corrected/Ukraine_Ukrsibbank_2023_a246ee84a629.json,6,0.0,0,0,0.0,0.0,0.0,0.0,0.0,0.0
ukraine,2023,Ukrsibbank,evaluations/reruns/country_year_classification_20260630_211343/ukraine_2023/checkpoints_corrected/Ukraine_Ukrsibbank_2023_a246ee84a629.json,7,4.0,5,5,4.0,0.0,0.0,20.0,4.0,0.36363636363636365
ukraine,2023,Ukrsibbank,evaluations/reruns/country_year_classification_20260630_211343/ukraine_2023/checkpoints_corrected/Ukraine_Ukrsibbank_2023_a246ee84a629.json,8,4.5,12,12,4.5,0.0,0.0,54.0,4.5,0.4090909090909091
ukraine,2023,Ukrsibbank,evaluations/reruns/country_year_classification_20260630_211343/ukraine_2023/checkpoints_corrected/Ukraine_Ukrsibbank_2023_a246ee84a629.json,9,5.0,15,15,5.0,0.0,0.0,75.0,5.0,0.45454545454545453
ukraine,2023,Ukrsibbank,evaluations/reruns/country_year_classification_20260630_211343/ukraine_2023/checkpoints_corrected/Ukraine_Ukrsibbank_2023_a246ee84a629.json,10,4.0,11,11,4.0,0.0,0.0,44.0,4.0,0.36363636363636365
ukraine,2023,Ukrsibbank,evaluations/reruns/country_year_classification_20260630_211343/ukraine_2023/checkpoints_corrected/Ukraine_Ukrsibbank_2023_a246ee84a629.json,11,3.5,6,6,3.5,0.0,0.0,21.0,3.5,0.3181818181818182
ukraine,2023,Ukrsibbank,evaluations/reruns/country_year_classification_20260630_211343/ukraine_2023/checkpoints_corrected/Ukraine_Ukrsibbank_2023_a246ee84a629.json,12,4.0,4,4,4.0,0.0,0.0,16.0,4.0,0.36363636363636365
ukraine,2023,Ukrsibbank,evaluations/reruns/country_year_classification_20260630_211343/ukraine_2023/checkpoints_corrected/Ukraine_Ukrsibbank_2023_a246ee84a629.json,13,4.0,7,7,4.0,0.0,0.0,28.0,4.0,0.36363636363636365
ukraine,2023,Ukrsibbank,evaluations/reruns/country_year_classification_20260630_211343/ukraine_2023/checkpoints_corrected/Ukraine_Ukrsibbank_2023_a246ee84a629.json,14,2.0,1,0,0.0,0.0,0.0,0.0,0.0,0.0
ukraine,2023,Ukrsibbank,evaluations/reruns/country_year_classification_20260630_211343/ukraine_2023/checkpoints_corrected/Ukraine_Ukrsibbank_2023_a246ee84a629.json,15,2.0,2,0,0.0,0.0,0.0,0.0,0.0,0.0
ukraine,2023,Ukrsibbank,evaluations/reruns/country_year_classification_20260630_211343/ukraine_2023/checkpoints_corrected/Ukraine_Ukrsibbank_2023_a246ee84a629.json,16,4.5,6,6,4.5,0.0,0.0,27.0,4.5,0.4090909090909091
ukraine,2023,Ukrsibbank,evaluations/reruns/country_year_classification_20260630_211343/ukraine_2023/checkpoints_corrected/Ukraine_Ukrsibbank_2023_a246ee84a629.json,17,4.0,10,10,4.0,0.0,0.0,40.0,4.0,0.36363636363636365
ukraine,2024,A-bank,evaluations/reruns/country_year_classification_20260630_211343/ukraine_2024/checkpoints_corrected/Ukraine_A_bank_2024_ef994714e671.json,1,0.0,0,0,0.0,0.0,0.0,0.0,0.0,0.0
ukraine,2024,A-bank,evaluations/reruns/country_year_classification_20260630_211343/ukraine_2024/checkpoints_corrected/Ukraine_A_bank_2024_ef994714e671.json,2,0.0,0,0,0.0,0.0,0.0,0.0,0.0,0.0
ukraine,2024,A-bank,evaluations/reruns/country_year_classification_20260630_211343/ukraine_2024/checkpoints_corrected/Ukraine_A_bank_2024_ef994714e671.json,3,0.0,0,0,0.0,0.0,0.0,0.0,0.0,0.0
ukraine,2024,A-bank,evaluations/reruns/country_year_classification_20260630_211343/ukraine_2024/checkpoints_corrected/Ukraine_A_bank_2024_ef994714e671.json,4,0.0,0,0,0.0,0.0,0.0,0.0,0.0,0.0
ukraine,2024,A-bank,evaluations/reruns/country_year_classification_20260630_211343/ukraine_2024/checkpoints_corrected/Ukraine_A_bank_2024_ef994714e671.json,5,0.0,0,0,0.0,0.0,0.0,0.0,0.0,0.0
ukraine,2024,A-bank,evaluations/reruns/country_year_classification_20260630_211343/ukraine_2024/checkpoints_corrected/Ukraine_A_bank_2024_ef994714e671.json,6,0.0,0,0,0.0,0.0,0.0,0.0,0.0,0.0
ukraine,2024,A-bank,evaluations/reruns/country_year_classification_20260630_211343/ukraine_2024/checkpoints_corrected/Ukraine_A_bank_2024_ef994714e671.json,7,0.0,0,0,0.0,0.0,0.0,0.0,0.0,0.0
ukraine,2024,A-bank,evaluations/reruns/country_year_classification_20260630_211343/ukraine_2024/checkpoints_corrected/Ukraine_A_bank_2024_ef994714e671.json,8,1.0,2,0,0.0,0.0,0.0,0.0,0.0,0.0
ukraine,2024,A-bank,evaluations/reruns/country_year_classification_20260630_211343/ukraine_2024/checkpoints_corrected/Ukraine_A_bank_2024_ef994714e671.json,9,0.0,0,0,0.0,0.0,0.0,0.0,0.0,0.0
ukraine,2024,A-bank,evaluations/reruns/country_year_classification_20260630_211343/ukraine_2024/checkpoints_corrected/Ukraine_A_bank_2024_ef994714e671.json,10,0.0,0,0,0.0,0.0,0.0,0.0,0.0,0.0
ukraine,2024,A-bank,evaluations/reruns/country_year_classification_20260630_211343/ukraine_2024/checkpoints_corrected/Ukraine_A_bank_2024_ef994714e671.json,11,0.0,0,0,0.0,0.0,0.0,0.0,0.0,0.0
ukraine,2024,A-bank,evaluations/reruns/country_year_classification_20260630_211343/ukraine_2024/checkpoints_corrected/Ukraine_A_bank_2024_ef994714e671.json,12,0.0,0,0,0.0,0.0,0.0,0.0,0.0,0.0
ukraine,2024,A-bank,evaluations/reruns/country_year_classification_20260630_211343/ukraine_2024/checkpoints_corrected/Ukraine_A_bank_2024_ef994714e671.json,13,0.0,0,0,0.0,0.0,0.0,0.0,0.0,0.0
ukraine,2024,A-bank,evaluations/reruns/country_year_classification_20260630_211343/ukraine_2024/checkpoints_corrected/Ukraine_A_bank_2024_ef994714e671.json,14,0.0,0,0,0.0,0.0,0.0,0.0,0.0,0.0
ukraine,2024,A-bank,evaluations/reruns/country_year_classification_20260630_211343/ukraine_2024/checkpoints_corrected/Ukraine_A_bank_2024_ef994714e671.json,15,0.0,0,0,0.0,0.0,0.0,0.0,0.0,0.0
ukraine,2024,A-bank,evaluations/reruns/country_year_classification_20260630_211343/ukraine_2024/checkpoints_corrected/Ukraine_A_bank_2024_ef994714e671.json,16,4.0,5,5,4.0,0.0,0.0,20.0,4.0,5.0
ukraine,2024,A-bank,evaluations/reruns/country_year_classification_20260630_211343/ukraine_2024/checkpoints_corrected/Ukraine_A_bank_2024_ef994714e671.json,17,0.0,0,0,0.0,0.0,0.0,0.0,0.0,0.0
ukraine,2024,Credit Agricole Bank,evaluations/reruns/country_year_classification_20260630_211343/ukraine_2024/checkpoints_corrected/Ukraine_Credit_Agricole_Bank_2024_fb5a2d3629d7.json,1,3.0,5,5,3.0,0.0,0.0,15.0,3.0,0.3191489361702128
ukraine,2024,Credit Agricole Bank,evaluations/reruns/country_year_classification_20260630_211343/ukraine_2024/checkpoints_corrected/Ukraine_Credit_Agricole_Bank_2024_fb5a2d3629d7.json,2,5.0,13,13,5.0,0.0,0.0,65.0,5.0,0.5319148936170213
ukraine,2024,Credit Agricole Bank,evaluations/reruns/country_year_classification_20260630_211343/ukraine_2024/checkpoints_corrected/Ukraine_Credit_Agricole_Bank_2024_fb5a2d3629d7.json,3,4.0,3,3,4.0,0.0,0.0,12.0,4.0,0.425531914893617
ukraine,2024,Credit Agricole Bank,evaluations/reruns/country_year_classification_20260630_211343/ukraine_2024/checkpoints_corrected/Ukraine_Credit_Agricole_Bank_2024_fb5a2d3629d7.json,4,4.0,4,4,4.0,0.0,0.0,16.0,4.0,0.425531914893617
ukraine,2024,Credit Agricole Bank,evaluations/reruns/country_year_classification_20260630_211343/ukraine_2024/checkpoints_corrected/Ukraine_Credit_Agricole_Bank_2024_fb5a2d3629d7.json,5,1.0,1,0,0.0,0.0,0.0,0.0,0.0,0.0
ukraine,2024,Credit Agricole Bank,evaluations/reruns/country_year_classification_20260630_211343/ukraine_2024/checkpoints_corrected/Ukraine_Credit_Agricole_Bank_2024_fb5a2d3629d7.json,6,0.0,0,0,0.0,0.0,0.0,0.0,0.0,0.0
ukraine,2024,Credit Agricole Bank,evaluations/reruns/country_year_classification_20260630_211343/ukraine_2024/checkpoints_corrected/Ukraine_Credit_Agricole_Bank_2024_fb5a2d3629d7.json,7,4.0,8,8,4.0,0.0,0.0,32.0,4.0,0.425531914893617
ukraine,2024,Credit Agricole Bank,evaluations/reruns/country_year_classification_20260630_211343/ukraine_2024/checkpoints_corrected/Ukraine_Credit_Agricole_Bank_2024_fb5a2d3629d7.json,8,4.0,19,19,4.0,0.0,0.0,76.0,4.0,0.425531914893617
ukraine,2024,Credit Agricole Bank,evaluations/reruns/country_year_classification_20260630_211343/ukraine_2024/checkpoints_corrected/Ukraine_Credit_Agricole_Bank_2024_fb5a2d3629d7.json,9,4.5,14,14,4.5,0.0,0.0,63.0,4.5,0.4787234042553192
ukraine,2024,Credit Agricole Bank,evaluations/reruns/country_year_classification_20260630_211343/ukraine_2024/checkpoints_corrected/Ukraine_Credit_Agricole_Bank_2024_fb5a2d3629d7.json,10,3.0,4,4,3.0,0.0,0.0,12.0,3.0,0.3191489361702128
ukraine,2024,Credit Agricole Bank,evaluations/reruns/country_year_classification_20260630_211343/ukraine_2024/checkpoints_corrected/Ukraine_Credit_Agricole_Bank_2024_fb5a2d3629d7.json,11,0.0,0,0,0.0,0.0,0.0,0.0,0.0,0.0
ukraine,2024,Credit Agricole Bank,evaluations/reruns/country_year_classification_20260630_211343/ukraine_2024/checkpoints_corrected/Ukraine_Credit_Agricole_Bank_2024_fb5a2d3629d7.json,12,4.5,8,8,4.5,0.0,0.0,36.0,4.5,0.4787234042553192
ukraine,2024,Credit Agricole Bank,evaluations/reruns/country_year_classification_20260630_211343/ukraine_2024/checkpoints_corrected/Ukraine_Credit_Agricole_Bank_2024_fb5a2d3629d7.json,13,4.0,10,10,4.0,0.0,0.0,40.0,4.0,0.425531914893617
ukraine,2024,Credit Agricole Bank,evaluations/reruns/country_year_classification_20260630_211343/ukraine_2024/checkpoints_corrected/Ukraine_Credit_Agricole_Bank_2024_fb5a2d3629d7.json,14,0.0,0,0,0.0,0.0,0.0,0.0,0.0,0.0
ukraine,2024,Credit Agricole Bank,evaluations/reruns/country_year_classification_20260630_211343/ukraine_2024/checkpoints_corrected/Ukraine_Credit_Agricole_Bank_2024_fb5a2d3629d7.json,15,2.0,4,0,0.0,0.0,0.0,0.0,0.0,0.0
ukraine,2024,Credit Agricole Bank,evaluations/reruns/country_year_classification_20260630_211343/ukraine_2024/checkpoints_corrected/Ukraine_Credit_Agricole_Bank_2024_fb5a2d3629d7.json,16,4.0,11,11,4.0,0.0,0.0,44.0,4.0,0.425531914893617
ukraine,2024,Credit Agricole Bank,evaluations/reruns/country_year_classification_20260630_211343/ukraine_2024/checkpoints_corrected/Ukraine_Credit_Agricole_Bank_2024_fb5a2d3629d7.json,17,3.0,11,11,3.0,0.0,0.0,33.0,3.0,0.3191489361702128
ukraine,2024,Credobank,evaluations/reruns/country_year_classification_20260630_211343/ukraine_2024/checkpoints_corrected/Ukraine_Credobank_2024_54d05641be9e.json,1,0.0,0,0,0.0,0.0,0.0,0.0,0.0,0.0
ukraine,2024,Credobank,evaluations/reruns/country_year_classification_20260630_211343/ukraine_2024/checkpoints_corrected/Ukraine_Credobank_2024_54d05641be9e.json,2,0.0,0,0,0.0,0.0,0.0,0.0,0.0,0.0
ukraine,2024,Credobank,evaluations/reruns/country_year_classification_20260630_211343/ukraine_2024/checkpoints_corrected/Ukraine_Credobank_2024_54d05641be9e.json,3,0.0,0,0,0.0,0.0,0.0,0.0,0.0,0.0
ukraine,2024,Credobank,evaluations/reruns/country_year_classification_20260630_211343/ukraine_2024/checkpoints_corrected/Ukraine_Credobank_2024_54d05641be9e.json,4,2.0,1,0,0.0,0.0,0.0,0.0,0.0,0.0
ukraine,2024,Credobank,evaluations/reruns/country_year_classification_20260630_211343/ukraine_2024/checkpoints_corrected/Ukraine_Credobank_2024_54d05641be9e.json,5,2.0,1,0,0.0,0.0,0.0,0.0,0.0,0.0
ukraine,2024,Credobank,evaluations/reruns/country_year_classification_20260630_211343/ukraine_2024/checkpoints_corrected/Ukraine_Credobank_2024_54d05641be9e.json,6,0.0,0,0,0.0,0.0,0.0,0.0,0.0,0.0
ukraine,2024,Credobank,evaluations/reruns/country_year_classification_20260630_211343/ukraine_2024/checkpoints_corrected/Ukraine_Credobank_2024_54d05641be9e.json,7,0.0,0,0,0.0,0.0,0.0,0.0,0.0,0.0
ukraine,2024,Credobank,evaluations/reruns/country_year_classification_20260630_211343/ukraine_2024/checkpoints_corrected/Ukraine_Credobank_2024_54d05641be9e.json,8,2.0,1,0,0.0,0.0,0.0,0.0,0.0,0.0
ukraine,2024,Credobank,evaluations/reruns/country_year_classification_20260630_211343/ukraine_2024/checkpoints_corrected/Ukraine_Credobank_2024_54d05641be9e.json,9,1.0,1,0,0.0,0.0,0.0,0.0,0.0,0.0
ukraine,2024,Credobank,evaluations/reruns/country_year_classification_20260630_211343/ukraine_2024/checkpoints_corrected/Ukraine_Credobank_2024_54d05641be9e.json,10,0.0,0,0,0.0,0.0,0.0,0.0,0.0,0.0
ukraine,2024,Credobank,evaluations/reruns/country_year_classification_20260630_211343/ukraine_2024/checkpoints_corrected/Ukraine_Credobank_2024_54d05641be9e.json,11,0.0,0,0,0.0,0.0,0.0,0.0,0.0,0.0
ukraine,2024,Credobank,evaluations/reruns/country_year_classification_20260630_211343/ukraine_2024/checkpoints_corrected/Ukraine_Credobank_2024_54d05641be9e.json,12,0.0,0,0,0.0,0.0,0.0,0.0,0.0,0.0
ukraine,2024,Credobank,evaluations/reruns/country_year_classification_20260630_211343/ukraine_2024/checkpoints_corrected/Ukraine_Credobank_2024_54d05641be9e.json,13,0.0,0,0,0.0,0.0,0.0,0.0,0.0,0.0
ukraine,2024,Credobank,evaluations/reruns/country_year_classification_20260630_211343/ukraine_2024/checkpoints_corrected/Ukraine_Credobank_2024_54d05641be9e.json,14,0.0,0,0,0.0,0.0,0.0,0.0,0.0,0.0
ukraine,2024,Credobank,evaluations/reruns/country_year_classification_20260630_211343/ukraine_2024/checkpoints_corrected/Ukraine_Credobank_2024_54d05641be9e.json,15,0.0,0,0,0.0,0.0,0.0,0.0,0.0,0.0
ukraine,2024,Credobank,evaluations/reruns/country_year_classification_20260630_211343/ukraine_2024/checkpoints_corrected/Ukraine_Credobank_2024_54d05641be9e.json,16,3.0,1,1,3.0,0.0,0.0,3.0,3.0,5.0
ukraine,2024,Credobank,evaluations/reruns/country_year_classification_20260630_211343/ukraine_2024/checkpoints_corrected/Ukraine_Credobank_2024_54d05641be9e.json,17,1.0,1,0,0.0,0.0,0.0,0.0,0.0,0.0
ukraine,2024,FUIB,evaluations/reruns/country_year_classification_20260630_211343/ukraine_2024/checkpoints_corrected/Ukraine_FUIB_2024_78f63cebf526.json,1,4.5,3,3,4.5,0.0,0.0,13.5,4.5,0.41284403669724773
ukraine,2024,FUIB,evaluations/reruns/country_year_classification_20260630_211343/ukraine_2024/checkpoints_corrected/Ukraine_FUIB_2024_78f63cebf526.json,2,3.8,1,1,3.8,0.0,0.0,3.8,3.8,0.3486238532110092
ukraine,2024,FUIB,evaluations/reruns/country_year_classification_20260630_211343/ukraine_2024/checkpoints_corrected/Ukraine_FUIB_2024_78f63cebf526.json,3,4.2,6,6,4.2,0.0,0.0,25.200000000000003,4.2,0.3853211009174312
ukraine,2024,FUIB,evaluations/reruns/country_year_classification_20260630_211343/ukraine_2024/checkpoints_corrected/Ukraine_FUIB_2024_78f63cebf526.json,4,3.0,5,5,3.0,0.0,0.0,15.0,3.0,0.27522935779816515
ukraine,2024,FUIB,evaluations/reruns/country_year_classification_20260630_211343/ukraine_2024/checkpoints_corrected/Ukraine_FUIB_2024_78f63cebf526.json,5,2.5,1,0,0.0,0.0,0.0,0.0,0.0,0.0
ukraine,2024,FUIB,evaluations/reruns/country_year_classification_20260630_211343/ukraine_2024/checkpoints_corrected/Ukraine_FUIB_2024_78f63cebf526.json,6,0.0,0,0,0.0,0.0,0.0,0.0,0.0,0.0
ukraine,2024,FUIB,evaluations/reruns/country_year_classification_20260630_211343/ukraine_2024/checkpoints_corrected/Ukraine_FUIB_2024_78f63cebf526.json,7,5.0,3,3,5.0,0.0,0.0,15.0,5.0,0.45871559633027525
ukraine,2024,FUIB,evaluations/reruns/country_year_classification_20260630_211343/ukraine_2024/checkpoints_corrected/Ukraine_FUIB_2024_78f63cebf526.json,8,4.5,10,10,4.5,0.0,0.0,45.0,4.5,0.41284403669724773
ukraine,2024,FUIB,evaluations/reruns/country_year_classification_20260630_211343/ukraine_2024/checkpoints_corrected/Ukraine_FUIB_2024_78f63cebf526.json,9,3.5,5,5,3.5,0.0,0.0,17.5,3.5,0.3211009174311927
ukraine,2024,FUIB,evaluations/reruns/country_year_classification_20260630_211343/ukraine_2024/checkpoints_corrected/Ukraine_FUIB_2024_78f63cebf526.json,10,2.5,1,0,0.0,0.0,0.0,0.0,0.0,0.0
ukraine,2024,FUIB,evaluations/reruns/country_year_classification_20260630_211343/ukraine_2024/checkpoints_corrected/Ukraine_FUIB_2024_78f63cebf526.json,11,4.0,3,3,4.0,0.0,0.0,12.0,4.0,0.3669724770642202
ukraine,2024,FUIB,evaluations/reruns/country_year_classification_20260630_211343/ukraine_2024/checkpoints_corrected/Ukraine_FUIB_2024_78f63cebf526.json,12,5.0,7,7,5.0,0.0,0.0,35.0,5.0,0.45871559633027525
ukraine,2024,FUIB,evaluations/reruns/country_year_classification_20260630_211343/ukraine_2024/checkpoints_corrected/Ukraine_FUIB_2024_78f63cebf526.json,13,5.0,8,8,5.0,0.0,0.0,40.0,5.0,0.45871559633027525
ukraine,2024,FUIB,evaluations/reruns/country_year_classification_20260630_211343/ukraine_2024/checkpoints_corrected/Ukraine_FUIB_2024_78f63cebf526.json,14,0.0,0,0,0.0,0.0,0.0,0.0,0.0,0.0
ukraine,2024,FUIB,evaluations/reruns/country_year_classification_20260630_211343/ukraine_2024/checkpoints_corrected/Ukraine_FUIB_2024_78f63cebf526.json,15,4.0,1,1,4.0,0.0,0.0,4.0,4.0,0.3669724770642202
ukraine,2024,FUIB,evaluations/reruns/country_year_classification_20260630_211343/ukraine_2024/checkpoints_corrected/Ukraine_FUIB_2024_78f63cebf526.json,16,4.0,8,8,4.0,0.0,0.0,32.0,4.0,0.3669724770642202
ukraine,2024,FUIB,evaluations/reruns/country_year_classification_20260630_211343/ukraine_2024/checkpoints_corrected/Ukraine_FUIB_2024_78f63cebf526.json,17,4.0,7,7,4.0,0.0,0.0,28.0,4.0,0.3669724770642202
ukraine,2024,OTP Bank,evaluations/reruns/country_year_classification_20260630_211343/ukraine_2024/checkpoints_corrected/Ukraine_OTP_Bank_2024_d69a7450caf3.json,1,2.0,2,0,0.0,0.0,0.0,0.0,0.0,0.0
ukraine,2024,OTP Bank,evaluations/reruns/country_year_classification_20260630_211343/ukraine_2024/checkpoints_corrected/Ukraine_OTP_Bank_2024_d69a7450caf3.json,2,1.0,1,0,0.0,0.0,0.0,0.0,0.0,0.0
ukraine,2024,OTP Bank,evaluations/reruns/country_year_classification_20260630_211343/ukraine_2024/checkpoints_corrected/Ukraine_OTP_Bank_2024_d69a7450caf3.json,3,4.0,3,3,4.0,0.0,0.0,12.0,4.0,0.4535147392290249
ukraine,2024,OTP Bank,evaluations/reruns/country_year_classification_20260630_211343/ukraine_2024/checkpoints_corrected/Ukraine_OTP_Bank_2024_d69a7450caf3.json,4,4.0,4,4,4.0,0.0,0.0,16.0,4.0,0.4535147392290249
ukraine,2024,OTP Bank,evaluations/reruns/country_year_classification_20260630_211343/ukraine_2024/checkpoints_corrected/Ukraine_OTP_Bank_2024_d69a7450caf3.json,5,3.0,3,3,3.0,0.0,0.0,9.0,3.0,0.3401360544217687
ukraine,2024,OTP Bank,evaluations/reruns/country_year_classification_20260630_211343/ukraine_2024/checkpoints_corrected/Ukraine_OTP_Bank_2024_d69a7450caf3.json,6,0.0,0,0,0.0,0.0,0.0,0.0,0.0,0.0
ukraine,2024,OTP Bank,evaluations/reruns/country_year_classification_20260630_211343/ukraine_2024/checkpoints_corrected/Ukraine_OTP_Bank_2024_d69a7450caf3.json,7,4.5,8,8,4.5,0.0,0.0,36.0,4.5,0.5102040816326531
ukraine,2024,OTP Bank,evaluations/reruns/country_year_classification_20260630_211343/ukraine_2024/checkpoints_corrected/Ukraine_OTP_Bank_2024_d69a7450caf3.json,8,4.0,12,12,4.0,0.0,0.0,48.0,4.0,0.4535147392290249
ukraine,2024,OTP Bank,evaluations/reruns/country_year_classification_20260630_211343/ukraine_2024/checkpoints_corrected/Ukraine_OTP_Bank_2024_d69a7450caf3.json,9,4.2,14,14,4.2,0.0,0.0,58.800000000000004,4.2,0.47619047619047616
ukraine,2024,OTP Bank,evaluations/reruns/country_year_classification_20260630_211343/ukraine_2024/checkpoints_corrected/Ukraine_OTP_Bank_2024_d69a7450caf3.json,10,3.0,3,3,3.0,0.0,0.0,9.0,3.0,0.3401360544217687
ukraine,2024,OTP Bank,evaluations/reruns/country_year_classification_20260630_211343/ukraine_2024/checkpoints_corrected/Ukraine_OTP_Bank_2024_d69a7450caf3.json,11,0.0,0,0,0.0,0.0,0.0,0.0,0.0,0.0
ukraine,2024,OTP Bank,evaluations/reruns/country_year_classification_20260630_211343/ukraine_2024/checkpoints_corrected/Ukraine_OTP_Bank_2024_d69a7450caf3.json,12,4.3,8,8,4.3,0.0,0.0,34.4,4.3,0.4875283446712018
ukraine,2024,OTP Bank,evaluations/reruns/country_year_classification_20260630_211343/ukraine_2024/checkpoints_corrected/Ukraine_OTP_Bank_2024_d69a7450caf3.json,13,4.6,9,9,4.6,0.0,0.0,41.4,4.6,0.5215419501133787
ukraine,2024,OTP Bank,evaluations/reruns/country_year_classification_20260630_211343/ukraine_2024/checkpoints_corrected/Ukraine_OTP_Bank_2024_d69a7450caf3.json,14,0.0,0,0,0.0,0.0,0.0,0.0,0.0,0.0
ukraine,2024,OTP Bank,evaluations/reruns/country_year_classification_20260630_211343/ukraine_2024/checkpoints_corrected/Ukraine_OTP_Bank_2024_d69a7450caf3.json,15,0.0,0,0,0.0,0.0,0.0,0.0,0.0,0.0
ukraine,2024,OTP Bank,evaluations/reruns/country_year_classification_20260630_211343/ukraine_2024/checkpoints_corrected/Ukraine_OTP_Bank_2024_d69a7450caf3.json,16,4.5,25,25,4.5,0.0,0.0,112.5,4.5,0.5102040816326531
ukraine,2024,OTP Bank,evaluations/reruns/country_year_classification_20260630_211343/ukraine_2024/checkpoints_corrected/Ukraine_OTP_Bank_2024_d69a7450caf3.json,17,4.0,8,8,4.0,0.0,0.0,32.0,4.0,0.4535147392290249
ukraine,2024,Oschadbank,evaluations/reruns/country_year_classification_20260630_211343/ukraine_2024/checkpoints_corrected/Ukraine_Oschadbank_2024_e83dd966f527.json,1,4.0,12,12,4.0,0.0,0.0,48.0,4.0,0.3389830508474576
ukraine,2024,Oschadbank,evaluations/reruns/country_year_classification_20260630_211343/ukraine_2024/checkpoints_corrected/Ukraine_Oschadbank_2024_e83dd966f527.json,2,3.0,4,4,3.0,0.0,0.0,12.0,3.0,0.2542372881355932
ukraine,2024,Oschadbank,evaluations/reruns/country_year_classification_20260630_211343/ukraine_2024/checkpoints_corrected/Ukraine_Oschadbank_2024_e83dd966f527.json,3,4.0,8,8,4.0,0.0,0.0,32.0,4.0,0.3389830508474576
ukraine,2024,Oschadbank,evaluations/reruns/country_year_classification_20260630_211343/ukraine_2024/checkpoints_corrected/Ukraine_Oschadbank_2024_e83dd966f527.json,4,4.0,10,10,4.0,0.0,0.0,40.0,4.0,0.3389830508474576
ukraine,2024,Oschadbank,evaluations/reruns/country_year_classification_20260630_211343/ukraine_2024/checkpoints_corrected/Ukraine_Oschadbank_2024_e83dd966f527.json,5,4.0,9,9,4.0,0.0,0.0,36.0,4.0,0.3389830508474576
ukraine,2024,Oschadbank,evaluations/reruns/country_year_classification_20260630_211343/ukraine_2024/checkpoints_corrected/Ukraine_Oschadbank_2024_e83dd966f527.json,6,0.0,0,0,0.0,0.0,0.0,0.0,0.0,0.0
ukraine,2024,Oschadbank,evaluations/reruns/country_year_classification_20260630_211343/ukraine_2024/checkpoints_corrected/Ukraine_Oschadbank_2024_e83dd966f527.json,7,5.0,18,18,5.0,0.0,0.0,90.0,5.0,0.423728813559322
ukraine,2024,Oschadbank,evaluations/reruns/country_year_classification_20260630_211343/ukraine_2024/checkpoints_corrected/Ukraine_Oschadbank_2024_e83dd966f527.json,8,5.0,35,35,5.0,0.0,0.0,175.0,5.0,0.423728813559322
ukraine,2024,Oschadbank,evaluations/reruns/country_year_classification_20260630_211343/ukraine_2024/checkpoints_corrected/Ukraine_Oschadbank_2024_e83dd966f527.json,9,4.0,29,29,4.0,0.0,0.0,116.0,4.0,0.3389830508474576
ukraine,2024,Oschadbank,evaluations/reruns/country_year_classification_20260630_211343/ukraine_2024/checkpoints_corrected/Ukraine_Oschadbank_2024_e83dd966f527.json,10,4.0,25,25,4.0,0.0,0.0,100.0,4.0,0.3389830508474576
ukraine,2024,Oschadbank,evaluations/reruns/country_year_classification_20260630_211343/ukraine_2024/checkpoints_corrected/Ukraine_Oschadbank_2024_e83dd966f527.json,11,4.0,16,16,4.0,0.0,0.0,64.0,4.0,0.3389830508474576
ukraine,2024,Oschadbank,evaluations/reruns/country_year_classification_20260630_211343/ukraine_2024/checkpoints_corrected/Ukraine_Oschadbank_2024_e83dd966f527.json,12,5.0,10,10,5.0,0.0,0.0,50.0,5.0,0.423728813559322
ukraine,2024,Oschadbank,evaluations/reruns/country_year_classification_20260630_211343/ukraine_2024/checkpoints_corrected/Ukraine_Oschadbank_2024_e83dd966f527.json,13,5.0,11,11,5.0,0.0,0.0,55.0,5.0,0.423728813559322
ukraine,2024,Oschadbank,evaluations/reruns/country_year_classification_20260630_211343/ukraine_2024/checkpoints_corrected/Ukraine_Oschadbank_2024_e83dd966f527.json,14,0.0,0,0,0.0,0.0,0.0,0.0,0.0,0.0
ukraine,2024,Oschadbank,evaluations/reruns/country_year_classification_20260630_211343/ukraine_2024/checkpoints_corrected/Ukraine_Oschadbank_2024_e83dd966f527.json,15,0.0,0,0,0.0,0.0,0.0,0.0,0.0,0.0
ukraine,2024,Oschadbank,evaluations/reruns/country_year_classification_20260630_211343/ukraine_2024/checkpoints_corrected/Ukraine_Oschadbank_2024_e83dd966f527.json,16,4.0,27,27,4.0,0.0,0.0,108.0,4.0,0.3389830508474576
ukraine,2024,Oschadbank,evaluations/reruns/country_year_classification_20260630_211343/ukraine_2024/checkpoints_corrected/Ukraine_Oschadbank_2024_e83dd966f527.json,17,4.0,23,23,4.0,0.0,0.0,92.0,4.0,0.3389830508474576
ukraine,2024,Privatbank,evaluations/reruns/country_year_classification_20260630_211343/ukraine_2024/checkpoints_corrected/Ukraine_Privatbank_2024_4992178b88c3.json,1,4.0,17,17,4.0,0.0,0.0,68.0,4.0,0.36363636363636365
ukraine,2024,Privatbank,evaluations/reruns/country_year_classification_20260630_211343/ukraine_2024/checkpoints_corrected/Ukraine_Privatbank_2024_4992178b88c3.json,2,2.0,2,0,0.0,0.0,0.0,0.0,0.0,0.0
ukraine,2024,Privatbank,evaluations/reruns/country_year_classification_20260630_211343/ukraine_2024/checkpoints_corrected/Ukraine_Privatbank_2024_4992178b88c3.json,3,4.0,10,10,4.0,0.0,0.0,40.0,4.0,0.36363636363636365
ukraine,2024,Privatbank,evaluations/reruns/country_year_classification_20260630_211343/ukraine_2024/checkpoints_corrected/Ukraine_Privatbank_2024_4992178b88c3.json,4,5.0,11,11,5.0,0.0,0.0,55.0,5.0,0.45454545454545453
ukraine,2024,Privatbank,evaluations/reruns/country_year_classification_20260630_211343/ukraine_2024/checkpoints_corrected/Ukraine_Privatbank_2024_4992178b88c3.json,5,4.0,7,7,4.0,0.0,0.0,28.0,4.0,0.36363636363636365
ukraine,2024,Privatbank,evaluations/reruns/country_year_classification_20260630_211343/ukraine_2024/checkpoints_corrected/Ukraine_Privatbank_2024_4992178b88c3.json,6,0.0,0,0,0.0,0.0,0.0,0.0,0.0,0.0
ukraine,2024,Privatbank,evaluations/reruns/country_year_classification_20260630_211343/ukraine_2024/checkpoints_corrected/Ukraine_Privatbank_2024_4992178b88c3.json,7,3.0,7,7,3.0,0.0,0.0,21.0,3.0,0.2727272727272727
ukraine,2024,Privatbank,evaluations/reruns/country_year_classification_20260630_211343/ukraine_2024/checkpoints_corrected/Ukraine_Privatbank_2024_4992178b88c3.json,8,5.0,35,35,5.0,0.0,0.0,175.0,5.0,0.45454545454545453
ukraine,2024,Privatbank,evaluations/reruns/country_year_classification_20260630_211343/ukraine_2024/checkpoints_corrected/Ukraine_Privatbank_2024_4992178b88c3.json,9,4.0,19,19,4.0,0.0,0.0,76.0,4.0,0.36363636363636365
ukraine,2024,Privatbank,evaluations/reruns/country_year_classification_20260630_211343/ukraine_2024/checkpoints_corrected/Ukraine_Privatbank_2024_4992178b88c3.json,10,5.0,24,24,5.0,0.0,0.0,120.0,5.0,0.45454545454545453
ukraine,2024,Privatbank,evaluations/reruns/country_year_classification_20260630_211343/ukraine_2024/checkpoints_corrected/Ukraine_Privatbank_2024_4992178b88c3.json,11,3.0,4,4,3.0,0.0,0.0,12.0,3.0,0.2727272727272727
ukraine,2024,Privatbank,evaluations/reruns/country_year_classification_20260630_211343/ukraine_2024/checkpoints_corrected/Ukraine_Privatbank_2024_4992178b88c3.json,12,5.0,6,6,5.0,0.0,0.0,30.0,5.0,0.45454545454545453
ukraine,2024,Privatbank,evaluations/reruns/country_year_classification_20260630_211343/ukraine_2024/checkpoints_corrected/Ukraine_Privatbank_2024_4992178b88c3.json,13,5.0,8,8,5.0,0.0,0.0,40.0,5.0,0.45454545454545453
ukraine,2024,Privatbank,evaluations/reruns/country_year_classification_20260630_211343/ukraine_2024/checkpoints_corrected/Ukraine_Privatbank_2024_4992178b88c3.json,14,0.0,0,0,0.0,0.0,0.0,0.0,0.0,0.0
ukraine,2024,Privatbank,evaluations/reruns/country_year_classification_20260630_211343/ukraine_2024/checkpoints_corrected/Ukraine_Privatbank_2024_4992178b88c3.json,15,0.0,0,0,0.0,0.0,0.0,0.0,0.0,0.0
ukraine,2024,Privatbank,evaluations/reruns/country_year_classification_20260630_211343/ukraine_2024/checkpoints_corrected/Ukraine_Privatbank_2024_4992178b88c3.json,16,5.0,39,39,5.0,0.0,0.0,195.0,5.0,0.45454545454545453
ukraine,2024,Privatbank,evaluations/reruns/country_year_classification_20260630_211343/ukraine_2024/checkpoints_corrected/Ukraine_Privatbank_2024_4992178b88c3.json,17,3.0,23,23,3.0,0.0,0.0,69.0,3.0,0.2727272727272727
ukraine,2024,Raiffeisen Bank JSC,evaluations/reruns/country_year_classification_20260630_211343/ukraine_2024/checkpoints_corrected/Ukraine_Raiffeisen_Bank_JSC_2024_5fd57cbcbc94.json,1,4.0,12,12,4.0,0.0,0.0,48.0,4.0,0.3508771929824561
ukraine,2024,Raiffeisen Bank JSC,evaluations/reruns/country_year_classification_20260630_211343/ukraine_2024/checkpoints_corrected/Ukraine_Raiffeisen_Bank_JSC_2024_5fd57cbcbc94.json,2,3.0,10,10,3.0,0.0,0.0,30.0,3.0,0.2631578947368421
ukraine,2024,Raiffeisen Bank JSC,evaluations/reruns/country_year_classification_20260630_211343/ukraine_2024/checkpoints_corrected/Ukraine_Raiffeisen_Bank_JSC_2024_5fd57cbcbc94.json,3,5.0,15,15,5.0,0.0,0.0,75.0,5.0,0.43859649122807015
ukraine,2024,Raiffeisen Bank JSC,evaluations/reruns/country_year_classification_20260630_211343/ukraine_2024/checkpoints_corrected/Ukraine_Raiffeisen_Bank_JSC_2024_5fd57cbcbc94.json,4,4.5,14,14,4.5,0.0,0.0,63.0,4.5,0.39473684210526316
ukraine,2024,Raiffeisen Bank JSC,evaluations/reruns/country_year_classification_20260630_211343/ukraine_2024/checkpoints_corrected/Ukraine_Raiffeisen_Bank_JSC_2024_5fd57cbcbc94.json,5,3.0,6,6,3.0,0.0,0.0,18.0,3.0,0.2631578947368421
ukraine,2024,Raiffeisen Bank JSC,evaluations/reruns/country_year_classification_20260630_211343/ukraine_2024/checkpoints_corrected/Ukraine_Raiffeisen_Bank_JSC_2024_5fd57cbcbc94.json,6,1.5,1,0,0.0,0.0,0.0,0.0,0.0,0.0
ukraine,2024,Raiffeisen Bank JSC,evaluations/reruns/country_year_classification_20260630_211343/ukraine_2024/checkpoints_corrected/Ukraine_Raiffeisen_Bank_JSC_2024_5fd57cbcbc94.json,7,3.0,2,2,3.0,0.0,0.0,6.0,3.0,0.2631578947368421
ukraine,2024,Raiffeisen Bank JSC,evaluations/reruns/country_year_classification_20260630_211343/ukraine_2024/checkpoints_corrected/Ukraine_Raiffeisen_Bank_JSC_2024_5fd57cbcbc94.json,8,4.5,29,29,4.5,0.0,0.0,130.5,4.5,0.39473684210526316
ukraine,2024,Raiffeisen Bank JSC,evaluations/reruns/country_year_classification_20260630_211343/ukraine_2024/checkpoints_corrected/Ukraine_Raiffeisen_Bank_JSC_2024_5fd57cbcbc94.json,9,4.0,18,18,4.0,0.0,0.0,72.0,4.0,0.3508771929824561
ukraine,2024,Raiffeisen Bank JSC,evaluations/reruns/country_year_classification_20260630_211343/ukraine_2024/checkpoints_corrected/Ukraine_Raiffeisen_Bank_JSC_2024_5fd57cbcbc94.json,10,3.5,9,9,3.5,0.0,0.0,31.5,3.5,0.30701754385964913
ukraine,2024,Raiffeisen Bank JSC,evaluations/reruns/country_year_classification_20260630_211343/ukraine_2024/checkpoints_corrected/Ukraine_Raiffeisen_Bank_JSC_2024_5fd57cbcbc94.json,11,3.0,3,3,3.0,0.0,0.0,9.0,3.0,0.2631578947368421
ukraine,2024,Raiffeisen Bank JSC,evaluations/reruns/country_year_classification_20260630_211343/ukraine_2024/checkpoints_corrected/Ukraine_Raiffeisen_Bank_JSC_2024_5fd57cbcbc94.json,12,3.5,7,7,3.5,0.0,0.0,24.5,3.5,0.30701754385964913
ukraine,2024,Raiffeisen Bank JSC,evaluations/reruns/country_year_classification_20260630_211343/ukraine_2024/checkpoints_corrected/Ukraine_Raiffeisen_Bank_JSC_2024_5fd57cbcbc94.json,13,4.0,8,8,4.0,0.0,0.0,32.0,4.0,0.3508771929824561
ukraine,2024,Raiffeisen Bank JSC,evaluations/reruns/country_year_classification_20260630_211343/ukraine_2024/checkpoints_corrected/Ukraine_Raiffeisen_Bank_JSC_2024_5fd57cbcbc94.json,14,0.0,0,0,0.0,0.0,0.0,0.0,0.0,0.0
ukraine,2024,Raiffeisen Bank JSC,evaluations/reruns/country_year_classification_20260630_211343/ukraine_2024/checkpoints_corrected/Ukraine_Raiffeisen_Bank_JSC_2024_5fd57cbcbc94.json,15,3.0,3,3,3.0,0.0,0.0,9.0,3.0,0.2631578947368421
ukraine,2024,Raiffeisen Bank JSC,evaluations/reruns/country_year_classification_20260630_211343/ukraine_2024/checkpoints_corrected/Ukraine_Raiffeisen_Bank_JSC_2024_5fd57cbcbc94.json,16,5.0,14,14,5.0,0.0,0.0,70.0,5.0,0.43859649122807015
ukraine,2024,Raiffeisen Bank JSC,evaluations/reruns/country_year_classification_20260630_211343/ukraine_2024/checkpoints_corrected/Ukraine_Raiffeisen_Bank_JSC_2024_5fd57cbcbc94.json,17,4.0,14,14,4.0,0.0,0.0,56.0,4.0,0.3508771929824561
ukraine,2024,Sense Bank,evaluations/reruns/country_year_classification_20260630_211343/ukraine_2024/checkpoints_corrected/Ukraine_Sense_Bank_2024_33d90c40458f.json,1,4.0,4,4,4.0,0.0,0.0,16.0,4.0,0.41237113402061853
ukraine,2024,Sense Bank,evaluations/reruns/country_year_classification_20260630_211343/ukraine_2024/checkpoints_corrected/Ukraine_Sense_Bank_2024_33d90c40458f.json,2,2.0,2,0,0.0,0.0,0.0,0.0,0.0,0.0
ukraine,2024,Sense Bank,evaluations/reruns/country_year_classification_20260630_211343/ukraine_2024/checkpoints_corrected/Ukraine_Sense_Bank_2024_33d90c40458f.json,3,3.5,5,5,3.5,0.0,0.0,17.5,3.5,0.36082474226804123
ukraine,2024,Sense Bank,evaluations/reruns/country_year_classification_20260630_211343/ukraine_2024/checkpoints_corrected/Ukraine_Sense_Bank_2024_33d90c40458f.json,4,3.0,4,4,3.0,0.0,0.0,12.0,3.0,0.30927835051546393
ukraine,2024,Sense Bank,evaluations/reruns/country_year_classification_20260630_211343/ukraine_2024/checkpoints_corrected/Ukraine_Sense_Bank_2024_33d90c40458f.json,5,3.0,3,3,3.0,0.0,0.0,9.0,3.0,0.30927835051546393
ukraine,2024,Sense Bank,evaluations/reruns/country_year_classification_20260630_211343/ukraine_2024/checkpoints_corrected/Ukraine_Sense_Bank_2024_33d90c40458f.json,6,0.0,0,0,0.0,0.0,0.0,0.0,0.0,0.0
ukraine,2024,Sense Bank,evaluations/reruns/country_year_classification_20260630_211343/ukraine_2024/checkpoints_corrected/Ukraine_Sense_Bank_2024_33d90c40458f.json,7,4.0,6,6,4.0,0.0,0.0,24.0,4.0,0.41237113402061853
ukraine,2024,Sense Bank,evaluations/reruns/country_year_classification_20260630_211343/ukraine_2024/checkpoints_corrected/Ukraine_Sense_Bank_2024_33d90c40458f.json,8,5.0,20,20,5.0,0.0,0.0,100.0,5.0,0.5154639175257731
ukraine,2024,Sense Bank,evaluations/reruns/country_year_classification_20260630_211343/ukraine_2024/checkpoints_corrected/Ukraine_Sense_Bank_2024_33d90c40458f.json,9,4.0,11,11,4.0,0.0,0.0,44.0,4.0,0.41237113402061853
ukraine,2024,Sense Bank,evaluations/reruns/country_year_classification_20260630_211343/ukraine_2024/checkpoints_corrected/Ukraine_Sense_Bank_2024_33d90c40458f.json,10,3.0,6,6,3.0,0.0,0.0,18.0,3.0,0.30927835051546393
ukraine,2024,Sense Bank,evaluations/reruns/country_year_classification_20260630_211343/ukraine_2024/checkpoints_corrected/Ukraine_Sense_Bank_2024_33d90c40458f.json,11,3.0,6,6,3.0,0.0,0.0,18.0,3.0,0.30927835051546393
ukraine,2024,Sense Bank,evaluations/reruns/country_year_classification_20260630_211343/ukraine_2024/checkpoints_corrected/Ukraine_Sense_Bank_2024_33d90c40458f.json,12,3.0,4,4,3.0,0.0,0.0,12.0,3.0,0.30927835051546393
ukraine,2024,Sense Bank,evaluations/reruns/country_year_classification_20260630_211343/ukraine_2024/checkpoints_corrected/Ukraine_Sense_Bank_2024_33d90c40458f.json,13,4.0,5,5,4.0,0.0,0.0,20.0,4.0,0.41237113402061853
ukraine,2024,Sense Bank,evaluations/reruns/country_year_classification_20260630_211343/ukraine_2024/checkpoints_corrected/Ukraine_Sense_Bank_2024_33d90c40458f.json,14,0.0,0,0,0.0,0.0,0.0,0.0,0.0,0.0
ukraine,2024,Sense Bank,evaluations/reruns/country_year_classification_20260630_211343/ukraine_2024/checkpoints_corrected/Ukraine_Sense_Bank_2024_33d90c40458f.json,15,2.0,1,0,0.0,0.0,0.0,0.0,0.0,0.0
ukraine,2024,Sense Bank,evaluations/reruns/country_year_classification_20260630_211343/ukraine_2024/checkpoints_corrected/Ukraine_Sense_Bank_2024_33d90c40458f.json,16,5.0,24,24,5.0,0.0,0.0,120.0,5.0,0.5154639175257731
ukraine,2024,Sense Bank,evaluations/reruns/country_year_classification_20260630_211343/ukraine_2024/checkpoints_corrected/Ukraine_Sense_Bank_2024_33d90c40458f.json,17,4.0,9,9,4.0,0.0,0.0,36.0,4.0,0.41237113402061853
ukraine,2024,Tascombank,evaluations/reruns/country_year_classification_20260630_211343/ukraine_2024/checkpoints_corrected/Ukraine_Tascombank_2024_ef6fc058532d.json,1,0.0,0,0,0.0,0.0,0.0,0.0,0.0,0.0
ukraine,2024,Tascombank,evaluations/reruns/country_year_classification_20260630_211343/ukraine_2024/checkpoints_corrected/Ukraine_Tascombank_2024_ef6fc058532d.json,2,1.0,1,0,0.0,0.0,0.0,0.0,0.0,0.0
ukraine,2024,Tascombank,evaluations/reruns/country_year_classification_20260630_211343/ukraine_2024/checkpoints_corrected/Ukraine_Tascombank_2024_ef6fc058532d.json,3,1.0,1,0,0.0,0.0,0.0,0.0,0.0,0.0
ukraine,2024,Tascombank,evaluations/reruns/country_year_classification_20260630_211343/ukraine_2024/checkpoints_corrected/Ukraine_Tascombank_2024_ef6fc058532d.json,4,3.0,4,4,3.0,0.0,0.0,12.0,3.0,0.6666666666666666
ukraine,2024,Tascombank,evaluations/reruns/country_year_classification_20260630_211343/ukraine_2024/checkpoints_corrected/Ukraine_Tascombank_2024_ef6fc058532d.json,5,0.0,0,0,0.0,0.0,0.0,0.0,0.0,0.0
ukraine,2024,Tascombank,evaluations/reruns/country_year_classification_20260630_211343/ukraine_2024/checkpoints_corrected/Ukraine_Tascombank_2024_ef6fc058532d.json,6,1.0,1,0,0.0,0.0,0.0,0.0,0.0,0.0
ukraine,2024,Tascombank,evaluations/reruns/country_year_classification_20260630_211343/ukraine_2024/checkpoints_corrected/Ukraine_Tascombank_2024_ef6fc058532d.json,7,1.0,1,0,0.0,0.0,0.0,0.0,0.0,0.0
ukraine,2024,Tascombank,evaluations/reruns/country_year_classification_20260630_211343/ukraine_2024/checkpoints_corrected/Ukraine_Tascombank_2024_ef6fc058532d.json,8,4.5,25,25,4.5,0.0,0.0,112.5,4.5,1.0
ukraine,2024,Tascombank,evaluations/reruns/country_year_classification_20260630_211343/ukraine_2024/checkpoints_corrected/Ukraine_Tascombank_2024_ef6fc058532d.json,9,4.0,10,10,4.0,0.0,0.0,40.0,4.0,0.8888888888888888
ukraine,2024,Tascombank,evaluations/reruns/country_year_classification_20260630_211343/ukraine_2024/checkpoints_corrected/Ukraine_Tascombank_2024_ef6fc058532d.json,10,0.0,0,0,0.0,0.0,0.0,0.0,0.0,0.0
ukraine,2024,Tascombank,evaluations/reruns/country_year_classification_20260630_211343/ukraine_2024/checkpoints_corrected/Ukraine_Tascombank_2024_ef6fc058532d.json,11,1.0,1,0,0.0,0.0,0.0,0.0,0.0,0.0
ukraine,2024,Tascombank,evaluations/reruns/country_year_classification_20260630_211343/ukraine_2024/checkpoints_corrected/Ukraine_Tascombank_2024_ef6fc058532d.json,12,2.0,3,0,0.0,0.0,0.0,0.0,0.0,0.0
ukraine,2024,Tascombank,evaluations/reruns/country_year_classification_20260630_211343/ukraine_2024/checkpoints_corrected/Ukraine_Tascombank_2024_ef6fc058532d.json,13,3.0,2,2,3.0,0.0,0.0,6.0,3.0,0.6666666666666666
ukraine,2024,Tascombank,evaluations/reruns/country_year_classification_20260630_211343/ukraine_2024/checkpoints_corrected/Ukraine_Tascombank_2024_ef6fc058532d.json,14,0.0,0,0,0.0,0.0,0.0,0.0,0.0,0.0
ukraine,2024,Tascombank,evaluations/reruns/country_year_classification_20260630_211343/ukraine_2024/checkpoints_corrected/Ukraine_Tascombank_2024_ef6fc058532d.json,15,0.0,0,0,0.0,0.0,0.0,0.0,0.0,0.0
ukraine,2024,Tascombank,evaluations/reruns/country_year_classification_20260630_211343/ukraine_2024/checkpoints_corrected/Ukraine_Tascombank_2024_ef6fc058532d.json,16,5.0,24,24,5.0,0.0,0.0,120.0,5.0,1.1111111111111112
ukraine,2024,Tascombank,evaluations/reruns/country_year_classification_20260630_211343/ukraine_2024/checkpoints_corrected/Ukraine_Tascombank_2024_ef6fc058532d.json,17,3.0,9,9,3.0,0.0,0.0,27.0,3.0,0.6666666666666666
ukraine,2024,Ukreximbank,evaluations/reruns/country_year_classification_20260630_211343/ukraine_2024/checkpoints_corrected/Ukraine_Ukreximbank_2024_65db74042185.json,1,0.0,0,0,0.0,0.0,0.0,0.0,0.0,0.0
ukraine,2024,Ukreximbank,evaluations/reruns/country_year_classification_20260630_211343/ukraine_2024/checkpoints_corrected/Ukraine_Ukreximbank_2024_65db74042185.json,2,0.0,0,0,0.0,0.0,0.0,0.0,0.0,0.0
ukraine,2024,Ukreximbank,evaluations/reruns/country_year_classification_20260630_211343/ukraine_2024/checkpoints_corrected/Ukraine_Ukreximbank_2024_65db74042185.json,3,3.0,3,3,3.0,0.0,0.0,9.0,3.0,0.5
ukraine,2024,Ukreximbank,evaluations/reruns/country_year_classification_20260630_211343/ukraine_2024/checkpoints_corrected/Ukraine_Ukreximbank_2024_65db74042185.json,4,4.0,1,1,4.0,0.0,0.0,4.0,4.0,0.6666666666666666
ukraine,2024,Ukreximbank,evaluations/reruns/country_year_classification_20260630_211343/ukraine_2024/checkpoints_corrected/Ukraine_Ukreximbank_2024_65db74042185.json,5,4.0,2,2,4.0,0.0,0.0,8.0,4.0,0.6666666666666666
ukraine,2024,Ukreximbank,evaluations/reruns/country_year_classification_20260630_211343/ukraine_2024/checkpoints_corrected/Ukraine_Ukreximbank_2024_65db74042185.json,6,0.0,0,0,0.0,0.0,0.0,0.0,0.0,0.0
ukraine,2024,Ukreximbank,evaluations/reruns/country_year_classification_20260630_211343/ukraine_2024/checkpoints_corrected/Ukraine_Ukreximbank_2024_65db74042185.json,7,3.0,4,4,3.0,0.0,0.0,12.0,3.0,0.5
ukraine,2024,Ukreximbank,evaluations/reruns/country_year_classification_20260630_211343/ukraine_2024/checkpoints_corrected/Ukraine_Ukreximbank_2024_65db74042185.json,8,4.0,12,12,4.0,0.0,0.0,48.0,4.0,0.6666666666666666
ukraine,2024,Ukreximbank,evaluations/reruns/country_year_classification_20260630_211343/ukraine_2024/checkpoints_corrected/Ukraine_Ukreximbank_2024_65db74042185.json,9,4.0,13,13,4.0,0.0,0.0,52.0,4.0,0.6666666666666666
ukraine,2024,Ukreximbank,evaluations/reruns/country_year_classification_20260630_211343/ukraine_2024/checkpoints_corrected/Ukraine_Ukreximbank_2024_65db74042185.json,10,2.0,1,0,0.0,0.0,0.0,0.0,0.0,0.0
ukraine,2024,Ukreximbank,evaluations/reruns/country_year_classification_20260630_211343/ukraine_2024/checkpoints_corrected/Ukraine_Ukreximbank_2024_65db74042185.json,11,0.0,0,0,0.0,0.0,0.0,0.0,0.0,0.0
ukraine,2024,Ukreximbank,evaluations/reruns/country_year_classification_20260630_211343/ukraine_2024/checkpoints_corrected/Ukraine_Ukreximbank_2024_65db74042185.json,12,2.0,1,0,0.0,0.0,0.0,0.0,0.0,0.0
ukraine,2024,Ukreximbank,evaluations/reruns/country_year_classification_20260630_211343/ukraine_2024/checkpoints_corrected/Ukraine_Ukreximbank_2024_65db74042185.json,13,2.0,2,0,0.0,0.0,0.0,0.0,0.0,0.0
ukraine,2024,Ukreximbank,evaluations/reruns/country_year_classification_20260630_211343/ukraine_2024/checkpoints_corrected/Ukraine_Ukreximbank_2024_65db74042185.json,14,0.0,0,0,0.0,0.0,0.0,0.0,0.0,0.0
ukraine,2024,Ukreximbank,evaluations/reruns/country_year_classification_20260630_211343/ukraine_2024/checkpoints_corrected/Ukraine_Ukreximbank_2024_65db74042185.json,15,0.0,0,0,0.0,0.0,0.0,0.0,0.0,0.0
ukraine,2024,Ukreximbank,evaluations/reruns/country_year_classification_20260630_211343/ukraine_2024/checkpoints_corrected/Ukraine_Ukreximbank_2024_65db74042185.json,16,5.0,17,17,5.0,0.0,0.0,85.0,5.0,0.8333333333333334
ukraine,2024,Ukreximbank,evaluations/reruns/country_year_classification_20260630_211343/ukraine_2024/checkpoints_corrected/Ukraine_Ukreximbank_2024_65db74042185.json,17,3.0,6,6,3.0,0.0,0.0,18.0,3.0,0.5
ukraine,2024,Ukrgazbank,evaluations/reruns/country_year_classification_20260630_211343/ukraine_2024/checkpoints_corrected/Ukraine_Ukrgazbank_2024_16e4f0ce2ada.json,1,2.0,3,0,0.0,0.0,0.0,0.0,0.0,0.0
ukraine,2024,Ukrgazbank,evaluations/reruns/country_year_classification_20260630_211343/ukraine_2024/checkpoints_corrected/Ukraine_Ukrgazbank_2024_16e4f0ce2ada.json,2,3.0,3,3,3.0,0.0,0.0,9.0,3.0,0.32967032967032966
ukraine,2024,Ukrgazbank,evaluations/reruns/country_year_classification_20260630_211343/ukraine_2024/checkpoints_corrected/Ukraine_Ukrgazbank_2024_16e4f0ce2ada.json,3,3.0,4,4,3.0,0.0,0.0,12.0,3.0,0.32967032967032966
ukraine,2024,Ukrgazbank,evaluations/reruns/country_year_classification_20260630_211343/ukraine_2024/checkpoints_corrected/Ukraine_Ukrgazbank_2024_16e4f0ce2ada.json,4,2.0,5,0,0.0,0.0,0.0,0.0,0.0,0.0
ukraine,2024,Ukrgazbank,evaluations/reruns/country_year_classification_20260630_211343/ukraine_2024/checkpoints_corrected/Ukraine_Ukrgazbank_2024_16e4f0ce2ada.json,5,3.0,4,4,3.0,0.0,0.0,12.0,3.0,0.32967032967032966
ukraine,2024,Ukrgazbank,evaluations/reruns/country_year_classification_20260630_211343/ukraine_2024/checkpoints_corrected/Ukraine_Ukrgazbank_2024_16e4f0ce2ada.json,6,2.0,1,0,0.0,0.0,0.0,0.0,0.0,0.0
ukraine,2024,Ukrgazbank,evaluations/reruns/country_year_classification_20260630_211343/ukraine_2024/checkpoints_corrected/Ukraine_Ukrgazbank_2024_16e4f0ce2ada.json,7,5.0,10,10,5.0,0.0,0.0,50.0,5.0,0.5494505494505495
ukraine,2024,Ukrgazbank,evaluations/reruns/country_year_classification_20260630_211343/ukraine_2024/checkpoints_corrected/Ukraine_Ukrgazbank_2024_16e4f0ce2ada.json,8,3.5,21,21,3.5,0.0,0.0,73.5,3.5,0.38461538461538464
ukraine,2024,Ukrgazbank,evaluations/reruns/country_year_classification_20260630_211343/ukraine_2024/checkpoints_corrected/Ukraine_Ukrgazbank_2024_16e4f0ce2ada.json,9,4.0,13,13,4.0,0.0,0.0,52.0,4.0,0.43956043956043955
ukraine,2024,Ukrgazbank,evaluations/reruns/country_year_classification_20260630_211343/ukraine_2024/checkpoints_corrected/Ukraine_Ukrgazbank_2024_16e4f0ce2ada.json,10,3.0,5,5,3.0,0.0,0.0,15.0,3.0,0.32967032967032966
ukraine,2024,Ukrgazbank,evaluations/reruns/country_year_classification_20260630_211343/ukraine_2024/checkpoints_corrected/Ukraine_Ukrgazbank_2024_16e4f0ce2ada.json,11,4.0,5,5,4.0,0.0,0.0,20.0,4.0,0.43956043956043955
ukraine,2024,Ukrgazbank,evaluations/reruns/country_year_classification_20260630_211343/ukraine_2024/checkpoints_corrected/Ukraine_Ukrgazbank_2024_16e4f0ce2ada.json,12,4.0,6,6,4.0,0.0,0.0,24.0,4.0,0.43956043956043955
ukraine,2024,Ukrgazbank,evaluations/reruns/country_year_classification_20260630_211343/ukraine_2024/checkpoints_corrected/Ukraine_Ukrgazbank_2024_16e4f0ce2ada.json,13,4.0,8,8,4.0,0.0,0.0,32.0,4.0,0.43956043956043955
ukraine,2024,Ukrgazbank,evaluations/reruns/country_year_classification_20260630_211343/ukraine_2024/checkpoints_corrected/Ukraine_Ukrgazbank_2024_16e4f0ce2ada.json,14,0.0,0,0,0.0,0.0,0.0,0.0,0.0,0.0
ukraine,2024,Ukrgazbank,evaluations/reruns/country_year_classification_20260630_211343/ukraine_2024/checkpoints_corrected/Ukraine_Ukrgazbank_2024_16e4f0ce2ada.json,15,2.0,1,0,0.0,0.0,0.0,0.0,0.0,0.0
ukraine,2024,Ukrgazbank,evaluations/reruns/country_year_classification_20260630_211343/ukraine_2024/checkpoints_corrected/Ukraine_Ukrgazbank_2024_16e4f0ce2ada.json,16,5.0,33,33,5.0,0.0,0.0,165.0,5.0,0.5494505494505495
ukraine,2024,Ukrgazbank,evaluations/reruns/country_year_classification_20260630_211343/ukraine_2024/checkpoints_corrected/Ukraine_Ukrgazbank_2024_16e4f0ce2ada.json,17,4.0,13,13,4.0,0.0,0.0,52.0,4.0,0.43956043956043955
ukraine,2024,Ukrsibbank,evaluations/reruns/country_year_classification_20260630_211343/ukraine_2024/checkpoints_corrected/Ukraine_Ukrsibbank_2024_4b92be1e0732.json,1,2.0,2,0,0.0,0.0,0.0,0.0,0.0,0.0
ukraine,2024,Ukrsibbank,evaluations/reruns/country_year_classification_20260630_211343/ukraine_2024/checkpoints_corrected/Ukraine_Ukrsibbank_2024_4b92be1e0732.json,2,0.0,0,0,0.0,0.0,0.0,0.0,0.0,0.0
ukraine,2024,Ukrsibbank,evaluations/reruns/country_year_classification_20260630_211343/ukraine_2024/checkpoints_corrected/Ukraine_Ukrsibbank_2024_4b92be1e0732.json,3,2.5,2,0,0.0,0.0,0.0,0.0,0.0,0.0
ukraine,2024,Ukrsibbank,evaluations/reruns/country_year_classification_20260630_211343/ukraine_2024/checkpoints_corrected/Ukraine_Ukrsibbank_2024_4b92be1e0732.json,4,2.0,2,0,0.0,0.0,0.0,0.0,0.0,0.0
ukraine,2024,Ukrsibbank,evaluations/reruns/country_year_classification_20260630_211343/ukraine_2024/checkpoints_corrected/Ukraine_Ukrsibbank_2024_4b92be1e0732.json,5,3.0,6,6,3.0,0.0,0.0,18.0,3.0,0.46153846153846156
ukraine,2024,Ukrsibbank,evaluations/reruns/country_year_classification_20260630_211343/ukraine_2024/checkpoints_corrected/Ukraine_Ukrsibbank_2024_4b92be1e0732.json,6,0.0,0,0,0.0,0.0,0.0,0.0,0.0,0.0
ukraine,2024,Ukrsibbank,evaluations/reruns/country_year_classification_20260630_211343/ukraine_2024/checkpoints_corrected/Ukraine_Ukrsibbank_2024_4b92be1e0732.json,7,4.0,8,8,4.0,0.0,0.0,32.0,4.0,0.6153846153846154
ukraine,2024,Ukrsibbank,evaluations/reruns/country_year_classification_20260630_211343/ukraine_2024/checkpoints_corrected/Ukraine_Ukrsibbank_2024_4b92be1e0732.json,8,3.5,12,12,3.5,0.0,0.0,42.0,3.5,0.5384615384615384
ukraine,2024,Ukrsibbank,evaluations/reruns/country_year_classification_20260630_211343/ukraine_2024/checkpoints_corrected/Ukraine_Ukrsibbank_2024_4b92be1e0732.json,9,4.5,12,12,4.5,0.0,0.0,54.0,4.5,0.6923076923076923
ukraine,2024,Ukrsibbank,evaluations/reruns/country_year_classification_20260630_211343/ukraine_2024/checkpoints_corrected/Ukraine_Ukrsibbank_2024_4b92be1e0732.json,10,3.0,2,2,3.0,0.0,0.0,6.0,3.0,0.46153846153846156
ukraine,2024,Ukrsibbank,evaluations/reruns/country_year_classification_20260630_211343/ukraine_2024/checkpoints_corrected/Ukraine_Ukrsibbank_2024_4b92be1e0732.json,11,3.5,4,4,3.5,0.0,0.0,14.0,3.5,0.5384615384615384
ukraine,2024,Ukrsibbank,evaluations/reruns/country_year_classification_20260630_211343/ukraine_2024/checkpoints_corrected/Ukraine_Ukrsibbank_2024_4b92be1e0732.json,12,3.0,5,5,3.0,0.0,0.0,15.0,3.0,0.46153846153846156
ukraine,2024,Ukrsibbank,evaluations/reruns/country_year_classification_20260630_211343/ukraine_2024/checkpoints_corrected/Ukraine_Ukrsibbank_2024_4b92be1e0732.json,13,3.0,6,6,3.0,0.0,0.0,18.0,3.0,0.46153846153846156
ukraine,2024,Ukrsibbank,evaluations/reruns/country_year_classification_20260630_211343/ukraine_2024/checkpoints_corrected/Ukraine_Ukrsibbank_2024_4b92be1e0732.json,14,0.0,0,0,0.0,0.0,0.0,0.0,0.0,0.0
ukraine,2024,Ukrsibbank,evaluations/reruns/country_year_classification_20260630_211343/ukraine_2024/checkpoints_corrected/Ukraine_Ukrsibbank_2024_4b92be1e0732.json,15,0.0,0,0,0.0,0.0,0.0,0.0,0.0,0.0
ukraine,2024,Ukrsibbank,evaluations/reruns/country_year_classification_20260630_211343/ukraine_2024/checkpoints_corrected/Ukraine_Ukrsibbank_2024_4b92be1e0732.json,16,5.0,14,14,5.0,0.0,0.0,70.0,5.0,0.7692307692307693
ukraine,2024,Ukrsibbank,evaluations/reruns/country_year_classification_20260630_211343/ukraine_2024/checkpoints_corrected/Ukraine_Ukrsibbank_2024_4b92be1e0732.json,17,2.5,7,0,0.0,0.0,0.0,0.0,0.0,0.0
