country,year,bank,source_checkpoint,section,index,amount_eur,evidence,page_numbers,relevant_sdgs,construct_type,original_score_eligible,original_inclusion_policy,original_exclusion_reason,legacy_eligible,primary_eligible,approved_amount_eur,approved_relevant_sdgs,source_adjudication_reason,impacted_by_strict_undrawn_exclusion,primary_exclusion_reason,credit_limit_evidence_requires_separate_adjudication
finland,2019,Aktia Pankki,evaluations/reruns/country_year_classification_20260630_211343/finland_2019/checkpoints_corrected/Finland_Aktia_Pankki_2019_c444aa324027.json,keyword_categories,0,11850.0,"the Centre for Economic Development, Transport and the Environment paid a grant of EUR 11,850 to support the project.",[52],[],narrative_only,False,excluded,excluded_construct:narrative_only,False,False,0.0,[],not_in_positive_claim_review,False,cached_score_eligible_false;cached_inclusion_policy:excluded,False
finland,2019,Aktia Pankki,evaluations/reruns/country_year_classification_20260630_211343/finland_2019/checkpoints_corrected/Finland_Aktia_Pankki_2019_c444aa324027.json,keyword_categories,1,11850.0,"the Environment paid a grant of EUR 11,850 to support the project.",[52],[],facilitated_sustainable_finance,False,excluded,duplicate_collapsed:kept_keyword_categories[0],False,False,0.0,[],not_in_positive_claim_review,False,cached_score_eligible_false;cached_inclusion_policy:excluded,False
finland,2019,Aktia Pankki,evaluations/reruns/country_year_classification_20260630_211343/finland_2019/checkpoints_corrected/Finland_Aktia_Pankki_2019_c444aa324027.json,investment_instruments,0,60601795.0,"Green bonds 16.67% 60,601,795€",[90],[],disclosed_sdg_linked_finance,False,gross_context_only,missing_sdg_linkage,False,False,0.0,[],not_in_positive_claim_review,False,cached_score_eligible_false;cached_inclusion_policy:gross_context_only,False
finland,2019,Aktia Pankki,evaluations/reruns/country_year_classification_20260630_211343/finland_2019/checkpoints_corrected/Finland_Aktia_Pankki_2019_c444aa324027.json,investment_instruments,1,7492158.0,"SDG-linked bonds 1 2.06% 7,492,158€",[90],[],disclosed_sdg_linked_finance,False,gross_context_only,missing_sdg_linkage,False,False,0.0,[],not_in_positive_claim_review,False,cached_score_eligible_false;cached_inclusion_policy:gross_context_only,False
finland,2019,Aktia Pankki,evaluations/reruns/country_year_classification_20260630_211343/finland_2019/checkpoints_corrected/Finland_Aktia_Pankki_2019_c444aa324027.json,investment_instruments,2,1004280.0,"SDG-linked bonds 1 0.34% 1,004,280€",[90],[],disclosed_sdg_linked_finance,False,gross_context_only,missing_sdg_linkage,False,False,0.0,[],not_in_positive_claim_review,False,cached_score_eligible_false;cached_inclusion_policy:gross_context_only,False
finland,2019,Aktia Pankki,evaluations/reruns/country_year_classification_20260630_211343/finland_2019/checkpoints_corrected/Finland_Aktia_Pankki_2019_c444aa324027.json,investment_instruments,3,7492158.0,"SDG-linked bonds 1 2.06% 7,492,158€",[90],[],disclosed_sdg_linked_finance,False,excluded,duplicate_collapsed:kept_investment_instruments[1],False,False,0.0,[],not_in_positive_claim_review,False,cached_score_eligible_false;cached_inclusion_policy:excluded,False
finland,2019,Aktia Pankki,evaluations/reruns/country_year_classification_20260630_211343/finland_2019/checkpoints_corrected/Finland_Aktia_Pankki_2019_c444aa324027.json,investment_instruments,4,1004280.0,"SDG-linked bonds 1 0.34% 1,004,280€",[90],[],disclosed_sdg_linked_finance,False,excluded,duplicate_collapsed:kept_investment_instruments[2],False,False,0.0,[],not_in_positive_claim_review,False,cached_score_eligible_false;cached_inclusion_policy:excluded,False
finland,2019,Danske Bank,evaluations/reruns/country_year_classification_20260630_211343/finland_2019/checkpoints_corrected/Finland_Danske_Bank_2019_eb253047513f.json,investment_instruments,0,401520000.0,…the European Investment Bank’s inaugural DKK 3 billion Climate Awareness Bond (the largest green bond in Danish kroner to date)…,[52],[],disclosed_sdg_linked_finance,False,gross_context_only,missing_sdg_linkage,False,False,0.0,[],not_in_positive_claim_review,False,cached_score_eligible_false;cached_inclusion_policy:gross_context_only,False
finland,2019,Danske Bank,evaluations/reruns/country_year_classification_20260630_211343/finland_2019/checkpoints_corrected/Finland_Danske_Bank_2019_eb253047513f.json,investment_instruments,1,108678080.0,"In 2019, Realkredit Danmark issued bonds under the Group’s green bond framework with a nominal value of DKK 812 million outstanding at the end of 2019.",[138],[],disclosed_sdg_linked_finance,False,gross_context_only,missing_sdg_linkage,False,False,0.0,[],not_in_positive_claim_review,False,cached_score_eligible_false;cached_inclusion_policy:gross_context_only,False
finland,2019,Danske Bank,evaluations/reruns/country_year_classification_20260630_211343/finland_2019/checkpoints_corrected/Finland_Danske_Bank_2019_eb253047513f.json,investment_instruments,2,500000000.0,"In March 2019, the Group issued non-preferred senior bonds in accordance with the Group’s green bond framework with a nominal value of EUR 500 million (DKK 3,735 million).",[140],[],disclosed_sdg_linked_finance,False,gross_context_only,missing_sdg_linkage,False,False,0.0,[],not_in_positive_claim_review,False,cached_score_eligible_false;cached_inclusion_policy:gross_context_only,False
finland,2019,Nordea Bank,evaluations/reruns/country_year_classification_20260630_211343/finland_2019/checkpoints_corrected/Finland_Nordea_Bank_2019_d46b794443cd.json,investment_instruments,0,3471663000.0,USD 3.9bn in 2019 in apportioned deal value for green bonds,[11],[],disclosed_sdg_linked_finance,False,gross_context_only,missing_sdg_linkage,False,False,0.0,[],not_in_positive_claim_review,False,cached_score_eligible_false;cached_inclusion_policy:gross_context_only,False
finland,2020,Bonum Pankki,evaluations/reruns/country_year_classification_20260630_211343/finland_2020/checkpoints_corrected/Finland_Bonum_Pankki_2020_a3676084b43e.json,keyword_categories,0,300000.0,"The donations and grants provided by the POP Bank Group totalled around EUR 300,000 in 2020.",[24],[],narrative_only,False,excluded,excluded_construct:narrative_only,False,False,0.0,[],not_in_positive_claim_review,False,cached_score_eligible_false;cached_inclusion_policy:excluded,False
finland,2020,Danske Bank,evaluations/reruns/country_year_classification_20260630_211343/finland_2020/checkpoints_corrected/Finland_Danske_Bank_2020_55763a821214.json,keyword_categories,0,13707780000.0,"We have seen strong progress on sustainable finance, communication with customers and other stakeholders. with green loans and bonds reaching a volume of DKK 102 billion...",[8],[],disclosed_sdg_linked_finance,False,gross_context_only,missing_sdg_linkage,False,False,0.0,[],not_in_positive_claim_review,False,cached_score_eligible_false;cached_inclusion_policy:gross_context_only,False
finland,2020,Danske Bank,evaluations/reruns/country_year_classification_20260630_211343/finland_2020/checkpoints_corrected/Finland_Danske_Bank_2020_55763a821214.json,keyword_categories,1,3628530000.0,with green loans and bonds reaching a volume of DKK 102 billion and green investments a volume of DKK 27 billion.,[8],[],disclosed_sdg_linked_finance,False,gross_context_only,missing_sdg_linkage,False,False,0.0,[],not_in_positive_claim_review,False,cached_score_eligible_false;cached_inclusion_policy:gross_context_only,False
finland,2020,Danske Bank,evaluations/reruns/country_year_classification_20260630_211343/finland_2020/checkpoints_corrected/Finland_Danske_Bank_2020_55763a821214.json,keyword_categories,2,13707780000.0,DKK 102 billion since 2019 … provision of DKK 102 billion in sustainable financing by the Group,"[16, 17]",[],gross_sustainable_finance,False,gross_context_only,context_construct:gross_sustainable_finance,False,False,0.0,[],not_in_positive_claim_review,False,cached_score_eligible_false;cached_inclusion_policy:gross_context_only,False
finland,2020,Danske Bank,evaluations/reruns/country_year_classification_20260630_211343/finland_2020/checkpoints_corrected/Finland_Danske_Bank_2020_55763a821214.json,keyword_categories,3,3628530000.0,DKK 27 billion since 2019,[16],[],gross_sustainable_finance,False,gross_context_only,context_construct:gross_sustainable_finance,False,False,0.0,[],not_in_positive_claim_review,False,cached_score_eligible_false;cached_inclusion_policy:gross_context_only,False
finland,2020,Danske Bank,evaluations/reruns/country_year_classification_20260630_211343/finland_2020/checkpoints_corrected/Finland_Danske_Bank_2020_55763a821214.json,keyword_categories,4,4031700000.0,DKK 30 billion investments in the green transition,[16],[],target,False,excluded,excluded_construct:target,False,False,0.0,[],not_in_positive_claim_review,False,cached_score_eligible_false;cached_inclusion_policy:excluded,False
finland,2020,Danske Bank,evaluations/reruns/country_year_classification_20260630_211343/finland_2020/checkpoints_corrected/Finland_Danske_Bank_2020_55763a821214.json,keyword_categories,5,3655408000.0,DKK 27.2 billion,[17],[],gross_sustainable_finance,False,gross_context_only,context_construct:gross_sustainable_finance,False,False,0.0,[],not_in_positive_claim_review,False,cached_score_eligible_false;cached_inclusion_policy:gross_context_only,False
finland,2020,Danske Bank,evaluations/reruns/country_year_classification_20260630_211343/finland_2020/checkpoints_corrected/Finland_Danske_Bank_2020_55763a821214.json,keyword_categories,6,1384217000.0,DKK 10.3 billion,[17],[],gross_sustainable_finance,False,gross_context_only,context_construct:gross_sustainable_finance,False,False,0.0,[],not_in_positive_claim_review,False,cached_score_eligible_false;cached_inclusion_policy:gross_context_only,False
finland,2020,Danske Bank,evaluations/reruns/country_year_classification_20260630_211343/finland_2020/checkpoints_corrected/Finland_Danske_Bank_2020_55763a821214.json,keyword_categories,7,13439000000.0,DKK 100 billion by 2030,[17],[],target,False,excluded,excluded_construct:target,False,False,0.0,[],not_in_positive_claim_review,False,cached_score_eligible_false;cached_inclusion_policy:excluded,False
finland,2020,Danske Bank,evaluations/reruns/country_year_classification_20260630_211343/finland_2020/checkpoints_corrected/Finland_Danske_Bank_2020_55763a821214.json,keyword_categories,8,4031700000.0,…already reached more than two thirds of our ambition of DKK 30 billion in green investments…,[12],[],gross_sustainable_finance,False,gross_context_only,context_construct:gross_sustainable_finance,False,False,0.0,[],not_in_positive_claim_review,False,cached_score_eligible_false;cached_inclusion_policy:gross_context_only,False
finland,2020,Danske Bank,evaluations/reruns/country_year_classification_20260630_211343/finland_2020/checkpoints_corrected/Finland_Danske_Bank_2020_55763a821214.json,keyword_categories,9,77946200.0,the solution attracted investments of DKK 580 million,[59],[],disclosed_sdg_linked_finance,False,gross_context_only,missing_sdg_linkage,False,False,0.0,[],not_in_positive_claim_review,False,cached_score_eligible_false;cached_inclusion_policy:gross_context_only,False
finland,2020,Danske Bank,evaluations/reruns/country_year_classification_20260630_211343/finland_2020/checkpoints_corrected/Finland_Danske_Bank_2020_55763a821214.json,keyword_categories,10,6117925000.0,the GBP 5.5 billion project financing for the first two phases (2.4GW) of the Dogger Bank offshore wind farm,[55],[],narrative_only,False,excluded,excluded_construct:narrative_only,False,False,0.0,[],not_in_positive_claim_review,False,cached_score_eligible_false;cached_inclusion_policy:excluded,False
finland,2020,Danske Bank,evaluations/reruns/country_year_classification_20260630_211343/finland_2020/checkpoints_corrected/Finland_Danske_Bank_2020_55763a821214.json,investment_instruments,0,13707780000.0,with green loans and bonds reaching a volume of DKK 102 billion...,[8],[],disclosed_sdg_linked_finance,False,gross_context_only,missing_sdg_linkage,False,False,0.0,[],not_in_positive_claim_review,False,cached_score_eligible_false;cached_inclusion_policy:gross_context_only,False
finland,2020,Danske Bank,evaluations/reruns/country_year_classification_20260630_211343/finland_2020/checkpoints_corrected/Finland_Danske_Bank_2020_55763a821214.json,investment_instruments,1,1276705000.0,green mortgage bond lending had reached a volume of around DKK 9.5 billion,[44],"[7, 13]",disclosed_sdg_linked_finance,True,linked_scored,,True,False,0.0,"[7, 13]",year_end_portfolio_stock,False,year_end_portfolio_stock,False
finland,2020,Danske Bank,evaluations/reruns/country_year_classification_20260630_211343/finland_2020/checkpoints_corrected/Finland_Danske_Bank_2020_55763a821214.json,investment_instruments,2,13707780000.0,provision of DKK 102 billion in sustainable financing by the Group,[17],[],gross_sustainable_finance,False,excluded,duplicate_collapsed:kept_keyword_categories[2],False,False,0.0,[],not_in_positive_claim_review,False,cached_score_eligible_false;cached_inclusion_policy:excluded,False
finland,2020,Danske Bank,evaluations/reruns/country_year_classification_20260630_211343/finland_2020/checkpoints_corrected/Finland_Danske_Bank_2020_55763a821214.json,investment_instruments,3,13439000000.0,…the volume of green loans and bonds has surpassed DKK 100 billion…,[12],[],gross_sustainable_finance,False,gross_context_only,context_construct:gross_sustainable_finance,False,False,0.0,[],not_in_positive_claim_review,False,cached_score_eligible_false;cached_inclusion_policy:gross_context_only,False
finland,2020,Danske Bank,evaluations/reruns/country_year_classification_20260630_211343/finland_2020/checkpoints_corrected/Finland_Danske_Bank_2020_55763a821214.json,investment_instruments,4,6000000000.0,an EUR 6 billion senior unsecured bond for the Federal Republic of Germany,[55],[],narrative_only,False,excluded,excluded_construct:narrative_only,False,False,0.0,[],not_in_positive_claim_review,False,cached_score_eligible_false;cached_inclusion_policy:excluded,False
finland,2020,Danske Bank,evaluations/reruns/country_year_classification_20260630_211343/finland_2020/checkpoints_corrected/Finland_Danske_Bank_2020_55763a821214.json,investment_instruments,5,1993200000.0,its inaugural SEK 20 billion Green Bond issue,[55],[],narrative_only,False,excluded,excluded_construct:narrative_only,False,False,0.0,[],not_in_positive_claim_review,False,cached_score_eligible_false;cached_inclusion_policy:excluded,False
finland,2020,Danske Bank,evaluations/reruns/country_year_classification_20260630_211343/finland_2020/checkpoints_corrected/Finland_Danske_Bank_2020_55763a821214.json,investment_instruments,6,500000000.0,a Fixed Rate EUR 500 million Green Bond for SBAB Bank,[55],[],narrative_only,False,excluded,excluded_construct:narrative_only,False,False,0.0,[],not_in_positive_claim_review,False,cached_score_eligible_false;cached_inclusion_policy:excluded,False
finland,2020,Danske Bank,evaluations/reruns/country_year_classification_20260630_211343/finland_2020/checkpoints_corrected/Finland_Danske_Bank_2020_55763a821214.json,investment_instruments,7,500000000.0,EUR 500 million Green Bond for one of Finland’s largest energy provider Vattenfall,[55],[],narrative_only,False,excluded,excluded_construct:narrative_only,False,False,0.0,[],not_in_positive_claim_review,False,cached_score_eligible_false;cached_inclusion_policy:excluded,False
finland,2020,Danske Bank,evaluations/reruns/country_year_classification_20260630_211343/finland_2020/checkpoints_corrected/Finland_Danske_Bank_2020_55763a821214.json,investment_instruments,8,499930800.0,"The Group has issued non‑preferred senior bonds in accordance with the Group’s green bond framework. At the end of 2020, the nominal value of green non‑preferred senior bonds amounted to DKK 3,720 million.",[140],[],disclosed_sdg_linked_finance,False,gross_context_only,missing_sdg_linkage,False,False,0.0,[],not_in_positive_claim_review,False,cached_score_eligible_false;cached_inclusion_policy:gross_context_only,False
finland,2020,Nordea Bank,evaluations/reruns/country_year_classification_20260630_211343/finland_2020/checkpoints_corrected/Finland_Nordea_Bank_2020_88fbd9974dee.json,keyword_categories,0,2771272000000.0,assets of USD 3.4tn,[16],[],portfolio_balance,False,gross_context_only,context_construct:portfolio_balance,False,False,0.0,[],not_in_positive_claim_review,False,cached_score_eligible_false;cached_inclusion_policy:gross_context_only,False
finland,2020,Nordea Bank,evaluations/reruns/country_year_classification_20260630_211343/finland_2020/checkpoints_corrected/Finland_Nordea_Bank_2020_88fbd9974dee.json,keyword_categories,1,122262000000.0,approximately USD 150bn in shipping finance,[16],[13],facilitated_sustainable_finance,False,gross_context_only,context_construct:facilitated_sustainable_finance,False,False,0.0,[13],not_in_positive_claim_review,False,cached_score_eligible_false;cached_inclusion_policy:gross_context_only,False
finland,2020,Nordea Bank,evaluations/reruns/country_year_classification_20260630_211343/finland_2020/checkpoints_corrected/Finland_Nordea_Bank_2020_88fbd9974dee.json,investment_instruments,0,1250000000.0,"green bonds issued, with the total volume amounting to EUR 1,250m.",[8],[],disclosed_sdg_linked_finance,False,gross_context_only,missing_sdg_linkage,False,False,0.0,[],not_in_positive_claim_review,False,cached_score_eligible_false;cached_inclusion_policy:gross_context_only,False
finland,2020,OP Yrityspankki,evaluations/reruns/country_year_classification_20260630_211343/finland_2020/checkpoints_corrected/Finland_OP_Yrityspankki_2020_9d64e50efca6.json,keyword_categories,0,500000000.0,"green bond ... EUR 500 million ... used to finance renewable energy, green buildings and sustainable land use.",[15],[],disclosed_sdg_linked_finance,False,gross_context_only,missing_sdg_linkage,False,False,0.0,[],not_in_positive_claim_review,False,cached_score_eligible_false;cached_inclusion_policy:gross_context_only,False
finland,2020,OP Yrityspankki,evaluations/reruns/country_year_classification_20260630_211343/finland_2020/checkpoints_corrected/Finland_OP_Yrityspankki_2020_9d64e50efca6.json,keyword_categories,1,135000000.0,OP Finnfund Global Impact Fund I raised a total of EUR 135 million in commitments ... targets measurable sustainability impacts.,[15],[],disclosed_sdg_linked_finance,False,gross_context_only,missing_sdg_linkage,False,False,0.0,[],not_in_positive_claim_review,False,cached_score_eligible_false;cached_inclusion_policy:gross_context_only,False
finland,2020,OP Yrityspankki,evaluations/reruns/country_year_classification_20260630_211343/finland_2020/checkpoints_corrected/Finland_OP_Yrityspankki_2020_9d64e50efca6.json,investment_instruments,0,500000000.0,"green bond ... EUR 500 million ... used to finance renewable energy, green buildings and sustainable land use.",[15],[],disclosed_sdg_linked_finance,False,excluded,duplicate_collapsed:kept_keyword_categories[0],False,False,0.0,[],not_in_positive_claim_review,False,cached_score_eligible_false;cached_inclusion_policy:excluded,False
finland,2020,OP Yrityspankki,evaluations/reruns/country_year_classification_20260630_211343/finland_2020/checkpoints_corrected/Finland_OP_Yrityspankki_2020_9d64e50efca6.json,investment_instruments,1,1523000000.0,"sustainability-linked loans, green loans and credit limits granted €1,523 million",[26],[],disclosed_sdg_linked_finance,False,gross_context_only,missing_sdg_linkage,False,False,0.0,[],not_in_positive_claim_review,False,cached_score_eligible_false;cached_inclusion_policy:gross_context_only,True
finland,2020,OP Yrityspankki,evaluations/reruns/country_year_classification_20260630_211343/finland_2020/checkpoints_corrected/Finland_OP_Yrityspankki_2020_9d64e50efca6.json,investment_instruments,2,500000000.0,The marginal interest rate on sustainability‑linked loans depends on the agreed targets €500 million linked loans...,[42],[],gross_sustainable_finance,False,gross_context_only,context_construct:gross_sustainable_finance,False,False,0.0,[],not_in_positive_claim_review,False,cached_score_eligible_false;cached_inclusion_policy:gross_context_only,False
finland,2020,OP Yrityspankki,evaluations/reruns/country_year_classification_20260630_211343/finland_2020/checkpoints_corrected/Finland_OP_Yrityspankki_2020_9d64e50efca6.json,investment_instruments,3,1523000000.0,"At the end of 2020, total exposures from these loans and facilities stood at 1,523 million euros.",[42],[],gross_sustainable_finance,False,gross_context_only,context_construct:gross_sustainable_finance,False,False,0.0,[],not_in_positive_claim_review,False,cached_score_eligible_false;cached_inclusion_policy:gross_context_only,False
finland,2020,OP Yrityspankki,evaluations/reruns/country_year_classification_20260630_211343/finland_2020/checkpoints_corrected/Finland_OP_Yrityspankki_2020_9d64e50efca6.json,investment_instruments,4,76000000.0,raised 76 million euros during the first funding round of 2020,[43],[],gross_sustainable_finance,False,gross_context_only,context_construct:gross_sustainable_finance,False,False,0.0,[],not_in_positive_claim_review,False,cached_score_eligible_false;cached_inclusion_policy:gross_context_only,False
finland,2020,OP Yrityspankki,evaluations/reruns/country_year_classification_20260630_211343/finland_2020/checkpoints_corrected/Finland_OP_Yrityspankki_2020_9d64e50efca6.json,investment_instruments,5,58000000.0,58 million euros during the second round of funding in 2020,[43],[],gross_sustainable_finance,False,gross_context_only,context_construct:gross_sustainable_finance,False,False,0.0,[],not_in_positive_claim_review,False,cached_score_eligible_false;cached_inclusion_policy:gross_context_only,False
finland,2020,Oma Säästöpankki,evaluations/reruns/country_year_classification_20260630_211343/finland_2020/checkpoints_corrected/Finland_Oma_Saastopankki_2020_128a79983c73.json,investment_instruments,0,75000000.0,We signed an extension on a guarantee agreement with the European Investment Fund (EIF) worth EUR 75 million.,[19],[],narrative_only,False,excluded,excluded_construct:narrative_only,False,False,0.0,[],not_in_positive_claim_review,False,cached_score_eligible_false;cached_inclusion_policy:excluded,False
finland,2020,Säästöpankkien Keskuspankki,evaluations/reruns/country_year_classification_20260630_211343/finland_2020/checkpoints_corrected/Finland_Saastopankkien_Keskuspankki_2020_a0a6de562338.json,keyword_categories,0,550000.0,"donate more than EUR 550,000 to more than 300 charities.",[38],[],narrative_only,False,excluded,excluded_construct:narrative_only,False,False,0.0,[],not_in_positive_claim_review,False,cached_score_eligible_false;cached_inclusion_policy:excluded,False
finland,2020,Säästöpankkien Keskuspankki,evaluations/reruns/country_year_classification_20260630_211343/finland_2020/checkpoints_corrected/Finland_Saastopankkien_Keskuspankki_2020_a0a6de562338.json,keyword_categories,1,73000.0,"research projects totalling EUR 73,000.",[40],[],narrative_only,False,excluded,excluded_construct:narrative_only,False,False,0.0,[],not_in_positive_claim_review,False,cached_score_eligible_false;cached_inclusion_policy:excluded,False
finland,2020,Ålandsbanken,evaluations/reruns/country_year_classification_20260630_211343/finland_2020/checkpoints_corrected/Finland_Alandsbanken_2020_b55d26084dfb.json,keyword_categories,0,500000.0,"Via the Baltic Sea Project, we distribute at least EUR 500,000 yearly to projects that promote a cleaner Baltic Sea.",[16],[14],disclosed_sdg_linked_finance,True,linked_scored,,True,False,0.0,[14],current_year_disbursement_not_verified,False,current_year_disbursement_not_verified,False
finland,2020,Ålandsbanken,evaluations/reruns/country_year_classification_20260630_211343/finland_2020/checkpoints_corrected/Finland_Alandsbanken_2020_b55d26084dfb.json,keyword_categories,1,2800000.0,"We regularly discuss the € 2,800,000 ... Baltic Sea Project and the Baltic Sea Account...",[16],[14],disclosed_sdg_linked_finance,True,linked_scored,,True,False,0.0,[14],cumulative_historical_total,False,cumulative_historical_total,False
finland,2020,Ålandsbanken,evaluations/reruns/country_year_classification_20260630_211343/finland_2020/checkpoints_corrected/Finland_Alandsbanken_2020_b55d26084dfb.json,keyword_categories,2,445000.0,"contributed EUR 445,000 to several projects",[31],[],disclosed_sdg_linked_finance,False,gross_context_only,missing_sdg_linkage,False,False,0.0,[],not_in_positive_claim_review,False,cached_score_eligible_false;cached_inclusion_policy:gross_context_only,False
finland,2020,Ålandsbanken,evaluations/reruns/country_year_classification_20260630_211343/finland_2020/checkpoints_corrected/Finland_Alandsbanken_2020_b55d26084dfb.json,keyword_categories,3,2700000.0,awarded EUR 2.7 M to various environmentally related projects,[31],[],disclosed_sdg_linked_finance,False,gross_context_only,missing_sdg_linkage,False,False,0.0,[],not_in_positive_claim_review,False,cached_score_eligible_false;cached_inclusion_policy:gross_context_only,False
finland,2020,Ålandsbanken,evaluations/reruns/country_year_classification_20260630_211343/finland_2020/checkpoints_corrected/Finland_Alandsbanken_2020_b55d26084dfb.json,investment_instruments,0,40000000.0,Green Bond ESG fund grew by EUR 40 M in new capital during the year.,[20],"[7, 13]",disclosed_sdg_linked_finance,True,linked_scored,,True,False,0.0,"[7, 13]",customer_fund_subscriptions,False,customer_fund_subscriptions,False
finland,2021,Aktia Pankki,evaluations/reruns/country_year_classification_20260630_211343/finland_2021/checkpoints_corrected/Finland_Aktia_Pankki_2021_5e6f4faac463.json,keyword_categories,0,4000000.0,"…nearly EUR 4 million, which has holdings in ten wind farms and one solar energy project…",[55],"[7, 13]",disclosed_sdg_linked_finance,True,linked_scored,,True,False,0.0,"[7, 13]",investment_holding_stock,False,investment_holding_stock,False
finland,2021,Aktia Pankki,evaluations/reruns/country_year_classification_20260630_211343/finland_2021/checkpoints_corrected/Finland_Aktia_Pankki_2021_5e6f4faac463.json,keyword_categories,1,35000000.0,"the fund held assets valued at approximately EUR 35 million… includes green bonds and investments in renewable energy, such as wind and solar power projects.",[43],[],gross_sustainable_finance,False,gross_context_only,context_construct:gross_sustainable_finance,False,False,0.0,[],not_in_positive_claim_review,False,cached_score_eligible_false;cached_inclusion_policy:gross_context_only,False
finland,2021,Aktia Pankki,evaluations/reruns/country_year_classification_20260630_211343/finland_2021/checkpoints_corrected/Finland_Aktia_Pankki_2021_5e6f4faac463.json,investment_instruments,0,53300000.0,EUR 53.3 million of Aktia’s liquidity portfolio.,[33],[],gross_sustainable_finance,False,gross_context_only,context_construct:gross_sustainable_finance,False,False,0.0,[],not_in_positive_claim_review,False,cached_score_eligible_false;cached_inclusion_policy:gross_context_only,False
finland,2021,Danske Bank,evaluations/reruns/country_year_classification_20260630_211343/finland_2021/checkpoints_corrected/Finland_Danske_Bank_2021_1c0fdd3b9832.json,keyword_categories,0,1344700000.0,green mortgage loans for properties in Denmark passed the DKK 10 billion mark.,[26],[],narrative_only,False,excluded,excluded_construct:narrative_only,False,False,0.0,[],not_in_positive_claim_review,False,cached_score_eligible_false;cached_inclusion_policy:excluded,False
finland,2021,Danske Bank,evaluations/reruns/country_year_classification_20260630_211343/finland_2021/checkpoints_corrected/Finland_Danske_Bank_2021_1c0fdd3b9832.json,investment_instruments,0,10592760000.0,"In 2021, we arranged sustainable bonds in the amount of USD 12 billion for our customers.",[12],[],gross_sustainable_finance,False,gross_context_only,context_construct:gross_sustainable_finance,False,False,0.0,[],not_in_positive_claim_review,False,cached_score_eligible_false;cached_inclusion_policy:gross_context_only,False
finland,2021,Danske Bank,evaluations/reruns/country_year_classification_20260630_211343/finland_2021/checkpoints_corrected/Finland_Danske_Bank_2021_1c0fdd3b9832.json,investment_instruments,1,76110020000.0,Our Green investment offerings … DKK 566 billion invested,[18],[],gross_sustainable_finance,False,gross_context_only,context_construct:gross_sustainable_finance,False,False,0.0,[],not_in_positive_claim_review,False,cached_score_eligible_false;cached_inclusion_policy:gross_context_only,False
finland,2021,Danske Bank,evaluations/reruns/country_year_classification_20260630_211343/finland_2021/checkpoints_corrected/Finland_Danske_Bank_2021_1c0fdd3b9832.json,investment_instruments,2,8740550000.0,our funds with a sustainable objective … had DKK 65 billion invested at the end of the year,[18],[],gross_sustainable_finance,False,gross_context_only,context_construct:gross_sustainable_finance,False,False,0.0,[],not_in_positive_claim_review,False,cached_score_eligible_false;cached_inclusion_policy:gross_context_only,False
finland,2021,Danske Bank,evaluations/reruns/country_year_classification_20260630_211343/finland_2021/checkpoints_corrected/Finland_Danske_Bank_2021_1c0fdd3b9832.json,investment_instruments,3,25818240000.0,through sustainable bonds arranged for customers to DKK 192 billion in 2021,[18],[],gross_sustainable_finance,False,gross_context_only,context_construct:gross_sustainable_finance,False,False,0.0,[],not_in_positive_claim_review,False,cached_score_eligible_false;cached_inclusion_policy:gross_context_only,False
finland,2021,Danske Bank,evaluations/reruns/country_year_classification_20260630_211343/finland_2021/checkpoints_corrected/Finland_Danske_Bank_2021_1c0fdd3b9832.json,investment_instruments,4,25818240000.0,DKK 192 billion ... in green bonds issued on behalf of customers Article 8 and ... Article 9 funds,[6],"[7, 13]",facilitated_on_behalf_of_customers,False,gross_context_only,context_construct:facilitated_on_behalf_of_customers,False,False,0.0,"[7, 13]",not_in_positive_claim_review,False,cached_score_eligible_false;cached_inclusion_policy:gross_context_only,False
finland,2021,Danske Bank,evaluations/reruns/country_year_classification_20260630_211343/finland_2021/checkpoints_corrected/Finland_Danske_Bank_2021_1c0fdd3b9832.json,investment_instruments,5,134470000.0,… Danica Pension’s improved health and accident result … DKK 1 billion investment in an impact fund managed by BlackRock. The companies in which the fund invests work actively to promote one or more of the UN Sustainable Development Goals.,[33],[],disclosed_sdg_linked_finance,False,gross_context_only,missing_sdg_linkage,False,False,0.0,[],not_in_positive_claim_review,False,cached_score_eligible_false;cached_inclusion_policy:gross_context_only,False
finland,2021,Danske Bank,evaluations/reruns/country_year_classification_20260630_211343/finland_2021/checkpoints_corrected/Finland_Danske_Bank_2021_1c0fdd3b9832.json,investment_instruments,6,1000053390.0,"The Group has issued non‑preferred senior bonds in accordance with the Group’s green bond framework. At the end of 2021, the nominal value of green non‑preferred senior bonds amounted to DKK 7,437 million.",[124],[],disclosed_sdg_linked_finance,False,gross_context_only,missing_sdg_linkage,False,False,0.0,[],not_in_positive_claim_review,False,cached_score_eligible_false;cached_inclusion_policy:gross_context_only,False
finland,2021,Nordea Bank,evaluations/reruns/country_year_classification_20260630_211343/finland_2021/checkpoints_corrected/Finland_Nordea_Bank_2021_cea7f28bf70b.json,investment_instruments,0,3500000000.0,“the end of the fourth quarter sustainability‑linked loans amounted to EUR 3.5bn”,[22],[],disclosed_sdg_linked_finance,False,gross_context_only,missing_sdg_linkage,False,False,0.0,[],not_in_positive_claim_review,False,cached_score_eligible_false;cached_inclusion_policy:gross_context_only,False
finland,2021,Nordea Bank,evaluations/reruns/country_year_classification_20260630_211343/finland_2021/checkpoints_corrected/Finland_Nordea_Bank_2021_cea7f28bf70b.json,investment_instruments,1,400000000.0,“We have committed to issuing up to EUR 400m in such loans within the next three years.”,[22],"[7, 13]",forward_commitment,False,excluded,excluded_construct:forward_commitment,False,False,0.0,"[7, 13]",not_in_positive_claim_review,False,cached_score_eligible_false;cached_inclusion_policy:excluded,False
finland,2021,Nordea Bank,evaluations/reruns/country_year_classification_20260630_211343/finland_2021/checkpoints_corrected/Finland_Nordea_Bank_2021_cea7f28bf70b.json,investment_instruments,2,2000000000.0,sustainability-linked revolving credit facility of EUR 2bn,[37],[],disclosed_sdg_linked_finance,False,gross_context_only,missing_sdg_linkage,False,False,0.0,[],not_in_positive_claim_review,False,cached_score_eligible_false;cached_inclusion_policy:gross_context_only,False
finland,2021,Nordea Bank,evaluations/reruns/country_year_classification_20260630_211343/finland_2021/checkpoints_corrected/Finland_Nordea_Bank_2021_cea7f28bf70b.json,investment_instruments,3,5830000000.0,Total apportioned deal value bonds in EURbn 5.83,[331],[],disclosed_sdg_linked_finance,False,gross_context_only,missing_sdg_linkage,False,False,0.0,[],not_in_positive_claim_review,False,cached_score_eligible_false;cached_inclusion_policy:gross_context_only,False
finland,2021,Nordea Bank,evaluations/reruns/country_year_classification_20260630_211343/finland_2021/checkpoints_corrected/Finland_Nordea_Bank_2021_cea7f28bf70b.json,investment_instruments,4,7520000000.0,"Nordea ’s take-and-hold volume in EURm 7,520",[331],[],disclosed_sdg_linked_finance,False,gross_context_only,missing_sdg_linkage,False,False,0.0,[],not_in_positive_claim_review,False,cached_score_eligible_false;cached_inclusion_policy:gross_context_only,False
finland,2021,Nordea Bank,evaluations/reruns/country_year_classification_20260630_211343/finland_2021/checkpoints_corrected/Finland_Nordea_Bank_2021_cea7f28bf70b.json,investment_instruments,5,5229000000.0,"Volume of green loans in EURm 5,229",[331],[],disclosed_sdg_linked_finance,False,gross_context_only,missing_sdg_linkage,False,False,0.0,[],not_in_positive_claim_review,False,cached_score_eligible_false;cached_inclusion_policy:gross_context_only,False
finland,2021,Nordea Bank,evaluations/reruns/country_year_classification_20260630_211343/finland_2021/checkpoints_corrected/Finland_Nordea_Bank_2021_cea7f28bf70b.json,investment_instruments,6,547000000.0,Volume of green mortgages in EURm 547,[331],[],disclosed_sdg_linked_finance,False,gross_context_only,missing_sdg_linkage,False,False,0.0,[],not_in_positive_claim_review,False,cached_score_eligible_false;cached_inclusion_policy:gross_context_only,False
finland,2021,Nordea Bank,evaluations/reruns/country_year_classification_20260630_211343/finland_2021/checkpoints_corrected/Finland_Nordea_Bank_2021_cea7f28bf70b.json,investment_instruments,7,17400000.0,Volume of green car loans in EURm 17.4,[331],[],disclosed_sdg_linked_finance,False,gross_context_only,missing_sdg_linkage,False,False,0.0,[],not_in_positive_claim_review,False,cached_score_eligible_false;cached_inclusion_policy:gross_context_only,False
finland,2021,Nordea Bank,evaluations/reruns/country_year_classification_20260630_211343/finland_2021/checkpoints_corrected/Finland_Nordea_Bank_2021_cea7f28bf70b.json,investment_instruments,8,5520000.0,Volume of green car lease agreements in EURm5 5.52,[331],[],disclosed_sdg_linked_finance,False,gross_context_only,missing_sdg_linkage,False,False,0.0,[],not_in_positive_claim_review,False,cached_score_eligible_false;cached_inclusion_policy:gross_context_only,False
finland,2021,OP Yrityspankki,evaluations/reruns/country_year_classification_20260630_211343/finland_2021/checkpoints_corrected/Finland_OP_Yrityspankki_2021_9a3a5014c14b.json,investment_instruments,0,300000000.0,"We offered 300 million euros in new financing to land’s largest residential property fund, OP‑Rental Yield, will make all its properties net zero emission.",[35],[],facilitated_sustainable_finance,False,gross_context_only,context_construct:facilitated_sustainable_finance,False,False,0.0,[],not_in_positive_claim_review,False,cached_score_eligible_false;cached_inclusion_policy:gross_context_only,False
finland,2021,OP Yrityspankki,evaluations/reruns/country_year_classification_20260630_211343/finland_2021/checkpoints_corrected/Finland_OP_Yrityspankki_2021_9a3a5014c14b.json,investment_instruments,1,3036000000.0,"Issued sustainability-linked loans, green loans and credit limits, million € 3,036",[30],[],disclosed_sdg_linked_finance,False,gross_context_only,missing_sdg_linkage,False,False,0.0,[],not_in_positive_claim_review,False,cached_score_eligible_false;cached_inclusion_policy:gross_context_only,True
finland,2021,OP Yrityspankki,evaluations/reruns/country_year_classification_20260630_211343/finland_2021/checkpoints_corrected/Finland_OP_Yrityspankki_2021_9a3a5014c14b.json,investment_instruments,2,3036000000.0,"sustainability-linked loans, green loans and credit limits granted €3,036 million",[19],[],disclosed_sdg_linked_finance,False,gross_context_only,missing_sdg_linkage,False,False,0.0,[],not_in_positive_claim_review,False,cached_score_eligible_false;cached_inclusion_policy:gross_context_only,True
finland,2021,OP Yrityspankki,evaluations/reruns/country_year_classification_20260630_211343/finland_2021/checkpoints_corrected/Finland_OP_Yrityspankki_2021_9a3a5014c14b.json,investment_instruments,3,500000000.0,"€500 million green finance, green lending and green bonds",[46],[],disclosed_sdg_linked_finance,False,gross_context_only,missing_sdg_linkage,False,False,0.0,[],not_in_positive_claim_review,False,cached_score_eligible_false;cached_inclusion_policy:gross_context_only,False
finland,2021,OP Yrityspankki,evaluations/reruns/country_year_classification_20260630_211343/finland_2021/checkpoints_corrected/Finland_OP_Yrityspankki_2021_9a3a5014c14b.json,investment_instruments,4,700000000.0,€700 million,[46],[],disclosed_sdg_linked_finance,False,gross_context_only,missing_sdg_linkage,False,False,0.0,[],not_in_positive_claim_review,False,cached_score_eligible_false;cached_inclusion_policy:gross_context_only,False
finland,2021,OP Yrityspankki,evaluations/reruns/country_year_classification_20260630_211343/finland_2021/checkpoints_corrected/Finland_OP_Yrityspankki_2021_9a3a5014c14b.json,investment_instruments,5,3036000000.0,"€3,036 million",[46],[],disclosed_sdg_linked_finance,False,gross_context_only,missing_sdg_linkage,False,False,0.0,[],not_in_positive_claim_review,False,cached_score_eligible_false;cached_inclusion_policy:gross_context_only,False
finland,2021,OP Yrityspankki,evaluations/reruns/country_year_classification_20260630_211343/finland_2021/checkpoints_corrected/Finland_OP_Yrityspankki_2021_9a3a5014c14b.json,investment_instruments,6,500000000.0,€500 million,[46],[],disclosed_sdg_linked_finance,False,gross_context_only,missing_sdg_linkage,False,False,0.0,[],not_in_positive_claim_review,False,cached_score_eligible_false;cached_inclusion_policy:gross_context_only,False
finland,2021,OP Yrityspankki,evaluations/reruns/country_year_classification_20260630_211343/finland_2021/checkpoints_corrected/Finland_OP_Yrityspankki_2021_9a3a5014c14b.json,investment_instruments,7,500000000.0,OP Financial Group has issued three green bonds: OP Corporate Bank’s EUR 500 million green bond ...,[42],[],disclosed_sdg_linked_finance,False,gross_context_only,missing_sdg_linkage,False,False,0.0,[],not_in_positive_claim_review,False,cached_score_eligible_false;cached_inclusion_policy:gross_context_only,False
finland,2021,OP Yrityspankki,evaluations/reruns/country_year_classification_20260630_211343/finland_2021/checkpoints_corrected/Finland_OP_Yrityspankki_2021_9a3a5014c14b.json,investment_instruments,8,700000000.0,EUR 700 million green covered bond issued by OP Mortgage Bank.,[42],[],disclosed_sdg_linked_finance,False,gross_context_only,missing_sdg_linkage,False,False,0.0,[],not_in_positive_claim_review,False,cached_score_eligible_false;cached_inclusion_policy:gross_context_only,False
finland,2021,Säästöpankkien Keskuspankki,evaluations/reruns/country_year_classification_20260630_211343/finland_2021/checkpoints_corrected/Finland_Saastopankkien_Keskuspankki_2021_2fe88d2e07b5.json,keyword_categories,0,25300000.0,"At the end of 2021, the fund capital totalled EUR 25.3 million, which corresponds to 0.6 per cent of the total capital of Savings Banks’ Asset Management funds. ... Capital investment in solar and wind energy alone will reduce emissions...",[40],"[7, 13]",disclosed_sdg_linked_finance,True,linked_scored,,True,False,0.0,"[7, 13]",customer_fund_aum_stock,False,customer_fund_aum_stock,False
finland,2021,Ålandsbanken,evaluations/reruns/country_year_classification_20260630_211343/finland_2021/checkpoints_corrected/Finland_Alandsbanken_2021_26a32d9e4d39.json,keyword_categories,0,3300000.0,"Over the years, the Bank has donated EUR 3,300,000 for the benefit of the environment.",[10],[],narrative_only,False,excluded,excluded_construct:narrative_only,False,False,0.0,[],not_in_positive_claim_review,False,cached_score_eligible_false;cached_inclusion_policy:excluded,False
finland,2021,Ålandsbanken,evaluations/reruns/country_year_classification_20260630_211343/finland_2021/checkpoints_corrected/Finland_Alandsbanken_2021_26a32d9e4d39.json,keyword_categories,1,14634000.0,"green Tier 2 (T2) supplementary capital instrument, totalling SEK 150 M. ... used for financing and refinancing wind power projects",[40],"[7, 13]",disclosed_sdg_linked_finance,True,linked_scored,,True,False,0.0,"[7, 13]",bank_issued_funding_liability,False,bank_issued_funding_liability,False
finland,2021,Ålandsbanken,evaluations/reruns/country_year_classification_20260630_211343/finland_2021/checkpoints_corrected/Finland_Alandsbanken_2021_26a32d9e4d39.json,investment_instruments,0,14634000.0,the Bank of Åland issued a green Tier 2 (T2) supplementary capital instrument totalling SEK 150 M.,[4],[],facilitated_sustainable_finance,False,gross_context_only,context_construct:facilitated_sustainable_finance,False,False,0.0,[],not_in_positive_claim_review,False,cached_score_eligible_false;cached_inclusion_policy:gross_context_only,False
finland,2021,Ålandsbanken,evaluations/reruns/country_year_classification_20260630_211343/finland_2021/checkpoints_corrected/Finland_Alandsbanken_2021_26a32d9e4d39.json,investment_instruments,1,14634000.0,"green Tier 2 (T2) supplementary capital instrument, totalling SEK 150 M. ... used for financing and refinancing wind power projects",[40],"[7, 13]",disclosed_sdg_linked_finance,False,excluded,duplicate_collapsed:kept_keyword_categories[1],False,False,0.0,"[7, 13]",not_in_positive_claim_review,False,cached_score_eligible_false;cached_inclusion_policy:excluded,False
finland,2022,Aktia Pankki,evaluations/reruns/country_year_classification_20260630_211343/finland_2022/checkpoints_corrected/Finland_Aktia_Pankki_2022_8c712c617c0b.json,keyword_categories,0,68000000.0,fund raised around EUR 68 million.,[51],"[7, 13]",disclosed_sdg_linked_finance,True,linked_scored,,True,False,0.0,"[7, 13]",customer_fund_subscriptions,False,customer_fund_subscriptions,False
finland,2022,Aktia Pankki,evaluations/reruns/country_year_classification_20260630_211343/finland_2022/checkpoints_corrected/Finland_Aktia_Pankki_2022_8c712c617c0b.json,investment_instruments,0,100000000.0,The Article 9 Aktia Sustainable Corporate Bond ... reached a size of over EUR 100 million in December,[7],[],disclosed_sdg_linked_finance,False,gross_context_only,missing_sdg_linkage,False,False,0.0,[],not_in_positive_claim_review,False,cached_score_eligible_false;cached_inclusion_policy:gross_context_only,False
finland,2022,Danske Bank,evaluations/reruns/country_year_classification_20260630_211343/finland_2022/checkpoints_corrected/Finland_Danske_Bank_2022_8d7bdaa2258c.json,keyword_categories,0,36710310000.0,"With a current tally of DKK 273 billion, we are now close to fulfilling our commitment...",[5],[],gross_sustainable_finance,False,gross_context_only,context_construct:gross_sustainable_finance,False,False,0.0,[],not_in_positive_claim_review,False,cached_score_eligible_false;cached_inclusion_policy:gross_context_only,False
finland,2022,Danske Bank,evaluations/reruns/country_year_classification_20260630_211343/finland_2022/checkpoints_corrected/Finland_Danske_Bank_2022_8d7bdaa2258c.json,keyword_categories,1,40341000000.0,close to fulfilling our commitment to provide DKK 300 billion in sustainable financing by the end of 2023.,[5],[],target,False,excluded,excluded_construct:target,False,False,0.0,[],not_in_positive_claim_review,False,cached_score_eligible_false;cached_inclusion_policy:excluded,False
finland,2022,Danske Bank,evaluations/reruns/country_year_classification_20260630_211343/finland_2022/checkpoints_corrected/Finland_Danske_Bank_2022_8d7bdaa2258c.json,keyword_categories,2,500000000.0,structured the sustainability link for a EUR 500 million credit facility provided to global bioscience company Chr. Hansen,[53],[],disclosed_sdg_linked_finance,False,gross_context_only,missing_sdg_linkage,False,False,0.0,[],not_in_positive_claim_review,False,cached_score_eligible_false;cached_inclusion_policy:gross_context_only,False
finland,2022,Danske Bank,evaluations/reruns/country_year_classification_20260630_211343/finland_2022/checkpoints_corrected/Finland_Danske_Bank_2022_8d7bdaa2258c.json,investment_instruments,0,40341000000.0,“Facilitated sustainable financing since DKK 300 billion …”,[27],[],facilitated_sustainable_finance,False,gross_context_only,context_construct:facilitated_sustainable_finance,False,False,0.0,[],not_in_positive_claim_review,False,cached_score_eligible_false;cached_inclusion_policy:gross_context_only,False
finland,2022,Danske Bank,evaluations/reruns/country_year_classification_20260630_211343/finland_2022/checkpoints_corrected/Finland_Danske_Bank_2022_8d7bdaa2258c.json,investment_instruments,1,20170500000.0,“Assets under management in Article 9 DKK 150 billion …”,[27],[],taxonomy_denominator,False,gross_context_only,context_construct:taxonomy_denominator,False,False,0.0,[],not_in_positive_claim_review,False,cached_score_eligible_false;cached_inclusion_policy:gross_context_only,False
finland,2022,Danske Bank,evaluations/reruns/country_year_classification_20260630_211343/finland_2022/checkpoints_corrected/Finland_Danske_Bank_2022_8d7bdaa2258c.json,investment_instruments,2,6723500000.0,“Investments in the green transition by DKK 50 billion …”,[27],[],disclosed_sdg_linked_finance,False,gross_context_only,missing_sdg_linkage,False,False,0.0,[],not_in_positive_claim_review,False,cached_score_eligible_false;cached_inclusion_policy:gross_context_only,False
finland,2022,Danske Bank,evaluations/reruns/country_year_classification_20260630_211343/finland_2022/checkpoints_corrected/Finland_Danske_Bank_2022_8d7bdaa2258c.json,investment_instruments,3,2121264250.0,"Listed green bonds held for liquidity purposes amounted to DKK 15,775 million",[109],[],disclosed_sdg_linked_finance,False,gross_context_only,missing_sdg_linkage,False,False,0.0,[],not_in_positive_claim_review,False,cached_score_eligible_false;cached_inclusion_policy:gross_context_only,False
finland,2022,Danske Bank,evaluations/reruns/country_year_classification_20260630_211343/finland_2022/checkpoints_corrected/Finland_Danske_Bank_2022_8d7bdaa2258c.json,investment_instruments,4,1749992580.0,"The Group has issued non‑preferred senior bonds in accordance with the Group’s green bond framework. At the end of 2022, the nominal value of green non‑preferred senior bonds amounted to DKK 13,014 million.",[134],[],disclosed_sdg_linked_finance,False,gross_context_only,missing_sdg_linkage,False,False,0.0,[],not_in_positive_claim_review,False,cached_score_eligible_false;cached_inclusion_policy:gross_context_only,False
finland,2022,Danske Bank,evaluations/reruns/country_year_classification_20260630_211343/finland_2022/checkpoints_corrected/Finland_Danske_Bank_2022_8d7bdaa2258c.json,investment_instruments,5,2897021680.0,"Bonds issued by Realkredit Danmark under the Group’s green bond framework amounted to a nominal value of DKK 21,544 million",[133],[],disclosed_sdg_linked_finance,False,gross_context_only,missing_sdg_linkage,False,False,0.0,[],not_in_positive_claim_review,False,cached_score_eligible_false;cached_inclusion_policy:gross_context_only,False
finland,2022,Nordea Bank,evaluations/reruns/country_year_classification_20260630_211343/finland_2022/checkpoints_corrected/Finland_Nordea_Bank_2022_b7ca39cc064e.json,keyword_categories,0,58000000000.0,58 EUR bn facilitated in sustainable financing in 2022,[20],[],facilitated_sustainable_finance,False,gross_context_only,context_construct:facilitated_sustainable_finance,False,False,0.0,[],not_in_positive_claim_review,False,cached_score_eligible_false;cached_inclusion_policy:gross_context_only,False
finland,2022,Nordea Bank,evaluations/reruns/country_year_classification_20260630_211343/finland_2022/checkpoints_corrected/Finland_Nordea_Bank_2022_b7ca39cc064e.json,keyword_categories,1,58000000000.0,Facilitate more than EUR 200bn in sustainable financing by the end of 2025. EUR 58bn,[326],[],facilitated_sustainable_finance,False,gross_context_only,context_construct:facilitated_sustainable_finance,False,False,0.0,[],not_in_positive_claim_review,False,cached_score_eligible_false;cached_inclusion_policy:gross_context_only,False
finland,2022,Nordea Bank,evaluations/reruns/country_year_classification_20260630_211343/finland_2022/checkpoints_corrected/Finland_Nordea_Bank_2022_b7ca39cc064e.json,keyword_categories,2,768000000.0,"In 2022 we supported more than 2,800 green mortgage borrowers with 768 EURm...",[329],[],narrative_only,False,excluded,excluded_construct:narrative_only,False,False,0.0,[],not_in_positive_claim_review,False,cached_score_eligible_false;cached_inclusion_policy:excluded,False
finland,2022,Nordea Bank,evaluations/reruns/country_year_classification_20260630_211343/finland_2022/checkpoints_corrected/Finland_Nordea_Bank_2022_b7ca39cc064e.json,investment_instruments,0,2000000000.0,Sustainability‑linked lending framework launched and Nordea issues innovative bond to fund sustainability‑linked loans. EUR 2bn.,[41],[],disclosed_sdg_linked_finance,False,gross_context_only,missing_sdg_linkage,False,False,0.0,[],not_in_positive_claim_review,False,cached_score_eligible_false;cached_inclusion_policy:gross_context_only,False
finland,2022,Nordea Bank,evaluations/reruns/country_year_classification_20260630_211343/finland_2022/checkpoints_corrected/Finland_Nordea_Bank_2022_b7ca39cc064e.json,investment_instruments,1,54000000000.0,During 2022 we were part of facilitating EUR 54bn of sustainable financing...,[329],[],facilitated_sustainable_finance,False,gross_context_only,context_construct:facilitated_sustainable_finance,False,False,0.0,[],not_in_positive_claim_review,False,cached_score_eligible_false;cached_inclusion_policy:gross_context_only,False
finland,2022,Nordea Bank,evaluations/reruns/country_year_classification_20260630_211343/finland_2022/checkpoints_corrected/Finland_Nordea_Bank_2022_b7ca39cc064e.json,investment_instruments,2,8919000000.0,"Volume of green loans in EURm 8,919",[350],[],gross_sustainable_finance,False,gross_context_only,context_construct:gross_sustainable_finance,False,False,0.0,[],not_in_positive_claim_review,False,cached_score_eligible_false;cached_inclusion_policy:gross_context_only,False
finland,2022,Nordea Bank,evaluations/reruns/country_year_classification_20260630_211343/finland_2022/checkpoints_corrected/Finland_Nordea_Bank_2022_b7ca39cc064e.json,investment_instruments,3,7560000000.0,Total apportioned deal value bonds in EURbn 7.56,[350],[],gross_sustainable_finance,False,gross_context_only,context_construct:gross_sustainable_finance,False,False,0.0,[],not_in_positive_claim_review,False,cached_score_eligible_false;cached_inclusion_policy:gross_context_only,False
finland,2022,OP Yrityspankki,evaluations/reruns/country_year_classification_20260630_211343/finland_2022/checkpoints_corrected/Finland_OP_Yrityspankki_2022_a68f6b13b6c6.json,keyword_categories,0,500000000.0,"In January, OP Corporate Bank plc issued a 500 million- euro senior non-preferred green bond … Eligible sectors to be funded include renewable energy, green buildings …",[19],"[7, 13]",disclosed_sdg_linked_finance,False,excluded,duplicate_collapsed:kept_investment_instruments[8],False,False,0.0,"[7, 13]",not_in_positive_claim_review,False,cached_score_eligible_false;cached_inclusion_policy:excluded,False
finland,2022,OP Yrityspankki,evaluations/reruns/country_year_classification_20260630_211343/finland_2022/checkpoints_corrected/Finland_OP_Yrityspankki_2022_a68f6b13b6c6.json,keyword_categories,1,1000000000.0,"In April, OP Mortgage Bank issued a one-billion-euro green covered bond … Eligible sectors to be financed include renewable energy …",[19],"[7, 13]",disclosed_sdg_linked_finance,True,linked_scored,,True,False,0.0,"[7, 13]",bank_issued_funding_liability,False,bank_issued_funding_liability,False
finland,2022,OP Yrityspankki,evaluations/reruns/country_year_classification_20260630_211343/finland_2022/checkpoints_corrected/Finland_OP_Yrityspankki_2022_a68f6b13b6c6.json,keyword_categories,2,500000000.0,"In January, OP Corporate Bank plc issued a 500-million-euro senior non-preferred green bond … Eligible sectors to be funded include renewable energy, green buildings …",[161],"[7, 13]",disclosed_sdg_linked_finance,False,excluded,duplicate_collapsed:kept_investment_instruments[8],False,False,0.0,"[7, 13]",not_in_positive_claim_review,False,cached_score_eligible_false;cached_inclusion_policy:excluded,False
finland,2022,OP Yrityspankki,evaluations/reruns/country_year_classification_20260630_211343/finland_2022/checkpoints_corrected/Finland_OP_Yrityspankki_2022_a68f6b13b6c6.json,investment_instruments,0,5200000000.0,"sustainability‑linked loans, green loans and credit limits granted €5.2 billion",[11],[],gross_sustainable_finance,False,gross_context_only,context_construct:gross_sustainable_finance,False,False,0.0,[],not_in_positive_claim_review,False,cached_score_eligible_false;cached_inclusion_policy:gross_context_only,True
finland,2022,OP Yrityspankki,evaluations/reruns/country_year_classification_20260630_211343/finland_2022/checkpoints_corrected/Finland_OP_Yrityspankki_2022_a68f6b13b6c6.json,investment_instruments,1,1000000000.0,"In April 2022, OP Mortgage Bank issued a one‑billion‑euro green covered bond with a maturity of 5.5 years.",[30],[],disclosed_sdg_linked_finance,False,gross_context_only,missing_sdg_linkage,False,False,0.0,[],not_in_positive_claim_review,False,cached_score_eligible_false;cached_inclusion_policy:gross_context_only,False
finland,2022,OP Yrityspankki,evaluations/reruns/country_year_classification_20260630_211343/finland_2022/checkpoints_corrected/Finland_OP_Yrityspankki_2022_a68f6b13b6c6.json,investment_instruments,2,500000000.0,"OP Financial Group has issued three € 500 million green bonds: OP Corporate Bank’s EUR 500 mil‑ lion green bond and the EUR 500 million senior non‑preferred green bond issued in January 2022, …",[28],[],disclosed_sdg_linked_finance,False,gross_context_only,missing_sdg_linkage,False,False,0.0,[],not_in_positive_claim_review,False,cached_score_eligible_false;cached_inclusion_policy:gross_context_only,False
finland,2022,OP Yrityspankki,evaluations/reruns/country_year_classification_20260630_211343/finland_2022/checkpoints_corrected/Finland_OP_Yrityspankki_2022_a68f6b13b6c6.json,investment_instruments,3,500000000.0,"OP Financial Group has issued three € 500 million green bonds: … the EUR 500 million senior non‑preferred green bond issued in January 2022, …",[28],[],disclosed_sdg_linked_finance,False,gross_context_only,missing_sdg_linkage,False,False,0.0,[],not_in_positive_claim_review,False,cached_score_eligible_false;cached_inclusion_policy:gross_context_only,False
finland,2022,OP Yrityspankki,evaluations/reruns/country_year_classification_20260630_211343/finland_2022/checkpoints_corrected/Finland_OP_Yrityspankki_2022_a68f6b13b6c6.json,investment_instruments,4,700000000.0,… and the EUR 700 million green covered bond issued by OP Mortgage Bank.,[28],[],disclosed_sdg_linked_finance,False,gross_context_only,missing_sdg_linkage,False,False,0.0,[],not_in_positive_claim_review,False,cached_score_eligible_false;cached_inclusion_policy:gross_context_only,False
finland,2022,OP Yrityspankki,evaluations/reruns/country_year_classification_20260630_211343/finland_2022/checkpoints_corrected/Finland_OP_Yrityspankki_2022_a68f6b13b6c6.json,investment_instruments,5,500000000.0,OP Financial Group has issued three green bonds: ... EUR 500 million green bond ...,[15],[],disclosed_sdg_linked_finance,False,gross_context_only,missing_sdg_linkage,False,False,0.0,[],not_in_positive_claim_review,False,cached_score_eligible_false;cached_inclusion_policy:gross_context_only,False
finland,2022,OP Yrityspankki,evaluations/reruns/country_year_classification_20260630_211343/finland_2022/checkpoints_corrected/Finland_OP_Yrityspankki_2022_a68f6b13b6c6.json,investment_instruments,6,500000000.0,EUR 500 million senior non‑preferred green bond issued in January 2022,[15],[],disclosed_sdg_linked_finance,False,gross_context_only,missing_sdg_linkage,False,False,0.0,[],not_in_positive_claim_review,False,cached_score_eligible_false;cached_inclusion_policy:gross_context_only,False
finland,2022,OP Yrityspankki,evaluations/reruns/country_year_classification_20260630_211343/finland_2022/checkpoints_corrected/Finland_OP_Yrityspankki_2022_a68f6b13b6c6.json,investment_instruments,7,700000000.0,EUR 700 million green covered bond issued by OP Mortgage Bank,[15],[],disclosed_sdg_linked_finance,False,excluded,duplicate_collapsed:kept_investment_instruments[4],False,False,0.0,[],not_in_positive_claim_review,False,cached_score_eligible_false;cached_inclusion_policy:excluded,False
finland,2022,OP Yrityspankki,evaluations/reruns/country_year_classification_20260630_211343/finland_2022/checkpoints_corrected/Finland_OP_Yrityspankki_2022_a68f6b13b6c6.json,investment_instruments,8,500000000.0,"In January, OP Corporate Bank plc issued a 500 million- euro senior non-preferred green bond … Eligible sectors to be funded include renewable energy, green buildings and environmentally sustainable management of living natural resources and land use.",[19],"[7, 13]",disclosed_sdg_linked_finance,True,linked_scored,,True,False,0.0,"[7, 13]",bank_issued_funding_liability,False,bank_issued_funding_liability,False
finland,2022,OP Yrityspankki,evaluations/reruns/country_year_classification_20260630_211343/finland_2022/checkpoints_corrected/Finland_OP_Yrityspankki_2022_a68f6b13b6c6.json,investment_instruments,9,1000000000.0,"In April, OP Mortgage Bank issued a one-billion-euro green covered bond … The sector to be financed is energy‑efficient residential buildings (green buildings) and renewable energy.",[19],"[7, 13]",disclosed_sdg_linked_finance,True,linked_scored,,True,False,0.0,"[7, 13]",duplicate_claim,False,duplicate_claim,False
finland,2022,OP Yrityspankki,evaluations/reruns/country_year_classification_20260630_211343/finland_2022/checkpoints_corrected/Finland_OP_Yrityspankki_2022_a68f6b13b6c6.json,investment_instruments,10,500000000.0,"In January, OP Corporate Bank plc issued a 500-million-euro senior non-preferred green bond … Eligible sectors to be funded include renewable energy, green buildings and environmentally sustainable management of living natural resources and land use.",[161],"[7, 13]",disclosed_sdg_linked_finance,False,excluded,duplicate_collapsed:kept_investment_instruments[8],False,False,0.0,"[7, 13]",not_in_positive_claim_review,False,cached_score_eligible_false;cached_inclusion_policy:excluded,False
finland,2022,OP Yrityspankki,evaluations/reruns/country_year_classification_20260630_211343/finland_2022/checkpoints_corrected/Finland_OP_Yrityspankki_2022_a68f6b13b6c6.json,investment_instruments,11,1000000000.0,"In April, OP Mortgage Bank issued a 1 billion-euro green covered bond … proceeds … will be allocated to OP Financial Group’s home loans recognised as green ones … sector … energy‑efficient residential buildings (green buildings).",[161],"[7, 13]",disclosed_sdg_linked_finance,False,excluded,unsupported_sdg_linkage:weak,False,False,0.0,"[7, 13]",not_in_positive_claim_review,False,cached_score_eligible_false;cached_inclusion_policy:excluded,False
finland,2022,Säästöpankkien Keskuspankki,evaluations/reruns/country_year_classification_20260630_211343/finland_2022/checkpoints_corrected/Finland_Saastopankkien_Keskuspankki_2022_578e2685430f.json,keyword_categories,0,65000.0,"Research Foundation ... total amount of EUR 65,000.",[30],[],narrative_only,False,excluded,excluded_construct:narrative_only,False,False,0.0,[],not_in_positive_claim_review,False,cached_score_eligible_false;cached_inclusion_policy:excluded,False
finland,2022,Säästöpankkien Keskuspankki,evaluations/reruns/country_year_classification_20260630_211343/finland_2022/checkpoints_corrected/Finland_Saastopankkien_Keskuspankki_2022_578e2685430f.json,keyword_categories,1,29100000.0,"the fund capital totalled EUR 29.1 million, which corresponds to 0.7 per cent of the total of its carbon use and climate impacts",[41],[],narrative_only,False,excluded,excluded_construct:narrative_only,False,False,0.0,[],not_in_positive_claim_review,False,cached_score_eligible_false;cached_inclusion_policy:excluded,False
finland,2022,Ålandsbanken,evaluations/reruns/country_year_classification_20260630_211343/finland_2022/checkpoints_corrected/Finland_Alandsbanken_2022_6dd6ddeb1ac1.json,keyword_categories,0,3800000.0,"“So far, the Bank of Åland has contributed about EUR 3.8 M to important projects.”",[11],[],narrative_only,False,excluded,excluded_construct:narrative_only,False,False,0.0,[],not_in_positive_claim_review,False,cached_score_eligible_false;cached_inclusion_policy:excluded,False
finland,2022,Ålandsbanken,evaluations/reruns/country_year_classification_20260630_211343/finland_2022/checkpoints_corrected/Finland_Alandsbanken_2022_6dd6ddeb1ac1.json,keyword_categories,1,550000.0,"“A total of EUR 550,000 was granted for eleven different projects.”",[11],[],narrative_only,False,excluded,excluded_construct:narrative_only,False,False,0.0,[],not_in_positive_claim_review,False,cached_score_eligible_false;cached_inclusion_policy:excluded,False
finland,2022,Ålandsbanken,evaluations/reruns/country_year_classification_20260630_211343/finland_2022/checkpoints_corrected/Finland_Alandsbanken_2022_6dd6ddeb1ac1.json,investment_instruments,0,13486500.0,outstanding green T2 (supplementary capital) instrument of SEK 150 million,[33],"[7, 13]",disclosed_sdg_linked_finance,True,linked_scored,,True,False,0.0,"[7, 13]",outstanding_bank_funding_liability,False,outstanding_bank_funding_liability,False
finland,2023,Aktia Pankki,evaluations/reruns/country_year_classification_20260630_211343/finland_2023/checkpoints_corrected/Finland_Aktia_Pankki_2023_114062953d15.json,keyword_categories,0,180000000.0,"The fund raised almost EUR 180 million and ""strongly supports the green transition in the energy economy"".",[8],"[7, 13]",narrative_only,False,excluded,excluded_construct:narrative_only,False,False,0.0,"[7, 13]",not_in_positive_claim_review,False,cached_score_eligible_false;cached_inclusion_policy:excluded,False
finland,2023,Aktia Pankki,evaluations/reruns/country_year_classification_20260630_211343/finland_2023/checkpoints_corrected/Finland_Aktia_Pankki_2023_114062953d15.json,keyword_categories,1,180000000.0,so far it has raised almost EUR 180 million... Aurinkotuuli III strongly supports the green transition in the energy economy.,[20],[],narrative_only,False,excluded,excluded_construct:narrative_only,False,False,0.0,[],not_in_positive_claim_review,False,cached_score_eligible_false;cached_inclusion_policy:excluded,False
finland,2023,Aktia Pankki,evaluations/reruns/country_year_classification_20260630_211343/finland_2023/checkpoints_corrected/Finland_Aktia_Pankki_2023_114062953d15.json,keyword_categories,2,180000000.0,"“With a subscription of nearly EUR 180 million… the fund’s investments have positive impacts on the environment and society… acquire, develop, construct, operate… utility‑scale onshore wind farms, solar parks… to mitigate climate change.”",[54],"[7, 13]",disclosed_sdg_linked_finance,True,linked_scored,,True,False,0.0,"[7, 13]",customer_fund_subscriptions,False,customer_fund_subscriptions,False
finland,2023,Aktia Pankki,evaluations/reruns/country_year_classification_20260630_211343/finland_2023/checkpoints_corrected/Finland_Aktia_Pankki_2023_114062953d15.json,keyword_categories,3,117000000.0,Main KPI Green asset ratio (GAR) Based on the Turnover KPI 117 mEUR,[155],[],taxonomy_denominator,False,gross_context_only,context_construct:taxonomy_denominator,False,False,0.0,[],not_in_positive_claim_review,False,cached_score_eligible_false;cached_inclusion_policy:gross_context_only,False
finland,2023,Aktia Pankki,evaluations/reruns/country_year_classification_20260630_211343/finland_2023/checkpoints_corrected/Finland_Aktia_Pankki_2023_114062953d15.json,keyword_categories,4,120000000.0,Based on the CapEx KPI 120 mEUR,[155],[],taxonomy_denominator,False,gross_context_only,context_construct:taxonomy_denominator,False,False,0.0,[],not_in_positive_claim_review,False,cached_score_eligible_false;cached_inclusion_policy:gross_context_only,False
finland,2023,Aktia Pankki,evaluations/reruns/country_year_classification_20260630_211343/finland_2023/checkpoints_corrected/Finland_Aktia_Pankki_2023_114062953d15.json,keyword_categories,5,16000000.0,Additional KPIs GAR (flow) Based on the Turnover 16 mEUR,[155],[],taxonomy_denominator,False,gross_context_only,context_construct:taxonomy_denominator,False,False,0.0,[],not_in_positive_claim_review,False,cached_score_eligible_false;cached_inclusion_policy:gross_context_only,False
finland,2023,Aktia Pankki,evaluations/reruns/country_year_classification_20260630_211343/finland_2023/checkpoints_corrected/Finland_Aktia_Pankki_2023_114062953d15.json,keyword_categories,6,19000000.0,Based on the CapEx 19 mEUR,[155],[],taxonomy_denominator,False,gross_context_only,context_construct:taxonomy_denominator,False,False,0.0,[],not_in_positive_claim_review,False,cached_score_eligible_false;cached_inclusion_policy:gross_context_only,False
finland,2023,Aktia Pankki,evaluations/reruns/country_year_classification_20260630_211343/finland_2023/checkpoints_corrected/Finland_Aktia_Pankki_2023_114062953d15.json,keyword_categories,7,24000000.0,Assets under Based on the Turnover 24 mEUR,[155],[],taxonomy_denominator,False,gross_context_only,context_construct:taxonomy_denominator,False,False,0.0,[],not_in_positive_claim_review,False,cached_score_eligible_false;cached_inclusion_policy:gross_context_only,False
finland,2023,Aktia Pankki,evaluations/reruns/country_year_classification_20260630_211343/finland_2023/checkpoints_corrected/Finland_Aktia_Pankki_2023_114062953d15.json,keyword_categories,8,26000000.0,Based on the CapEx 26 mEUR,[155],[],taxonomy_denominator,False,gross_context_only,context_construct:taxonomy_denominator,False,False,0.0,[],not_in_positive_claim_review,False,cached_score_eligible_false;cached_inclusion_policy:gross_context_only,False
finland,2023,Danske Bank,evaluations/reruns/country_year_classification_20260630_211343/finland_2023/checkpoints_corrected/Finland_Danske_Bank_2023_906c4fa04dc6.json,keyword_categories,0,48975700000.0,"By year-end 2023, we had arranged or granted DKK 365 billion in sustainable financing (2022: DKK 273 billion), which includes green loans and arranged sustainable bonds, thereby exceeding our 2023 target of DKK 300 billion.",[12],[],disclosed_sdg_linked_finance,False,gross_context_only,missing_sdg_linkage,False,False,0.0,[],not_in_positive_claim_review,False,cached_score_eligible_false;cached_inclusion_policy:gross_context_only,False
finland,2023,Danske Bank,evaluations/reruns/country_year_classification_20260630_211343/finland_2023/checkpoints_corrected/Finland_Danske_Bank_2023_906c4fa04dc6.json,keyword_categories,1,7433572000.0,"With DKK 55.4 billion invested in the green transition by Danica Pension by year-end 2023 (2022: DKK 37.7 billion), we surpassed our 2023 interim target of investing DKK 50 billion.",[12],[],disclosed_sdg_linked_finance,False,gross_context_only,missing_sdg_linkage,False,False,0.0,[],not_in_positive_claim_review,False,cached_score_eligible_false;cached_inclusion_policy:gross_context_only,False
finland,2023,Danske Bank,evaluations/reruns/country_year_classification_20260630_211343/finland_2023/checkpoints_corrected/Finland_Danske_Bank_2023_906c4fa04dc6.json,keyword_categories,2,7379900000.0,"…the green transition rose from DKK 38 billion at 31 December 2022 to DKK 55 billion at 31 December 2023, and we thus exceeded our 2023 target. Investments include … activities in renewable energy, … green bonds.",[55],"[7, 13]",portfolio_balance,False,gross_context_only,context_construct:portfolio_balance,False,False,0.0,"[7, 13]",not_in_positive_claim_review,False,cached_score_eligible_false;cached_inclusion_policy:gross_context_only,False
finland,2023,Danske Bank,evaluations/reruns/country_year_classification_20260630_211343/finland_2023/checkpoints_corrected/Finland_Danske_Bank_2023_906c4fa04dc6.json,keyword_categories,3,48975700000.0,"Sustainable financing, liquidity position including granted green loans 365",[4],[],disclosed_sdg_linked_finance,False,gross_context_only,missing_sdg_linkage,False,False,0.0,[],not_in_positive_claim_review,False,cached_score_eligible_false;cached_inclusion_policy:gross_context_only,False
finland,2023,Danske Bank,evaluations/reruns/country_year_classification_20260630_211343/finland_2023/checkpoints_corrected/Finland_Danske_Bank_2023_906c4fa04dc6.json,keyword_categories,4,7111540000.0,Investments in funds with a sustainable investment objective 53,[4],[],disclosed_sdg_linked_finance,False,gross_context_only,missing_sdg_linkage,False,False,0.0,[],not_in_positive_claim_review,False,cached_score_eligible_false;cached_inclusion_policy:gross_context_only,False
finland,2023,Danske Bank,evaluations/reruns/country_year_classification_20260630_211343/finland_2023/checkpoints_corrected/Finland_Danske_Bank_2023_906c4fa04dc6.json,keyword_categories,5,7433572000.0,Investments in the green transition by Danica Pension 55.4,[4],[],disclosed_sdg_linked_finance,False,gross_context_only,missing_sdg_linkage,False,False,0.0,[],not_in_positive_claim_review,False,cached_score_eligible_false;cached_inclusion_policy:gross_context_only,False
finland,2023,Danske Bank,evaluations/reruns/country_year_classification_20260630_211343/finland_2023/checkpoints_corrected/Finland_Danske_Bank_2023_906c4fa04dc6.json,investment_instruments,0,48975700000.0,"By year-end 2023, we had arranged or granted DKK 365 billion in sustainable financing ... which includes green loans and arranged sustainable bonds.",[12],[],disclosed_sdg_linked_finance,False,gross_context_only,missing_sdg_linkage,False,False,0.0,[],not_in_positive_claim_review,False,cached_score_eligible_false;cached_inclusion_policy:gross_context_only,False
finland,2023,Danske Bank,evaluations/reruns/country_year_classification_20260630_211343/finland_2023/checkpoints_corrected/Finland_Danske_Bank_2023_906c4fa04dc6.json,investment_instruments,1,3643389540.0,"Bonds issued by Realkredit Danmark under the Group’s green finance framework amounted to a nominal value of DKK 27,153 million outstanding at the end of 2023.",[141],[],facilitated_sustainable_finance,False,gross_context_only,context_construct:facilitated_sustainable_finance,False,False,0.0,[],not_in_positive_claim_review,False,cached_score_eligible_false;cached_inclusion_policy:gross_context_only,False
finland,2023,Danske Bank,evaluations/reruns/country_year_classification_20260630_211343/finland_2023/checkpoints_corrected/Finland_Danske_Bank_2023_906c4fa04dc6.json,investment_instruments,2,48975700000.0,"Sustainable financing, liquidity position including granted green loans 365",[4],[],disclosed_sdg_linked_finance,False,excluded,duplicate_collapsed:kept_keyword_categories[3],False,False,0.0,[],not_in_positive_claim_review,False,cached_score_eligible_false;cached_inclusion_policy:excluded,False
finland,2023,Danske Bank,evaluations/reruns/country_year_classification_20260630_211343/finland_2023/checkpoints_corrected/Finland_Danske_Bank_2023_906c4fa04dc6.json,investment_instruments,3,7111540000.0,Investments in funds with a sustainable investment objective 53,[4],[],disclosed_sdg_linked_finance,False,excluded,duplicate_collapsed:kept_keyword_categories[4],False,False,0.0,[],not_in_positive_claim_review,False,cached_score_eligible_false;cached_inclusion_policy:excluded,False
finland,2023,Danske Bank,evaluations/reruns/country_year_classification_20260630_211343/finland_2023/checkpoints_corrected/Finland_Danske_Bank_2023_906c4fa04dc6.json,investment_instruments,4,7433572000.0,Investments in the green transition by Danica Pension 55.4,[4],[],disclosed_sdg_linked_finance,False,excluded,duplicate_collapsed:kept_keyword_categories[5],False,False,0.0,[],not_in_positive_claim_review,False,cached_score_eligible_false;cached_inclusion_policy:excluded,False
finland,2023,Danske Bank,evaluations/reruns/country_year_classification_20260630_211343/finland_2023/checkpoints_corrected/Finland_Danske_Bank_2023_906c4fa04dc6.json,investment_instruments,5,2102466420.0,"Listed green bonds held for liquidity purposes amounted to DKK 15,669 million at the end of 2023 (2022: 15,775 million).",[112],[],gross_sustainable_finance,False,gross_context_only,context_construct:gross_sustainable_finance,False,False,0.0,[],not_in_positive_claim_review,False,cached_score_eligible_false;cached_inclusion_policy:gross_context_only,False
finland,2023,Danske Bank,evaluations/reruns/country_year_classification_20260630_211343/finland_2023/checkpoints_corrected/Finland_Danske_Bank_2023_906c4fa04dc6.json,investment_instruments,6,3250242140.0,"The Group has issued non‑preferred senior bonds and preferred senior bonds in accordance with the Group’s green bond framework. At the end of 2023, the nominal value of green non‑preferred senior bonds issued amounted to DKK 24,223 million...",[142],"[7, 13]",disclosed_sdg_linked_finance,True,linked_scored,,True,False,0.0,"[7, 13]",year_end_bank_funding_liability,False,year_end_bank_funding_liability,False
finland,2023,Danske Bank,evaluations/reruns/country_year_classification_20260630_211343/finland_2023/checkpoints_corrected/Finland_Danske_Bank_2023_906c4fa04dc6.json,investment_instruments,7,1225600120.0,"The Group has issued non‑preferred senior bonds and preferred senior bonds in accordance with the Group’s green bond framework. At the end of 2023, the nominal value of green preferred senior bonds issued amounted to DKK 9,134 million...",[142],"[7, 13]",disclosed_sdg_linked_finance,True,linked_scored,,True,False,0.0,"[7, 13]",year_end_bank_funding_liability,False,year_end_bank_funding_liability,False
finland,2023,Nordea Bank,evaluations/reruns/country_year_classification_20260630_211343/finland_2023/checkpoints_corrected/Finland_Nordea_Bank_2023_213f8e961fff.json,keyword_categories,0,135000000000.0,Even when the end of 2023 we had already delivered EUR 135bn towards this target.,[18],[],facilitated_sustainable_finance,False,gross_context_only,context_construct:facilitated_sustainable_finance,False,False,0.0,[],not_in_positive_claim_review,False,cached_score_eligible_false;cached_inclusion_policy:gross_context_only,False
finland,2023,Nordea Bank,evaluations/reruns/country_year_classification_20260630_211343/finland_2023/checkpoints_corrected/Finland_Nordea_Bank_2023_213f8e961fff.json,keyword_categories,1,200000000000.0,We have committed to facilitate more than EUR 200bn ...,[18],[],target,False,excluded,excluded_construct:target,False,False,0.0,[],not_in_positive_claim_review,False,cached_score_eligible_false;cached_inclusion_policy:excluded,False
finland,2023,Nordea Bank,evaluations/reruns/country_year_classification_20260630_211343/finland_2023/checkpoints_corrected/Finland_Nordea_Bank_2023_213f8e961fff.json,keyword_categories,2,128000000000.0,"…we remain on track to facilitate EUR 200bn in sustainable financing for our large corporate and institutional customers by 2025, and we have now delivered EUR 128bn towards this target…",[35],[],facilitated_sustainable_finance,False,gross_context_only,context_construct:facilitated_sustainable_finance,False,False,0.0,[],not_in_positive_claim_review,False,cached_score_eligible_false;cached_inclusion_policy:gross_context_only,False
finland,2023,Nordea Bank,evaluations/reruns/country_year_classification_20260630_211343/finland_2023/checkpoints_corrected/Finland_Nordea_Bank_2023_213f8e961fff.json,keyword_categories,3,9194000000.0,"the amount of these sustainability-linked loans amounted to EUR 9,194m (EUR 6,775m).",[132],[],disclosed_sdg_linked_finance,False,gross_context_only,missing_sdg_linkage,False,False,0.0,[],not_in_positive_claim_review,False,cached_score_eligible_false;cached_inclusion_policy:gross_context_only,False
finland,2023,Nordea Bank,evaluations/reruns/country_year_classification_20260630_211343/finland_2023/checkpoints_corrected/Finland_Nordea_Bank_2023_213f8e961fff.json,keyword_categories,4,12108000000.0,"Green loans 12,108 8,919 5,799",[338],[],facilitated_sustainable_finance,False,gross_context_only,context_construct:facilitated_sustainable_finance,False,False,0.0,[],not_in_positive_claim_review,False,cached_score_eligible_false;cached_inclusion_policy:gross_context_only,False
finland,2023,Nordea Bank,evaluations/reruns/country_year_classification_20260630_211343/finland_2023/checkpoints_corrected/Finland_Nordea_Bank_2023_213f8e961fff.json,keyword_categories,5,9705000000.0,"Green corporate loans 9,705 7,642 –",[338],[],facilitated_sustainable_finance,False,gross_context_only,context_construct:facilitated_sustainable_finance,False,False,0.0,[],not_in_positive_claim_review,False,cached_score_eligible_false;cached_inclusion_policy:gross_context_only,False
finland,2023,Nordea Bank,evaluations/reruns/country_year_classification_20260630_211343/finland_2023/checkpoints_corrected/Finland_Nordea_Bank_2023_213f8e961fff.json,keyword_categories,6,1238000000.0,"Other green loans2 1,238 544 –",[338],[],facilitated_sustainable_finance,False,gross_context_only,context_construct:facilitated_sustainable_finance,False,False,0.0,[],not_in_positive_claim_review,False,cached_score_eligible_false;cached_inclusion_policy:gross_context_only,False
finland,2023,Nordea Bank,evaluations/reruns/country_year_classification_20260630_211343/finland_2023/checkpoints_corrected/Finland_Nordea_Bank_2023_213f8e961fff.json,keyword_categories,7,77000000000.0,During 2023 we helped facilitate EUR 77bn of sustainable financing,[338],[],facilitated_sustainable_finance,False,gross_context_only,context_construct:facilitated_sustainable_finance,False,False,0.0,[],not_in_positive_claim_review,False,cached_score_eligible_false;cached_inclusion_policy:gross_context_only,False
finland,2023,Nordea Bank,evaluations/reruns/country_year_classification_20260630_211343/finland_2023/checkpoints_corrected/Finland_Nordea_Bank_2023_213f8e961fff.json,investment_instruments,0,77000000000.0,EUR 77bn increase in sustainable financing,[9],[],facilitated_sustainable_finance,False,gross_context_only,context_construct:facilitated_sustainable_finance,False,False,0.0,[],not_in_positive_claim_review,False,cached_score_eligible_false;cached_inclusion_policy:gross_context_only,False
finland,2023,Nordea Bank,evaluations/reruns/country_year_classification_20260630_211343/finland_2023/checkpoints_corrected/Finland_Nordea_Bank_2023_213f8e961fff.json,investment_instruments,1,135000000000.0,EUR 135bn facilitated as at end-2023,[9],[],facilitated_sustainable_finance,False,gross_context_only,context_construct:facilitated_sustainable_finance,False,False,0.0,[],not_in_positive_claim_review,False,cached_score_eligible_false;cached_inclusion_policy:gross_context_only,False
finland,2023,Nordea Bank,evaluations/reruns/country_year_classification_20260630_211343/finland_2023/checkpoints_corrected/Finland_Nordea_Bank_2023_213f8e961fff.json,investment_instruments,2,6000000000.0,…including … a EUR 6bn green bond for the European Union.,[35],[],disclosed_sdg_linked_finance,False,gross_context_only,missing_sdg_linkage,False,False,0.0,[],not_in_positive_claim_review,False,cached_score_eligible_false;cached_inclusion_policy:gross_context_only,False
finland,2023,Nordea Bank,evaluations/reruns/country_year_classification_20260630_211343/finland_2023/checkpoints_corrected/Finland_Nordea_Bank_2023_213f8e961fff.json,investment_instruments,3,500000000.0,“inaugural 500m euro sustainability-linked bond… tied to its climate and circularity goals.”,[339],[],disclosed_sdg_linked_finance,False,gross_context_only,missing_sdg_linkage,False,False,0.0,[],not_in_positive_claim_review,False,cached_score_eligible_false;cached_inclusion_policy:gross_context_only,False
finland,2023,Nordea Bank,evaluations/reruns/country_year_classification_20260630_211343/finland_2023/checkpoints_corrected/Finland_Nordea_Bank_2023_213f8e961fff.json,investment_instruments,4,3553000000.0,"Bonds EURm EURbn Nordea 3,553 250",[338],[],facilitated_sustainable_finance,False,gross_context_only,context_construct:facilitated_sustainable_finance,False,False,0.0,[],not_in_positive_claim_review,False,cached_score_eligible_false;cached_inclusion_policy:gross_context_only,False
finland,2023,OP Yrityspankki,evaluations/reruns/country_year_classification_20260630_211343/finland_2023/checkpoints_corrected/Finland_OP_Yrityspankki_2023_ef7ae0564fd4.json,keyword_categories,0,6600000000.0,"6.6 € billion (2023) under SDG 13.1 – ""Sustainable financing products will account for at least 8 billion euros of total commitments by the end of 2025"".",[22],[13],portfolio_balance,False,gross_context_only,context_construct:portfolio_balance,False,False,0.0,[13],not_in_positive_claim_review,False,cached_score_eligible_false;cached_inclusion_policy:gross_context_only,False
finland,2023,OP Yrityspankki,evaluations/reruns/country_year_classification_20260630_211343/finland_2023/checkpoints_corrected/Finland_OP_Yrityspankki_2023_ef7ae0564fd4.json,keyword_categories,1,62000000.0,"""In March 2023, we also launched a green loan product ... granted to SMEs totalled EUR 62 million. The loan is intended for investments made to reduce environmental impacts ... renewable energy, electric vehicle infrastructure...""",[30],"[7, 13]",disclosed_sdg_linked_finance,True,linked_scored,,True,False,0.0,"[7, 13]",year_end_granted_loans_not_verified_disbursed,False,year_end_granted_loans_not_verified_disbursed,False
finland,2023,OP Yrityspankki,evaluations/reruns/country_year_classification_20260630_211343/finland_2023/checkpoints_corrected/Finland_OP_Yrityspankki_2023_ef7ae0564fd4.json,keyword_categories,2,62000000.0,green loans granted to SMEs totalled EUR 62 million,[18],[],disclosed_sdg_linked_finance,False,gross_context_only,missing_sdg_linkage,False,False,0.0,[],not_in_positive_claim_review,False,cached_score_eligible_false;cached_inclusion_policy:gross_context_only,False
finland,2023,OP Yrityspankki,evaluations/reruns/country_year_classification_20260630_211343/finland_2023/checkpoints_corrected/Finland_OP_Yrityspankki_2023_ef7ae0564fd4.json,keyword_categories,3,62000000.0,"In March, OP Financial Group launched a green loan for SMEs and housing companies… At the end of December, green loans granted to SMEs totalled EUR 62 million (0).",[40],"[7, 13]",disclosed_sdg_linked_finance,True,linked_scored,,True,False,0.0,"[7, 13]",duplicate_claim,False,duplicate_claim,False
finland,2023,OP Yrityspankki,evaluations/reruns/country_year_classification_20260630_211343/finland_2023/checkpoints_corrected/Finland_OP_Yrityspankki_2023_ef7ae0564fd4.json,investment_instruments,0,6500000.0,OP Corporate Bank had granted a total of EUR 6.5 million of green and sustainability-linked loans.,[27],[],disclosed_sdg_linked_finance,False,gross_context_only,missing_sdg_linkage,False,False,0.0,[],not_in_positive_claim_review,False,cached_score_eligible_false;cached_inclusion_policy:gross_context_only,False
finland,2023,OP Yrityspankki,evaluations/reruns/country_year_classification_20260630_211343/finland_2023/checkpoints_corrected/Finland_OP_Yrityspankki_2023_ef7ae0564fd4.json,investment_instruments,1,500000000.0,"""Four of our bonds are green: the EUR 500 million green bond (2019)...""",[30],"[7, 13]",portfolio_balance,False,gross_context_only,context_construct:portfolio_balance,False,False,0.0,"[7, 13]",not_in_positive_claim_review,False,cached_score_eligible_false;cached_inclusion_policy:gross_context_only,False
finland,2023,OP Yrityspankki,evaluations/reruns/country_year_classification_20260630_211343/finland_2023/checkpoints_corrected/Finland_OP_Yrityspankki_2023_ef7ae0564fd4.json,investment_instruments,2,500000000.0,"""...EUR 500 million green senior non‑preferred bond (2022) issued by OP Corporate Bank...""",[30],"[7, 13]",portfolio_balance,False,gross_context_only,context_construct:portfolio_balance,False,False,0.0,"[7, 13]",not_in_positive_claim_review,False,cached_score_eligible_false;cached_inclusion_policy:gross_context_only,False
finland,2023,OP Yrityspankki,evaluations/reruns/country_year_classification_20260630_211343/finland_2023/checkpoints_corrected/Finland_OP_Yrityspankki_2023_ef7ae0564fd4.json,investment_instruments,3,750000000.0,"""...EUR 750 million green covered bond (2021) issued by OP Mortgage Bank...""",[30],"[7, 13]",portfolio_balance,False,gross_context_only,context_construct:portfolio_balance,False,False,0.0,"[7, 13]",not_in_positive_claim_review,False,cached_score_eligible_false;cached_inclusion_policy:gross_context_only,False
finland,2023,OP Yrityspankki,evaluations/reruns/country_year_classification_20260630_211343/finland_2023/checkpoints_corrected/Finland_OP_Yrityspankki_2023_ef7ae0564fd4.json,investment_instruments,4,1000000000.0,"""...EUR 1 billion green covered bond (2022) issued by OP Mortgage Bank...""",[30],"[7, 13]",portfolio_balance,False,gross_context_only,context_construct:portfolio_balance,False,False,0.0,"[7, 13]",not_in_positive_claim_review,False,cached_score_eligible_false;cached_inclusion_policy:gross_context_only,False
finland,2023,OP Yrityspankki,evaluations/reruns/country_year_classification_20260630_211343/finland_2023/checkpoints_corrected/Finland_OP_Yrityspankki_2023_ef7ae0564fd4.json,investment_instruments,5,500000000.0,OP Financial Group has issued four green bonds: the EUR 500 million green bond (2019)…,[17],[13],disclosed_sdg_linked_finance,True,linked_scored,,True,False,0.0,[13],historic_bank_issuance,False,historic_bank_issuance,False
finland,2023,OP Yrityspankki,evaluations/reruns/country_year_classification_20260630_211343/finland_2023/checkpoints_corrected/Finland_OP_Yrityspankki_2023_ef7ae0564fd4.json,investment_instruments,6,500000000.0,…EUR 500 million green senior non‑preferred bond (2022) issued by OP Corporate Bank…,[17],[13],disclosed_sdg_linked_finance,False,excluded,duplicate_collapsed:kept_investment_instruments[2],False,False,0.0,[13],not_in_positive_claim_review,False,cached_score_eligible_false;cached_inclusion_policy:excluded,False
finland,2023,OP Yrityspankki,evaluations/reruns/country_year_classification_20260630_211343/finland_2023/checkpoints_corrected/Finland_OP_Yrityspankki_2023_ef7ae0564fd4.json,investment_instruments,7,750000000.0,…EUR 750 million green covered bond (2021) issued by OP Mortgage Bank…,[17],[13],disclosed_sdg_linked_finance,False,excluded,duplicate_collapsed:kept_investment_instruments[3],False,False,0.0,[13],not_in_positive_claim_review,False,cached_score_eligible_false;cached_inclusion_policy:excluded,False
finland,2023,OP Yrityspankki,evaluations/reruns/country_year_classification_20260630_211343/finland_2023/checkpoints_corrected/Finland_OP_Yrityspankki_2023_ef7ae0564fd4.json,investment_instruments,8,1000000000.0,"…EUR 1,000 million green covered bond (2022) issued by OP Mortgage Bank.",[17],[13],disclosed_sdg_linked_finance,True,linked_scored,,True,False,0.0,[13],historic_bank_issuance,False,historic_bank_issuance,False
finland,2023,OP Yrityspankki,evaluations/reruns/country_year_classification_20260630_211343/finland_2023/checkpoints_corrected/Finland_OP_Yrityspankki_2023_ef7ae0564fd4.json,investment_instruments,9,6600000000.0,The combined exposures of these loans and limits increased to EUR 6.6 billion (5.2) in 2023.,[17],[13],portfolio_balance,False,gross_context_only,context_construct:portfolio_balance,False,False,0.0,[13],not_in_positive_claim_review,False,cached_score_eligible_false;cached_inclusion_policy:gross_context_only,False
finland,2023,OP Yrityspankki,evaluations/reruns/country_year_classification_20260630_211343/finland_2023/checkpoints_corrected/Finland_OP_Yrityspankki_2023_ef7ae0564fd4.json,investment_instruments,10,62000000.0,"In March, OP Financial Group launched a green loan for SMEs and housing companies… green loans granted to SMEs totalled EUR 62 million (0).",[40],"[7, 13]",disclosed_sdg_linked_finance,True,linked_scored,,True,False,0.0,"[7, 13]",duplicate_claim,False,duplicate_claim,False
finland,2023,Säästöpankkien Keskuspankki,evaluations/reruns/country_year_classification_20260630_211343/finland_2023/checkpoints_corrected/Finland_Saastopankkien_Keskuspankki_2023_7a92af68e355.json,keyword_categories,0,32200000.0,the total fund capital of the Säästöpankki Ympäristö special investment fund totalled EUR 32.2 million on 31 December 2023… investment in solar and wind energy through the Säästöpankki Ympäristö special investment fund,[50],"[7, 13]",gross_sustainable_finance,False,gross_context_only,context_construct:gross_sustainable_finance,False,False,0.0,"[7, 13]",not_in_positive_claim_review,False,cached_score_eligible_false;cached_inclusion_policy:gross_context_only,False
finland,2023,Säästöpankkien Keskuspankki,evaluations/reruns/country_year_classification_20260630_211343/finland_2023/checkpoints_corrected/Finland_Saastopankkien_Keskuspankki_2023_7a92af68e355.json,keyword_categories,1,32200000.0,"At the end of 2023, the fund capital totalled EUR 32.2 million, which corresponds to 0.7 per cent of the total capital of Savings Banks’ Asset Management funds.",[36],[],narrative_only,False,excluded,excluded_construct:narrative_only,False,False,0.0,[],not_in_positive_claim_review,False,cached_score_eligible_false;cached_inclusion_policy:excluded,False
finland,2023,Ålandsbanken,evaluations/reruns/country_year_classification_20260630_211343/finland_2023/checkpoints_corrected/Finland_Alandsbanken_2023_3c91f681aeee.json,investment_instruments,0,13518000.0,"“The Bank of Åland has an outstanding green T2 (supplementary capital) instrument of SEK 150 million… This framework covers the financing of renewable energy, specifically wind and solar power…”.",[36],[],facilitated_sustainable_finance,False,gross_context_only,context_construct:facilitated_sustainable_finance,False,False,0.0,[],not_in_positive_claim_review,False,cached_score_eligible_false;cached_inclusion_policy:gross_context_only,False
finland,2023,Ålandsbanken,evaluations/reruns/country_year_classification_20260630_211343/finland_2023/checkpoints_corrected/Finland_Alandsbanken_2023_3c91f681aeee.json,investment_instruments,1,13518000.0,"Green Floating Rate Tier 2 Note 2021 13,518",[108],[],disclosed_sdg_linked_finance,False,gross_context_only,missing_sdg_linkage,False,False,0.0,[],not_in_positive_claim_review,False,cached_score_eligible_false;cached_inclusion_policy:gross_context_only,False
finland,2023,Ålandsbanken,evaluations/reruns/country_year_classification_20260630_211343/finland_2023/checkpoints_corrected/Finland_Alandsbanken_2023_3c91f681aeee.json,investment_instruments,2,13500000.0,"Green Bonds total3 13.5 13.5 … of which renewable energy, % 20",[174],"[7, 13]",disclosed_sdg_linked_finance,True,linked_scored,,True,False,0.0,"[7, 13]",historical_bank_funding_stock,False,historical_bank_funding_stock,False
finland,2024,Aktia Pankki,evaluations/reruns/country_year_classification_20260630_211343/finland_2024/checkpoints_corrected/Finland_Aktia_Pankki_2024_45cc7d5cb88f.json,keyword_categories,0,75000000.0,"EUR 75 million loan agreement concluded in April 2024 with NIB (Nordic Investment Bank), which is partly earmarked for supporting environmental projects.",[44],[],disclosed_sdg_linked_finance,False,gross_context_only,missing_sdg_linkage,False,False,0.0,[],not_in_positive_claim_review,False,cached_score_eligible_false;cached_inclusion_policy:gross_context_only,False
finland,2024,Bonum Pankki,evaluations/reruns/country_year_classification_20260630_211343/finland_2024/checkpoints_corrected/Finland_Bonum_Pankki_2024_69e4b2613b94.json,keyword_categories,0,4700000000.0,"Advances to customers, totaling EUR 4.7 billion, are the most significant item on the POP Bank Group’s consolidated balance sheet",[],[],lending_portfolio_total,False,excluded,excluded_construct:lending_portfolio_total,False,False,0.0,[],not_in_positive_claim_review,False,cached_score_eligible_false;cached_inclusion_policy:excluded,False
finland,2024,Bonum Pankki,evaluations/reruns/country_year_classification_20260630_211343/finland_2024/checkpoints_corrected/Finland_Bonum_Pankki_2024_69e4b2613b94.json,keyword_categories,1,700000000.0,The carrying amount of investment assets totals EUR 0.7 billion mainly consisting of investments measured at fair value.,[],[],gross_aum,False,gross_context_only,context_construct:gross_aum,False,False,0.0,[],not_in_positive_claim_review,False,cached_score_eligible_false;cached_inclusion_policy:gross_context_only,False
finland,2024,Bonum Pankki,evaluations/reruns/country_year_classification_20260630_211343/finland_2024/checkpoints_corrected/Finland_Bonum_Pankki_2024_69e4b2613b94.json,keyword_categories,2,29000000.0,The derivative assets amount to EUR 29 million,[],[],gross_aum,False,gross_context_only,context_construct:gross_aum,False,False,0.0,[],not_in_positive_claim_review,False,cached_score_eligible_false;cached_inclusion_policy:gross_context_only,False
finland,2024,Bonum Pankki,evaluations/reruns/country_year_classification_20260630_211343/finland_2024/checkpoints_corrected/Finland_Bonum_Pankki_2024_69e4b2613b94.json,keyword_categories,3,3000000.0,EUR 3 million comprising contracts held for hedging purposes.,[],[],gross_aum,False,gross_context_only,context_construct:gross_aum,False,False,0.0,[],not_in_positive_claim_review,False,cached_score_eligible_false;cached_inclusion_policy:gross_context_only,False
finland,2024,Bonum Pankki,evaluations/reruns/country_year_classification_20260630_211343/finland_2024/checkpoints_corrected/Finland_Bonum_Pankki_2024_69e4b2613b94.json,investment_instruments,0,15000000.0,We will grant green loans amounting EUR 15 million in 2026.,[68],[],disclosed_sdg_linked_finance,False,gross_context_only,missing_sdg_linkage,False,False,0.0,[],not_in_positive_claim_review,False,cached_score_eligible_false;cached_inclusion_policy:gross_context_only,False
finland,2024,Danske Bank,evaluations/reruns/country_year_classification_20260630_211343/finland_2024/checkpoints_corrected/Finland_Danske_Bank_2024_8381f710ffb6.json,investment_instruments,0,2750856350.0,"The Group has issued non‑preferred senior bonds ... in accordance with the Group’s green bond framework. At the end of 2024, the nominal value of green non‑preferred senior bonds issued amounted to DKK 20,515 million.",[181],"[7, 13]",disclosed_sdg_linked_finance,True,linked_scored,,True,False,0.0,"[7, 13]",year_end_bank_funding_liability,False,year_end_bank_funding_liability,False
finland,2024,Danske Bank,evaluations/reruns/country_year_classification_20260630_211343/finland_2024/checkpoints_corrected/Finland_Danske_Bank_2024_8381f710ffb6.json,investment_instruments,1,1217805380.0,"The Group has issued ... green preferred senior bonds issued amounted to DKK 9,082 million.",[181],"[7, 13]",disclosed_sdg_linked_finance,True,linked_scored,,True,False,0.0,"[7, 13]",year_end_bank_funding_liability,False,year_end_bank_funding_liability,False
finland,2024,Nordea Bank,evaluations/reruns/country_year_classification_20260630_211343/finland_2024/checkpoints_corrected/Finland_Nordea_Bank_2024_fc7e60246401.json,keyword_categories,0,200000000000.0,Facilitate more than EUR 200bn in sustainable financing during the period 2022–25,[18],[],target,False,excluded,excluded_construct:target,False,False,0.0,[],not_in_positive_claim_review,False,cached_score_eligible_false;cached_inclusion_policy:excluded,False
finland,2024,Nordea Bank,evaluations/reruns/country_year_classification_20260630_211343/finland_2024/checkpoints_corrected/Finland_Nordea_Bank_2024_fc7e60246401.json,keyword_categories,1,185000000000.0,EUR 185bn,[18],[],target,False,excluded,excluded_construct:target,False,False,0.0,[],not_in_positive_claim_review,False,cached_score_eligible_false;cached_inclusion_policy:excluded,False
finland,2024,Nordea Bank,evaluations/reruns/country_year_classification_20260630_211343/finland_2024/checkpoints_corrected/Finland_Nordea_Bank_2024_fc7e60246401.json,keyword_categories,2,9264.0,"The gross carrying amount of the sustainability‑linked loans recognised on the balance sheet amounted to EUR 9,264 (EUR 1) … 98.1% … linked to KPIs related to climate transition risk, meaning risk associated with the transition to a net zero society.",[217],[],narrative_only,False,excluded,excluded_construct:narrative_only,False,False,0.0,[],not_in_positive_claim_review,False,cached_score_eligible_false;cached_inclusion_policy:excluded,False
finland,2024,OP Yrityspankki,evaluations/reruns/country_year_classification_20260630_211343/finland_2024/checkpoints_corrected/Finland_OP_Yrityspankki_2024_69dd83a089f3.json,keyword_categories,0,500000000.0,Green bonds Renewable energy ... €500 million,[9],"[7, 13]",disclosed_sdg_linked_finance,True,linked_scored,,True,False,0.0,"[7, 13]",bank_issued_funding_liability,False,bank_issued_funding_liability,False
finland,2024,OP Yrityspankki,evaluations/reruns/country_year_classification_20260630_211343/finland_2024/checkpoints_corrected/Finland_OP_Yrityspankki_2024_69dd83a089f3.json,keyword_categories,1,8600000000.0,Our product range will cover sustainable financing and investment products €8.6 billion €6.6 billion,[18],[13],forward_commitment,False,excluded,excluded_construct:forward_commitment,False,False,0.0,[13],not_in_positive_claim_review,False,cached_score_eligible_false;cached_inclusion_policy:excluded,False
finland,2024,OP Yrityspankki,evaluations/reruns/country_year_classification_20260630_211343/finland_2024/checkpoints_corrected/Finland_OP_Yrityspankki_2024_69dd83a089f3.json,keyword_categories,2,255000000.0,"green loans granted to SMEs totalled EUR 255 million (62). ... boosts investments in areas such as energy‑efficient construction, renewable energy, and infrastructure for low‑emission transport.",[53],"[7, 13]",disclosed_sdg_linked_finance,True,linked_scored,,True,False,0.0,"[7, 13]",year_end_granted_loans_not_verified_disbursed,False,year_end_granted_loans_not_verified_disbursed,False
finland,2024,OP Yrityspankki,evaluations/reruns/country_year_classification_20260630_211343/finland_2024/checkpoints_corrected/Finland_OP_Yrityspankki_2024_69dd83a089f3.json,investment_instruments,0,500000000.0,Green bonds Renewable energy ... €500 million,[9],"[7, 13]",disclosed_sdg_linked_finance,False,excluded,duplicate_collapsed:kept_keyword_categories[0],False,False,0.0,"[7, 13]",not_in_positive_claim_review,False,cached_score_eligible_false;cached_inclusion_policy:excluded,False
finland,2024,OP Yrityspankki,evaluations/reruns/country_year_classification_20260630_211343/finland_2024/checkpoints_corrected/Finland_OP_Yrityspankki_2024_69dd83a089f3.json,investment_instruments,1,500000000.0,issued a senior green bond worth EUR 500 million.,[36],[],disclosed_sdg_linked_finance,False,gross_context_only,missing_sdg_linkage,False,False,0.0,[],not_in_positive_claim_review,False,cached_score_eligible_false;cached_inclusion_policy:gross_context_only,False
finland,2024,Oma Säästöpankki,evaluations/reruns/country_year_classification_20260630_211343/finland_2024/checkpoints_corrected/Finland_Oma_Saastopankki_2024_41c5cad0a3b3.json,keyword_categories,0,6250.0,"The Company donated EUR 6,250 to MIELI ry for actions, the Company supports the UN Sustainable Development Goals 4 Quality Education and 17 Partnerships for the Goals.",[110],"[4, 17]",disclosed_sdg_linked_finance,True,linked_scored,,True,True,6250.0,[3],bank_donation_current_year_verified,False,,False
finland,2024,Ålandsbanken,evaluations/reruns/country_year_classification_20260630_211343/finland_2024/checkpoints_corrected/Finland_Alandsbanken_2024_9655fef12275.json,keyword_categories,0,70000.0,"Project Björkskär ... 70,000",[133],[],narrative_only,False,excluded,excluded_construct:narrative_only,False,False,0.0,[],not_in_positive_claim_review,False,cached_score_eligible_false;cached_inclusion_policy:excluded,False
finland,2024,Ålandsbanken,evaluations/reruns/country_year_classification_20260630_211343/finland_2024/checkpoints_corrected/Finland_Alandsbanken_2024_9655fef12275.json,investment_instruments,0,13090500.0,"For the time being, the Bank of Åland has an outstanding green T2 (supplementary capital) instrument of SEK 150 million, for which the Treasury department maintains a green asset register.",[34],[],narrative_only,False,excluded,excluded_construct:narrative_only,False,False,0.0,[],not_in_positive_claim_review,False,cached_score_eligible_false;cached_inclusion_policy:excluded,False
finland,2024,Ålandsbanken,evaluations/reruns/country_year_classification_20260630_211343/finland_2024/checkpoints_corrected/Finland_Alandsbanken_2024_9655fef12275.json,investment_instruments,1,13090500.0,green T2 (supplementary capital) instrument totalling SEK 150 million,[58],[],disclosed_sdg_linked_finance,False,gross_context_only,missing_sdg_linkage,False,False,0.0,[],not_in_positive_claim_review,False,cached_score_eligible_false;cached_inclusion_policy:gross_context_only,False
finland,2024,Ålandsbanken,evaluations/reruns/country_year_classification_20260630_211343/finland_2024/checkpoints_corrected/Finland_Alandsbanken_2024_9655fef12275.json,investment_instruments,2,13090500.0,The Bank of Åland will invest in its green capital instrument amounting to SEK 150 million.,[110],[],narrative_only,False,excluded,excluded_construct:narrative_only,False,False,0.0,[],not_in_positive_claim_review,False,cached_score_eligible_false;cached_inclusion_policy:excluded,False
finland,2024,Ålandsbanken,evaluations/reruns/country_year_classification_20260630_211343/finland_2024/checkpoints_corrected/Finland_Alandsbanken_2024_9655fef12275.json,investment_instruments,3,13090.0,"Green Floating Rate Tier 2 Note 13,090",[265],[],disclosed_sdg_linked_finance,False,gross_context_only,missing_sdg_linkage,False,False,0.0,[],not_in_positive_claim_review,False,cached_score_eligible_false;cached_inclusion_policy:gross_context_only,False
ukraine,2019,Oschadbank,evaluations/reruns/country_year_classification_20260630_211343/ukraine_2019/checkpoints_corrected/Ukraine_Oschadbank_2019_6ce28375bf21.json,keyword_categories,0,162755000.0,…the bank has issued 221 thous. “warm” loans for the total amount of UAH 4.3 bn.,[26],[],narrative_only,False,excluded,excluded_construct:narrative_only,False,False,0.0,[],not_in_positive_claim_review,False,cached_score_eligible_false;cached_inclusion_policy:excluded,False
ukraine,2019,Oschadbank,evaluations/reruns/country_year_classification_20260630_211343/ukraine_2019/checkpoints_corrected/Ukraine_Oschadbank_2019_6ce28375bf21.json,keyword_categories,1,2365625.0,Oschadbank’s product named “Green Energy” … overall amount of relevant loans issued made up UAH 62.5 mln.,[26],[],narrative_only,False,excluded,excluded_construct:narrative_only,False,False,0.0,[],not_in_positive_claim_review,False,cached_score_eligible_false;cached_inclusion_policy:excluded,False
ukraine,2019,Oschadbank,evaluations/reruns/country_year_classification_20260630_211343/ukraine_2019/checkpoints_corrected/Ukraine_Oschadbank_2019_6ce28375bf21.json,keyword_categories,2,282000000.0,"In total, as of the end of 2019, Oschadbank had financed various projects of alternative energy facilities construction for EUR 282 mln.",[26],[],narrative_only,False,excluded,excluded_construct:narrative_only,False,False,0.0,[],not_in_positive_claim_review,False,cached_score_eligible_false;cached_inclusion_policy:excluded,False
ukraine,2019,Oschadbank,evaluations/reruns/country_year_classification_20260630_211343/ukraine_2019/checkpoints_corrected/Ukraine_Oschadbank_2019_6ce28375bf21.json,keyword_categories,3,26495.0,"Over year 2019, Oschadbank’s employees and customers made money transfers in favor of “Tabletochki” for the total amount of UAH 700 thous.",[27],[],narrative_only,False,excluded,excluded_construct:narrative_only,False,False,0.0,[],not_in_positive_claim_review,False,cached_score_eligible_false;cached_inclusion_policy:excluded,False
ukraine,2019,Oschadbank,evaluations/reruns/country_year_classification_20260630_211343/ukraine_2019/checkpoints_corrected/Ukraine_Oschadbank_2019_6ce28375bf21.json,keyword_categories,4,144800000.0,active performance of programs on financing the projects of construction of alternative energy facilities (loan agreements were concluded for the total amount of EUR 144.8 mln).,[12],"[7, 13]",facilitated_sustainable_finance,False,gross_context_only,context_construct:facilitated_sustainable_finance,False,False,0.0,"[7, 13]",not_in_positive_claim_review,False,cached_score_eligible_false;cached_inclusion_policy:gross_context_only,False
ukraine,2019,Ukreximbank,evaluations/reruns/country_year_classification_20260630_211343/ukraine_2019/checkpoints_corrected/Ukraine_Ukreximbank_2019_7313e607502d.json,keyword_categories,0,80000000.0,Received the syndicated loan for amount of EUR 80 mln. from the EBRD to finance renewable energy and energy efficiency projects.,[11],"[7, 13]",recipient_side_financing,False,excluded,excluded_construct:recipient_side_financing,False,False,0.0,"[7, 13]",not_in_positive_claim_review,False,cached_score_eligible_false;cached_inclusion_policy:excluded,False
ukraine,2019,Ukrgazbank,evaluations/reruns/country_year_classification_20260630_211343/ukraine_2019/checkpoints_corrected/Ukraine_Ukrgazbank_2019_c5df46b73eeb.json,keyword_categories,0,83100000.0,limits for financing of 30 projects in terms of renewable energy sources ... for 83.1 mln. Euro,[5],"[7, 13]",facilitated_sustainable_finance,False,gross_context_only,context_construct:facilitated_sustainable_finance,False,False,0.0,"[7, 13]",not_in_positive_claim_review,False,cached_score_eligible_false;cached_inclusion_policy:gross_context_only,False
ukraine,2020,Oschadbank,evaluations/reruns/country_year_classification_20260630_211343/ukraine_2020/checkpoints_corrected/Ukraine_Oschadbank_2020_78cace021442.json,keyword_categories,0,144800000.0,active performance of programs on financing the projects of construction of alternative energy facilities (loan agreements were concluded for the total amount of EUR 144.8 mln).,[12],"[7, 13]",disclosed_sdg_linked_finance,True,linked_scored,,True,False,0.0,"[7, 13]",source_report_year_mismatch,False,source_report_year_mismatch,False
ukraine,2020,Oschadbank,evaluations/reruns/country_year_classification_20260630_211343/ukraine_2020/checkpoints_corrected/Ukraine_Oschadbank_2020_78cace021442.json,keyword_categories,1,282000000.0,Alternative energy industry is financed by the bank ... for EUR 282 mln.,[24],[],narrative_only,False,excluded,excluded_construct:narrative_only,False,False,0.0,[],not_in_positive_claim_review,False,cached_score_eligible_false;cached_inclusion_policy:excluded,False
ukraine,2020,Oschadbank,evaluations/reruns/country_year_classification_20260630_211343/ukraine_2020/checkpoints_corrected/Ukraine_Oschadbank_2020_78cace021442.json,keyword_categories,2,123797000.0,Since 2014 … the bank has issued 221 thous. “warm” loans for the total amount of UAH 4.3 bn.,[24],[],narrative_only,False,excluded,excluded_construct:narrative_only,False,False,0.0,[],not_in_positive_claim_review,False,cached_score_eligible_false;cached_inclusion_policy:excluded,False
ukraine,2020,Oschadbank,evaluations/reruns/country_year_classification_20260630_211343/ukraine_2020/checkpoints_corrected/Ukraine_Oschadbank_2020_78cace021442.json,keyword_categories,3,1799375.0,Oschadbank’s product named “Green Energy” … overall amount of relevant loans issued made up UAH 62.5 mln.,[24],[],narrative_only,False,excluded,excluded_construct:narrative_only,False,False,0.0,[],not_in_positive_claim_review,False,cached_score_eligible_false;cached_inclusion_policy:excluded,False
ukraine,2020,Ukreximbank,evaluations/reruns/country_year_classification_20260630_211343/ukraine_2020/checkpoints_corrected/Ukraine_Ukreximbank_2020_d91b65af2fdc.json,keyword_categories,0,5000000.0,"""Financing Energy Efficiency and Renewable Energy Project in the amount of UAH 173,461 thousand ... The amount of loan under the Loan Agreement is equivalent to EUR 5,000 thousand.""",[95],"[7, 13]",facilitated_sustainable_finance,False,gross_context_only,context_construct:facilitated_sustainable_finance,False,False,0.0,"[7, 13]",not_in_positive_claim_review,False,cached_score_eligible_false;cached_inclusion_policy:gross_context_only,False
ukraine,2020,Ukreximbank,evaluations/reruns/country_year_classification_20260630_211343/ukraine_2020/checkpoints_corrected/Ukraine_Ukreximbank_2020_d91b65af2fdc.json,keyword_categories,1,121960716.22,"""Loans from international financial institutions include the loan from the IBRD under the Project on Energy Efficiency in the amount of UAH 4,236,218 thousand""",[95],"[7, 13]",recipient_side_financing,False,excluded,excluded_construct:recipient_side_financing,False,False,0.0,"[7, 13]",not_in_positive_claim_review,False,cached_score_eligible_false;cached_inclusion_policy:excluded,False
ukraine,2020,Ukrgazbank,evaluations/reruns/country_year_classification_20260630_211343/ukraine_2020/checkpoints_corrected/Ukraine_Ukrgazbank_2020_6602b6335bc4.json,keyword_categories,0,30000000.0,Loan Agreement … to provide a loan of EUR 30 million … to finance energy efficiency and renewable energy projects.,[30],"[7, 13]",disclosed_sdg_linked_finance,True,linked_scored,,True,False,0.0,"[7, 13]",recipient_side_future_financing,False,recipient_side_future_financing,False
ukraine,2020,Ukrgazbank,evaluations/reruns/country_year_classification_20260630_211343/ukraine_2020/checkpoints_corrected/Ukraine_Ukrgazbank_2020_6602b6335bc4.json,keyword_categories,1,30000000.0,"On 25 January 2021, the Loan Agreement … to provide a loan of EUR 30 million. The loan shall be provided for a period of five years to finance energy efficiency and renewable energy projects.",[3],[],facilitated_sustainable_finance,False,gross_context_only,context_construct:facilitated_sustainable_finance,False,False,0.0,[],not_in_positive_claim_review,False,cached_score_eligible_false;cached_inclusion_policy:gross_context_only,False
ukraine,2020,Ukrgazbank,evaluations/reruns/country_year_classification_20260630_211343/ukraine_2020/checkpoints_corrected/Ukraine_Ukrgazbank_2020_6602b6335bc4.json,keyword_categories,2,7330000.0,"During 2020, limits for financing of five projects in terms of renewable energy sources, with the general capacity of 21,044 MWt for 7.33 million EUR ... Three projects – network solar power plants ... for the amount of 7.33 million EUR.",[29],[],target,False,excluded,excluded_construct:target,False,False,0.0,[],not_in_positive_claim_review,False,cached_score_eligible_false;cached_inclusion_policy:excluded,False
ukraine,2021,Oschadbank,evaluations/reruns/country_year_classification_20260630_211343/ukraine_2021/checkpoints_corrected/Ukraine_Oschadbank_2021_a1a5f80a126c.json,keyword_categories,0,1510278.0,"Oschadbank's product called ""Green Energy"" allows the households to use the loan for purchase of equipment and materials for green energy production (electricity production through solar, wind, biomass energy etc.). In 2021, the respective loans were issued for the total amount of over UAH 46.7 m.",[34],[],facilitated_sustainable_finance,False,gross_context_only,context_construct:facilitated_sustainable_finance,False,False,0.0,[],not_in_positive_claim_review,False,cached_score_eligible_false;cached_inclusion_policy:gross_context_only,False
ukraine,2021,Raiffeisen Bank JSC,evaluations/reruns/country_year_classification_20260630_211343/ukraine_2021/checkpoints_corrected/Ukraine_Raiffeisen_Bank_JSC_2021_769a8c75a33f.json,keyword_categories,0,176300000.0,"When providing financing using this mechanism, at least 30% of funds will be allocated to finance highly‑efficient and environmentally‑friendly technologies... By the year’s end, Raiffeisen Bank has successfully utilized the funds, whose amount was increased last year to 176.3 million euros...",[52],"[7, 13]",disclosed_sdg_linked_finance,True,linked_scored,,True,False,0.0,"[7, 13]",cross_program_sdg_link_and_year_not_verified,False,cross_program_sdg_link_and_year_not_verified,False
ukraine,2021,Raiffeisen Bank JSC,evaluations/reruns/country_year_classification_20260630_211343/ukraine_2021/checkpoints_corrected/Ukraine_Raiffeisen_Bank_JSC_2021_769a8c75a33f.json,investment_instruments,0,75000000.0,"EBRD has issued a non‑financial guarantee to Raiffeisen Bank in the amount of up to 75 million euros... When providing financing using this mechanism, at least 30% of funds will be allocated to finance highly‑efficient and environmentally‑friendly technologies...",[52],"[7, 13]",credit_limit_undrawn,False,gross_context_only,context_construct:credit_limit_undrawn,False,False,0.0,"[7, 13]",not_in_positive_claim_review,False,strict_primary_excludes_credit_limit_undrawn;cached_score_eligible_false;cached_inclusion_policy:gross_context_only,False
ukraine,2021,Raiffeisen Bank JSC,evaluations/reruns/country_year_classification_20260630_211343/ukraine_2021/checkpoints_corrected/Ukraine_Raiffeisen_Bank_JSC_2021_769a8c75a33f.json,investment_instruments,1,70000000.0,"Raiffeisen Bank continued to issue business loans additionally secured by the EBRD’s guarantee under the Risk Sharing Program, whose total amount was increased last year to EUR 70 million.",[52],[],narrative_only,False,excluded,excluded_construct:narrative_only,False,False,0.0,[],not_in_positive_claim_review,False,cached_score_eligible_false;cached_inclusion_policy:excluded,False
ukraine,2021,Sense Bank,evaluations/reruns/country_year_classification_20260630_211343/ukraine_2021/checkpoints_corrected/Ukraine_Sense_Bank_2021_d3f60438609d.json,keyword_categories,0,3104.64,"«у 2021 році – 143 дитини ... отримали шкільний одяг, портфелі та канцелярію на загальну суму 96 тисяч гривень»",[32],[1],disclosed_sdg_linked_finance,True,linked_scored,,True,False,0.0,[1],bank_funded_share_not_verified,False,bank_funded_share_not_verified,False
ukraine,2021,Sense Bank,evaluations/reruns/country_year_classification_20260630_211343/ukraine_2021/checkpoints_corrected/Ukraine_Sense_Bank_2021_d3f60438609d.json,keyword_categories,1,55394.49,"«у 2021 році за програмою ‘Допоможемо разом’ витрачено 1 712 878,40 гривень»",[32],[3],disclosed_sdg_linked_finance,True,linked_scored,,True,False,0.0,[3],mixed_funding_program_total_not_attributable,False,mixed_funding_program_total_not_attributable,False
ukraine,2021,Ukrgazbank,evaluations/reruns/country_year_classification_20260630_211343/ukraine_2021/checkpoints_corrected/Ukraine_Ukrgazbank_2021_def6b26420b5.json,keyword_categories,0,30000000.0,"On 17 March 2021, the Bank received the loan from the International Finance Corporation in the amount of 30 million EUR. The loan has been provided … to finance energy efficiency and renewable energy projects.",[3],"[7, 13]",recipient_side_financing,False,excluded,excluded_construct:recipient_side_financing,False,False,0.0,"[7, 13]",not_in_positive_claim_review,False,cached_score_eligible_false;cached_inclusion_policy:excluded,False
ukraine,2021,Ukrgazbank,evaluations/reruns/country_year_classification_20260630_211343/ukraine_2021/checkpoints_corrected/Ukraine_Ukrgazbank_2021_def6b26420b5.json,keyword_categories,1,30000000.0,Loan Agreement ... provision of the loan of 30 million EUR. The loan shall be provided ... to finance energy efficiency and renewable energy projects.,[6],"[7, 13]",recipient_side_financing,False,excluded,excluded_construct:recipient_side_financing,False,False,0.0,"[7, 13]",not_in_positive_claim_review,False,cached_score_eligible_false;cached_inclusion_policy:excluded,False
ukraine,2021,Ukrgazbank,evaluations/reruns/country_year_classification_20260630_211343/ukraine_2021/checkpoints_corrected/Ukraine_Ukrgazbank_2021_def6b26420b5.json,keyword_categories,2,472164000.0,"As of 01 January 2022, JSB “UKRGASBANK”’s total green loan portfolio amounted to 14.6 billion UAH in hryvnia equivalent… (in line with the UN Sustainable Development Goals).",[78],"[7, 13]",portfolio_balance,False,gross_context_only,context_construct:portfolio_balance,False,False,0.0,"[7, 13]",not_in_positive_claim_review,False,cached_score_eligible_false;cached_inclusion_policy:gross_context_only,False
ukraine,2021,Ukrgazbank,evaluations/reruns/country_year_classification_20260630_211343/ukraine_2021/checkpoints_corrected/Ukraine_Ukrgazbank_2021_def6b26420b5.json,keyword_categories,3,963732000.0,"As of 01 January 2022, the total portfolio of the Bank’s “green” projects … amounts to almost 29.8 billion UAH, 813 eco‑credit projects have been signed, including 60% renewable energy projects.",[79],"[7, 13]",portfolio_balance,False,gross_context_only,context_construct:portfolio_balance,False,False,0.0,"[7, 13]",not_in_positive_claim_review,False,cached_score_eligible_false;cached_inclusion_policy:gross_context_only,False
ukraine,2022,Raiffeisen Bank JSC,evaluations/reruns/country_year_classification_20260630_211343/ukraine_2022/checkpoints_corrected/Ukraine_Raiffeisen_Bank_JSC_2022_76a3259eaf0d.json,investment_instruments,0,70000000.0,"…with loan additionally secured by the EBRD guarantee under risk sharing facility, with the total amount of EUR 70 mn…",[48],[],facilitated_sustainable_finance,False,gross_context_only,context_construct:facilitated_sustainable_finance,False,False,0.0,[],not_in_positive_claim_review,False,cached_score_eligible_false;cached_inclusion_policy:gross_context_only,False
ukraine,2022,Raiffeisen Bank JSC,evaluations/reruns/country_year_classification_20260630_211343/ukraine_2022/checkpoints_corrected/Ukraine_Raiffeisen_Bank_JSC_2022_76a3259eaf0d.json,investment_instruments,1,70000000.0,…the risk sharing guarantee provided by EIB and EIF … increase the allowed loan portfolio amount by EUR 70 mn up to EUR 225 mn…,[48],[],facilitated_sustainable_finance,False,gross_context_only,context_construct:facilitated_sustainable_finance,False,False,0.0,[],not_in_positive_claim_review,False,cached_score_eligible_false;cached_inclusion_policy:gross_context_only,False
ukraine,2022,Raiffeisen Bank JSC,evaluations/reruns/country_year_classification_20260630_211343/ukraine_2022/checkpoints_corrected/Ukraine_Raiffeisen_Bank_JSC_2022_76a3259eaf0d.json,investment_instruments,2,100000000.0,…MIGA … provided a one-year guarantee … for EUR 100 mn to cover Raiffeisen Bank’s risks of mandatory reserves expropriation…,[48],[],facilitated_sustainable_finance,False,gross_context_only,context_construct:facilitated_sustainable_finance,False,False,0.0,[],not_in_positive_claim_review,False,cached_score_eligible_false;cached_inclusion_policy:gross_context_only,False
ukraine,2022,Sense Bank,evaluations/reruns/country_year_classification_20260630_211343/ukraine_2022/checkpoints_corrected/Ukraine_Sense_Bank_2022_8bdd3d0ee1d3.json,keyword_categories,0,44770.38,"У 2022 році за програмою «Допоможемо разом» витрачено 1 744 073,88 гривень.",[35],[3],disclosed_sdg_linked_finance,True,linked_scored,,True,False,0.0,[3],mixed_funding_program_total_not_attributable,False,mixed_funding_program_total_not_attributable,False
ukraine,2022,Ukreximbank,evaluations/reruns/country_year_classification_20260630_211343/ukraine_2022/checkpoints_corrected/Ukraine_Ukreximbank_2022_adeecd6d4fda.json,keyword_categories,0,129199343.29,"Loans from international financial institutions include the loan from the IBRD under the Project on Energy Efficiency in the amount of UAH 5,033,087 thousand.",[97],"[7, 13]",recipient_side_financing,False,excluded,excluded_construct:recipient_side_financing,False,False,0.0,"[7, 13]",not_in_positive_claim_review,False,cached_score_eligible_false;cached_inclusion_policy:excluded,False
ukraine,2022,Ukreximbank,evaluations/reruns/country_year_classification_20260630_211343/ukraine_2022/checkpoints_corrected/Ukraine_Ukreximbank_2022_adeecd6d4fda.json,keyword_categories,1,5037326.78,"Loans from international financial institutions include a loan from the Nordic Environment Finance Corporation under Financing Energy Efficiency and Renewable Energy Project in the amount of UAH 196,234 thousand.",[97],"[7, 13]",recipient_side_financing,False,excluded,excluded_construct:recipient_side_financing,False,False,0.0,"[7, 13]",not_in_positive_claim_review,False,cached_score_eligible_false;cached_inclusion_policy:excluded,False
ukraine,2023,Sense Bank,evaluations/reruns/country_year_classification_20260630_211343/ukraine_2023/checkpoints_corrected/Ukraine_Sense_Bank_2023_2beaac8df163.json,keyword_categories,0,62423.15,У 2023 році за програмою «Допоможемо разом» витрачено 2 635 тисяч гривень.,[61],"[8, 10]",disclosed_sdg_linked_finance,True,linked_scored,,True,False,0.0,"[8, 10]",mixed_funding_program_total_not_attributable,False,mixed_funding_program_total_not_attributable,False
ukraine,2023,Sense Bank,evaluations/reruns/country_year_classification_20260630_211343/ukraine_2023/checkpoints_corrected/Ukraine_Sense_Bank_2023_2beaac8df163.json,keyword_categories,1,15635.4,За підтримки Банку за благодійні внески було придбано 47 дронів‑камікадзе на суму 660 тисяч гривень.,[62],[],narrative_only,False,excluded,excluded_construct:narrative_only,False,False,0.0,[],not_in_positive_claim_review,False,cached_score_eligible_false;cached_inclusion_policy:excluded,False
ukraine,2023,Sense Bank,evaluations/reruns/country_year_classification_20260630_211343/ukraine_2023/checkpoints_corrected/Ukraine_Sense_Bank_2023_2beaac8df163.json,keyword_categories,2,1634.61,"Загальна сума потреб – 69 тисяч гривень, … а решту профінансував Банк.",[62],[4],disclosed_sdg_linked_finance,True,linked_scored,,True,True,781.77,"[1, 4]",bank_funded_share_verified,False,,False
ukraine,2023,Ukreximbank,evaluations/reruns/country_year_classification_20260630_211343/ukraine_2023/checkpoints_corrected/Ukraine_Ukreximbank_2023_d0d9f263e3a8.json,keyword_categories,0,5090483.51,"Loans from Ukrainian financial institutions include a loan from the Nordic Environment Finance Corporation under Financing Energy Efficiency and Renewable Energy Project in the amount of UAH 214,879 thousand (31 December 2022: UAH 196,234 thousand).",[117],"[7, 13]",recipient_side_financing,False,excluded,excluded_construct:recipient_side_financing,False,False,0.0,"[7, 13]",not_in_positive_claim_review,False,cached_score_eligible_false;cached_inclusion_policy:excluded,False
ukraine,2023,Ukrgazbank,evaluations/reruns/country_year_classification_20260630_211343/ukraine_2023/checkpoints_corrected/Ukraine_Ukrgazbank_2023_62d06560bcdb.json,keyword_categories,0,71070000.0,"In 2023, 229 credit agreements for sustainable business development projects were financed for a total amount (credit limits) of over UAH 3 billion.",[132],"[7, 13]",disclosed_sdg_linked_finance,True,linked_scored,,True,False,0.0,"[7, 13]",credit_limits_not_verified_drawn,False,credit_limits_not_verified_drawn,True
ukraine,2024,OTP Bank,evaluations/reruns/country_year_classification_20260630_211343/ukraine_2024/checkpoints_corrected/Ukraine_OTP_Bank_2024_d69a7450caf3.json,keyword_categories,0,1802592.0,"In 2024, the Bank implemented 15 new agreements within the framework of OTP Energy (both solar and other technologies) for a total amount of UAH 79.2 million.",[38],"[7, 13]",facilitated_sustainable_finance,False,gross_context_only,context_construct:facilitated_sustainable_finance,False,False,0.0,"[7, 13]",not_in_positive_claim_review,False,cached_score_eligible_false;cached_inclusion_policy:gross_context_only,False
ukraine,2024,OTP Bank,evaluations/reruns/country_year_classification_20260630_211343/ukraine_2024/checkpoints_corrected/Ukraine_OTP_Bank_2024_d69a7450caf3.json,keyword_categories,1,1300000.0,"Last year, for the first time, the Bank’s borrowers were able to receive such compensation totaling almost EUR 1.3 million, which was equivalent to 10% of the Bank’s loan funds aimed at purchasing ... modern energy‑saving technologies.",[38],"[7, 13]",facilitated_sustainable_finance,False,gross_context_only,context_construct:facilitated_sustainable_finance,False,False,0.0,"[7, 13]",not_in_positive_claim_review,False,cached_score_eligible_false;cached_inclusion_policy:gross_context_only,False
ukraine,2024,Oschadbank,evaluations/reruns/country_year_classification_20260630_211343/ukraine_2024/checkpoints_corrected/Ukraine_Oschadbank_2024_e83dd966f527.json,keyword_categories,0,22760000.0,"lending terms and conditions for MSME customers were introduced to purchase equipment for ensuring own energy independence (solar power plants, … hydro and wind power plants), within the framework of which over UAH 1 billion of loans were provided",[19],[],narrative_only,False,excluded,excluded_construct:narrative_only,False,False,0.0,[],not_in_positive_claim_review,False,cached_score_eligible_false;cached_inclusion_policy:excluded,False
ukraine,2024,Oschadbank,evaluations/reruns/country_year_classification_20260630_211343/ukraine_2024/checkpoints_corrected/Ukraine_Oschadbank_2024_e83dd966f527.json,keyword_categories,1,5348600.0,"Since the launch of the state programme ""Energy Independence of Households"" to 20 July 2024, Oschadbank had issued more than 700 loans worth over UAH 235 million...",[46],[],facilitated_sustainable_finance,False,gross_context_only,context_construct:facilitated_sustainable_finance,False,False,0.0,[],not_in_positive_claim_review,False,cached_score_eligible_false;cached_inclusion_policy:gross_context_only,False
ukraine,2024,Oschadbank,evaluations/reruns/country_year_classification_20260630_211343/ukraine_2024/checkpoints_corrected/Ukraine_Oschadbank_2024_e83dd966f527.json,keyword_categories,2,4893400.0,"Since July 2024, more than 2,200 loans have been issued under this programme for a total amount of about UAH 215 million.",[46],[],facilitated_sustainable_finance,False,gross_context_only,context_construct:facilitated_sustainable_finance,False,False,0.0,[],not_in_positive_claim_review,False,cached_score_eligible_false;cached_inclusion_policy:gross_context_only,False
ukraine,2024,Oschadbank,evaluations/reruns/country_year_classification_20260630_211343/ukraine_2024/checkpoints_corrected/Ukraine_Oschadbank_2024_e83dd966f527.json,keyword_categories,3,31864000.0,"The total amount of community financing in 2024 was UAH 1.4 billion… All the projects funded for communities are sustainable development projects: Improving the energy efficiency of residential and social buildings in Dnipro, installing a solar power plant in Kamianske…",[53],[],disclosed_sdg_linked_finance,False,gross_context_only,missing_sdg_linkage,False,False,0.0,[],not_in_positive_claim_review,False,cached_score_eligible_false;cached_inclusion_policy:gross_context_only,False
ukraine,2024,Oschadbank,evaluations/reruns/country_year_classification_20260630_211343/ukraine_2024/checkpoints_corrected/Ukraine_Oschadbank_2024_e83dd966f527.json,investment_instruments,0,200000000.0,"the volume of the portfolio covered by this instrument is EUR 200 million, ... financing projects in the production sector and improving energy efficiency.",[39],"[7, 13]",facilitated_sustainable_finance,False,gross_context_only,context_construct:facilitated_sustainable_finance,False,False,0.0,"[7, 13]",not_in_positive_claim_review,False,cached_score_eligible_false;cached_inclusion_policy:gross_context_only,False
ukraine,2024,Privatbank,evaluations/reruns/country_year_classification_20260630_211343/ukraine_2024/checkpoints_corrected/Ukraine_Privatbank_2024_4992178b88c3.json,investment_instruments,0,400000000.0,the largest risk‑sharing agreement among Ukrainian financial institutions was signed with the EBRD for SMEs and corporate business (+400 million euros). The agreement provides for energy restoration programs...,[41],"[7, 13]",facilitated_sustainable_finance,False,gross_context_only,context_construct:facilitated_sustainable_finance,False,False,0.0,"[7, 13]",not_in_positive_claim_review,False,cached_score_eligible_false;cached_inclusion_policy:gross_context_only,False
ukraine,2024,Raiffeisen Bank JSC,evaluations/reruns/country_year_classification_20260630_211343/ukraine_2024/checkpoints_corrected/Ukraine_Raiffeisen_Bank_JSC_2024_5fd57cbcbc94.json,keyword_categories,0,31864000.0,…an increase in the financing of investment projects in the energy sector with a focus on renewable electricity generation was a highlight of 2024. Such agreements for more than UAH 1.4 bn have already been signed.,[4],[],facilitated_sustainable_finance,False,gross_context_only,context_construct:facilitated_sustainable_finance,False,False,0.0,[],not_in_positive_claim_review,False,cached_score_eligible_false;cached_inclusion_policy:gross_context_only,False
ukraine,2024,Ukrgazbank,evaluations/reruns/country_year_classification_20260630_211343/ukraine_2024/checkpoints_corrected/Ukraine_Ukrgazbank_2024_16e4f0ce2ada.json,keyword_categories,0,150000000.0,The EBRD has provided the bank with a €150 million portfolio guarantee to support lending … for decentralised energy generation and energy efficiency projects.,[4],"[7, 13]",facilitated_sustainable_finance,False,gross_context_only,context_construct:facilitated_sustainable_finance,False,False,0.0,"[7, 13]",not_in_positive_claim_review,False,cached_score_eligible_false;cached_inclusion_policy:gross_context_only,False
ukraine,2024,Ukrgazbank,evaluations/reruns/country_year_classification_20260630_211343/ukraine_2024/checkpoints_corrected/Ukraine_Ukrgazbank_2024_16e4f0ce2ada.json,keyword_categories,1,45520000.0,The bank actively financed eco‑projects … the bank financed 100 projects worth UAH 2 billion with a total generation capacity of 135 MW in 2024 to support Ukraine's energy independence.,[6],"[7, 13]",facilitated_sustainable_finance,False,gross_context_only,context_construct:facilitated_sustainable_finance,False,False,0.0,"[7, 13]",not_in_positive_claim_review,False,cached_score_eligible_false;cached_inclusion_policy:gross_context_only,False
