variant,priority_threshold,inclusion,allocation,score_scale,country,year,bank,retained_mentions,financial_items,eligible_rows,eligible_unique_amount_eur,tagged_exposure_total_eur,narrative_centrality_total,M,AS,silent,normalized_L1,normalized_alignment
primary,3,strict_primary,full_per_distinct_tag,AS_M_over_85,finland,2019,Danske Bank,125,3,0,0.0,0.0,36.5,36.5,0.5705882352941176,False,,
primary,3,strict_primary,full_per_distinct_tag,AS_M_over_85,finland,2019,Evli Pankki,75,0,0,0.0,0.0,38.0,38.0,0.5529411764705883,False,,
primary,3,strict_primary,full_per_distinct_tag,AS_M_over_85,finland,2019,Nordea Bank,80,1,0,0.0,0.0,43.0,43.0,0.49411764705882355,False,,
primary,3,strict_primary,full_per_distinct_tag,AS_M_over_85,finland,2019,Oma Säästöpankki,12,0,0,0.0,0.0,27.0,27.0,0.6823529411764706,False,,
primary,3,strict_primary,full_per_distinct_tag,AS_M_over_85,finland,2020,Aktia Pankki,179,0,0,0.0,0.0,50.2,50.2,0.40941176470588236,False,,
primary,3,strict_primary,full_per_distinct_tag,AS_M_over_85,finland,2020,Bonum Pankki,10,1,0,0.0,0.0,6.5,6.5,0.9235294117647059,False,,
primary,3,strict_primary,full_per_distinct_tag,AS_M_over_85,finland,2020,Danske Bank,140,20,0,0.0,0.0,39.0,39.0,0.5411764705882354,False,,
primary,3,strict_primary,full_per_distinct_tag,AS_M_over_85,finland,2020,Evli Pankki,132,0,0,0.0,0.0,42.5,42.5,0.5,False,,
primary,3,strict_primary,full_per_distinct_tag,AS_M_over_85,finland,2020,Nordea Bank,132,3,0,0.0,0.0,49.5,49.5,0.41764705882352937,False,,
primary,3,strict_primary,full_per_distinct_tag,AS_M_over_85,finland,2020,OP Yrityspankki,273,8,0,0.0,0.0,54.5,54.5,0.35882352941176465,False,,
primary,3,strict_primary,full_per_distinct_tag,AS_M_over_85,finland,2020,Oma Säästöpankki,109,1,0,0.0,0.0,36.0,36.0,0.5764705882352941,False,,
primary,3,strict_primary,full_per_distinct_tag,AS_M_over_85,finland,2020,S-Pankki,44,0,0,0.0,0.0,34.0,34.0,0.6,False,,
primary,3,strict_primary,full_per_distinct_tag,AS_M_over_85,finland,2020,Suomen Asuntohypopankki,26,0,0,0.0,0.0,21.0,21.0,0.7529411764705882,False,,
primary,3,strict_primary,full_per_distinct_tag,AS_M_over_85,finland,2020,Säästöpankkien Keskuspankki,109,2,0,0.0,0.0,37.5,37.5,0.5588235294117647,False,,
primary,3,strict_primary,full_per_distinct_tag,AS_M_over_85,finland,2020,Ålandsbanken,90,5,0,0.0,0.0,55.5,55.5,0.34705882352941175,False,,
primary,3,strict_primary,full_per_distinct_tag,AS_M_over_85,finland,2021,Aktia Pankki,262,3,0,0.0,0.0,72.0,72.0,0.15294117647058825,False,,
primary,3,strict_primary,full_per_distinct_tag,AS_M_over_85,finland,2021,Danske Bank,85,8,0,0.0,0.0,35.0,35.0,0.5882352941176471,False,,
primary,3,strict_primary,full_per_distinct_tag,AS_M_over_85,finland,2021,Nordea Bank,229,9,0,0.0,0.0,56.5,56.5,0.33529411764705885,False,,
primary,3,strict_primary,full_per_distinct_tag,AS_M_over_85,finland,2021,OP Yrityspankki,185,9,0,0.0,0.0,50.5,50.5,0.40588235294117647,False,,
primary,3,strict_primary,full_per_distinct_tag,AS_M_over_85,finland,2021,Oma Säästöpankki,177,0,0,0.0,0.0,69.0,69.0,0.18823529411764706,False,,
primary,3,strict_primary,full_per_distinct_tag,AS_M_over_85,finland,2021,S-Pankki,59,0,0,0.0,0.0,27.0,27.0,0.6823529411764706,False,,
primary,3,strict_primary,full_per_distinct_tag,AS_M_over_85,finland,2021,Suomen Asuntohypopankki,27,0,0,0.0,0.0,28.5,28.5,0.6647058823529413,False,,
primary,3,strict_primary,full_per_distinct_tag,AS_M_over_85,finland,2021,Säästöpankkien Keskuspankki,115,1,0,0.0,0.0,50.5,50.5,0.40588235294117647,False,,
primary,3,strict_primary,full_per_distinct_tag,AS_M_over_85,finland,2021,Ålandsbanken,86,4,0,0.0,0.0,57.5,57.5,0.32352941176470584,False,,
primary,3,strict_primary,full_per_distinct_tag,AS_M_over_85,finland,2022,Aktia Pankki,251,2,0,0.0,0.0,85.0,85.0,0.0,False,,
primary,3,strict_primary,full_per_distinct_tag,AS_M_over_85,finland,2022,Alisa Pankki,0,0,0,0.0,0.0,0.0,0.0,1.0,True,,
primary,3,strict_primary,full_per_distinct_tag,AS_M_over_85,finland,2022,Bonum Pankki,73,0,0,0.0,0.0,36.0,36.0,0.5764705882352941,False,,
primary,3,strict_primary,full_per_distinct_tag,AS_M_over_85,finland,2022,Danske Bank,118,9,0,0.0,0.0,69.0,69.0,0.18823529411764706,False,,
primary,3,strict_primary,full_per_distinct_tag,AS_M_over_85,finland,2022,Nordea Bank,256,7,0,0.0,0.0,51.0,51.0,0.4,False,,
primary,3,strict_primary,full_per_distinct_tag,AS_M_over_85,finland,2022,OP Yrityspankki,253,15,0,0.0,0.0,51.5,51.5,0.3941176470588236,False,,
primary,3,strict_primary,full_per_distinct_tag,AS_M_over_85,finland,2022,Oma Säästöpankki,119,0,0,0.0,0.0,43.0,43.0,0.49411764705882355,False,,
primary,3,strict_primary,full_per_distinct_tag,AS_M_over_85,finland,2022,S-Pankki,54,0,0,0.0,0.0,29.5,29.5,0.6529411764705882,False,,
primary,3,strict_primary,full_per_distinct_tag,AS_M_over_85,finland,2022,Suomen Asuntohypopankki,36,0,0,0.0,0.0,26.5,26.5,0.6882352941176471,False,,
primary,3,strict_primary,full_per_distinct_tag,AS_M_over_85,finland,2022,Säästöpankkien Keskuspankki,194,2,0,0.0,0.0,57.0,57.0,0.3294117647058824,False,,
primary,3,strict_primary,full_per_distinct_tag,AS_M_over_85,finland,2022,Ålandsbanken,110,3,0,0.0,0.0,46.2,46.2,0.4564705882352941,False,,
primary,3,strict_primary,full_per_distinct_tag,AS_M_over_85,finland,2023,Aktia Pankki,379,9,0,0.0,0.0,85.0,85.0,0.0,False,,
primary,3,strict_primary,full_per_distinct_tag,AS_M_over_85,finland,2023,Alisa Pankki,20,0,0,0.0,0.0,10.5,10.5,0.8764705882352941,False,,
primary,3,strict_primary,full_per_distinct_tag,AS_M_over_85,finland,2023,Bonum Pankki,0,0,0,0.0,0.0,0.0,0.0,1.0,True,,
primary,3,strict_primary,full_per_distinct_tag,AS_M_over_85,finland,2023,Danske Bank,245,14,0,0.0,0.0,50.0,50.0,0.4117647058823529,False,,
primary,3,strict_primary,full_per_distinct_tag,AS_M_over_85,finland,2023,Nordea Bank,370,13,0,0.0,0.0,63.0,63.0,0.2588235294117647,False,,
primary,3,strict_primary,full_per_distinct_tag,AS_M_over_85,finland,2023,OP Yrityspankki,431,15,0,0.0,0.0,59.5,59.5,0.30000000000000004,False,,
primary,3,strict_primary,full_per_distinct_tag,AS_M_over_85,finland,2023,Oma Säästöpankki,226,0,0,0.0,0.0,64.0,64.0,0.24705882352941178,False,,
primary,3,strict_primary,full_per_distinct_tag,AS_M_over_85,finland,2023,S-Pankki,99,0,0,0.0,0.0,54.5,54.5,0.35882352941176465,False,,
primary,3,strict_primary,full_per_distinct_tag,AS_M_over_85,finland,2023,Suomen Asuntohypopankki,32,0,0,0.0,0.0,16.0,16.0,0.8117647058823529,False,,
primary,3,strict_primary,full_per_distinct_tag,AS_M_over_85,finland,2023,Säästöpankkien Keskuspankki,268,2,0,0.0,0.0,61.0,61.0,0.2823529411764706,False,,
primary,3,strict_primary,full_per_distinct_tag,AS_M_over_85,finland,2023,Ålandsbanken,232,3,0,0.0,0.0,65.0,65.0,0.23529411764705888,False,,
primary,3,strict_primary,full_per_distinct_tag,AS_M_over_85,finland,2024,Aktia Pankki,249,1,0,0.0,0.0,58.5,58.5,0.31176470588235294,False,,
primary,3,strict_primary,full_per_distinct_tag,AS_M_over_85,finland,2024,Alisa Pankki,29,0,0,0.0,0.0,15.0,15.0,0.8235294117647058,False,,
primary,3,strict_primary,full_per_distinct_tag,AS_M_over_85,finland,2024,Bonum Pankki,370,5,0,0.0,0.0,67.5,67.5,0.20588235294117652,False,,
primary,3,strict_primary,full_per_distinct_tag,AS_M_over_85,finland,2024,Danske Bank,383,2,0,0.0,0.0,60.0,60.0,0.2941176470588235,False,,
primary,3,strict_primary,full_per_distinct_tag,AS_M_over_85,finland,2024,Nordea Bank,697,3,0,0.0,0.0,65.5,65.5,0.22941176470588232,False,,
primary,3,strict_primary,full_per_distinct_tag,AS_M_over_85,finland,2024,OP Yrityspankki,798,5,0,0.0,0.0,73.5,73.5,0.1352941176470588,False,,
primary,3,strict_primary,full_per_distinct_tag,AS_M_over_85,finland,2024,Oma Säästöpankki,300,1,1,6250.0,6250.0,59.0,56.0,0.3411764705882353,False,,
primary,3,strict_primary,full_per_distinct_tag,AS_M_over_85,finland,2024,S-Pankki,333,0,0,0.0,0.0,66.0,66.0,0.22352941176470587,False,,
primary,3,strict_primary,full_per_distinct_tag,AS_M_over_85,finland,2024,Suomen Asuntohypopankki,54,0,0,0.0,0.0,25.5,25.5,0.7,False,,
primary,3,strict_primary,full_per_distinct_tag,AS_M_over_85,finland,2024,Säästöpankkien Keskuspankki,337,0,0,0.0,0.0,67.5,67.5,0.20588235294117652,False,,
primary,3,strict_primary,full_per_distinct_tag,AS_M_over_85,finland,2024,Ålandsbanken,462,5,0,0.0,0.0,53.0,53.0,0.3764705882352941,False,,
primary,3,strict_primary,full_per_distinct_tag,AS_M_over_85,ukraine,2019,A-bank,58,0,0,0.0,0.0,12.0,12.0,0.8588235294117648,False,,
primary,3,strict_primary,full_per_distinct_tag,AS_M_over_85,ukraine,2019,Credit Agricole Bank,49,0,0,0.0,0.0,36.0,36.0,0.5764705882352941,False,,
primary,3,strict_primary,full_per_distinct_tag,AS_M_over_85,ukraine,2019,Credobank,38,0,0,0.0,0.0,21.0,21.0,0.7529411764705882,False,,
primary,3,strict_primary,full_per_distinct_tag,AS_M_over_85,ukraine,2019,FUIB,66,0,0,0.0,0.0,24.0,24.0,0.7176470588235294,False,,
primary,3,strict_primary,full_per_distinct_tag,AS_M_over_85,ukraine,2019,OTP Bank,0,0,0,0.0,0.0,0.0,0.0,1.0,True,,
primary,3,strict_primary,full_per_distinct_tag,AS_M_over_85,ukraine,2019,Oschadbank,59,5,0,0.0,0.0,27.5,27.5,0.6764705882352942,False,,
primary,3,strict_primary,full_per_distinct_tag,AS_M_over_85,ukraine,2019,Pivdenny,52,0,0,0.0,0.0,23.5,23.5,0.7235294117647059,False,,
primary,3,strict_primary,full_per_distinct_tag,AS_M_over_85,ukraine,2019,Privatbank,21,0,0,0.0,0.0,13.5,13.5,0.8411764705882353,False,,
primary,3,strict_primary,full_per_distinct_tag,AS_M_over_85,ukraine,2019,Raiffeisen Bank JSC,52,0,0,0.0,0.0,25.0,25.0,0.7058823529411764,False,,
primary,3,strict_primary,full_per_distinct_tag,AS_M_over_85,ukraine,2019,Sense Bank,108,0,0,0.0,0.0,25.5,25.5,0.7,False,,
primary,3,strict_primary,full_per_distinct_tag,AS_M_over_85,ukraine,2019,Tascombank,22,0,0,0.0,0.0,18.0,18.0,0.788235294117647,False,,
primary,3,strict_primary,full_per_distinct_tag,AS_M_over_85,ukraine,2019,Ukreximbank,39,1,0,0.0,0.0,17.5,17.5,0.7941176470588236,False,,
primary,3,strict_primary,full_per_distinct_tag,AS_M_over_85,ukraine,2019,Ukrgazbank,58,1,0,0.0,0.0,44.5,44.5,0.4764705882352941,False,,
primary,3,strict_primary,full_per_distinct_tag,AS_M_over_85,ukraine,2019,Ukrsibbank,24,0,0,0.0,0.0,17.8,17.8,0.7905882352941176,False,,
primary,3,strict_primary,full_per_distinct_tag,AS_M_over_85,ukraine,2019,Universal Bank,41,0,0,0.0,0.0,14.0,14.0,0.8352941176470589,False,,
primary,3,strict_primary,full_per_distinct_tag,AS_M_over_85,ukraine,2020,A-bank,34,0,0,0.0,0.0,8.0,8.0,0.9058823529411765,False,,
primary,3,strict_primary,full_per_distinct_tag,AS_M_over_85,ukraine,2020,Credit Agricole Bank,68,0,0,0.0,0.0,33.0,33.0,0.611764705882353,False,,
primary,3,strict_primary,full_per_distinct_tag,AS_M_over_85,ukraine,2020,Credobank,0,0,0,0.0,0.0,0.0,0.0,1.0,True,,
primary,3,strict_primary,full_per_distinct_tag,AS_M_over_85,ukraine,2020,FUIB,77,0,0,0.0,0.0,22.5,22.5,0.7352941176470589,False,,
primary,3,strict_primary,full_per_distinct_tag,AS_M_over_85,ukraine,2020,OTP Bank,0,0,0,0.0,0.0,0.0,0.0,1.0,True,,
primary,3,strict_primary,full_per_distinct_tag,AS_M_over_85,ukraine,2020,Pivdenny,40,0,0,0.0,0.0,20.5,20.5,0.7588235294117647,False,,
primary,3,strict_primary,full_per_distinct_tag,AS_M_over_85,ukraine,2020,Privatbank,35,0,0,0.0,0.0,32.0,32.0,0.6235294117647059,False,,
primary,3,strict_primary,full_per_distinct_tag,AS_M_over_85,ukraine,2020,Raiffeisen Bank JSC,66,0,0,0.0,0.0,27.0,27.0,0.6823529411764706,False,,
primary,3,strict_primary,full_per_distinct_tag,AS_M_over_85,ukraine,2020,Sense Bank,41,0,0,0.0,0.0,16.5,16.5,0.8058823529411765,False,,
primary,3,strict_primary,full_per_distinct_tag,AS_M_over_85,ukraine,2020,Tascombank,17,0,0,0.0,0.0,19.0,19.0,0.7764705882352941,False,,
primary,3,strict_primary,full_per_distinct_tag,AS_M_over_85,ukraine,2020,Ukreximbank,72,2,0,0.0,0.0,41.0,41.0,0.5176470588235293,False,,
primary,3,strict_primary,full_per_distinct_tag,AS_M_over_85,ukraine,2020,Ukrgazbank,95,3,0,0.0,0.0,29.0,29.0,0.6588235294117647,False,,
primary,3,strict_primary,full_per_distinct_tag,AS_M_over_85,ukraine,2020,Ukrsibbank,10,0,0,0.0,0.0,14.5,14.5,0.8294117647058823,False,,
primary,3,strict_primary,full_per_distinct_tag,AS_M_over_85,ukraine,2020,Universal Bank,48,0,0,0.0,0.0,15.8,15.8,0.8141176470588235,False,,
primary,3,strict_primary,full_per_distinct_tag,AS_M_over_85,ukraine,2021,A-bank,18,0,0,0.0,0.0,11.0,11.0,0.8705882352941177,False,,
primary,3,strict_primary,full_per_distinct_tag,AS_M_over_85,ukraine,2021,Credit Agricole Bank,50,0,0,0.0,0.0,35.0,35.0,0.5882352941176471,False,,
primary,3,strict_primary,full_per_distinct_tag,AS_M_over_85,ukraine,2021,Credobank,49,0,0,0.0,0.0,24.5,24.5,0.711764705882353,False,,
primary,3,strict_primary,full_per_distinct_tag,AS_M_over_85,ukraine,2021,FUIB,39,0,0,0.0,0.0,22.0,22.0,0.7411764705882353,False,,
primary,3,strict_primary,full_per_distinct_tag,AS_M_over_85,ukraine,2021,OTP Bank,53,0,0,0.0,0.0,38.0,38.0,0.5529411764705883,False,,
primary,3,strict_primary,full_per_distinct_tag,AS_M_over_85,ukraine,2021,Oschadbank,119,1,0,0.0,0.0,36.0,36.0,0.5764705882352941,False,,
primary,3,strict_primary,full_per_distinct_tag,AS_M_over_85,ukraine,2021,Pivdenny,103,0,0,0.0,0.0,32.0,32.0,0.6235294117647059,False,,
primary,3,strict_primary,full_per_distinct_tag,AS_M_over_85,ukraine,2021,Privatbank,26,0,0,0.0,0.0,23.0,23.0,0.7294117647058824,False,,
primary,3,strict_primary,full_per_distinct_tag,AS_M_over_85,ukraine,2021,Raiffeisen Bank JSC,75,3,0,0.0,0.0,50.0,50.0,0.4117647058823529,False,,
primary,3,strict_primary,full_per_distinct_tag,AS_M_over_85,ukraine,2021,Sense Bank,47,2,0,0.0,0.0,28.0,28.0,0.6705882352941177,False,,
primary,3,strict_primary,full_per_distinct_tag,AS_M_over_85,ukraine,2021,Tascombank,26,0,0,0.0,0.0,14.0,14.0,0.8352941176470589,False,,
primary,3,strict_primary,full_per_distinct_tag,AS_M_over_85,ukraine,2021,Ukreximbank,63,0,0,0.0,0.0,35.5,35.5,0.5823529411764705,False,,
primary,3,strict_primary,full_per_distinct_tag,AS_M_over_85,ukraine,2021,Ukrgazbank,97,4,0,0.0,0.0,39.0,39.0,0.5411764705882354,False,,
primary,3,strict_primary,full_per_distinct_tag,AS_M_over_85,ukraine,2021,Ukrsibbank,34,0,0,0.0,0.0,23.5,23.5,0.7235294117647059,False,,
primary,3,strict_primary,full_per_distinct_tag,AS_M_over_85,ukraine,2021,Universal Bank,27,0,0,0.0,0.0,12.0,12.0,0.8588235294117648,False,,
primary,3,strict_primary,full_per_distinct_tag,AS_M_over_85,ukraine,2022,A-bank,72,0,0,0.0,0.0,28.5,28.5,0.6647058823529413,False,,
primary,3,strict_primary,full_per_distinct_tag,AS_M_over_85,ukraine,2022,Credit Agricole Bank,92,0,0,0.0,0.0,44.0,44.0,0.48235294117647054,False,,
primary,3,strict_primary,full_per_distinct_tag,AS_M_over_85,ukraine,2022,Credobank,37,0,0,0.0,0.0,30.0,30.0,0.6470588235294117,False,,
primary,3,strict_primary,full_per_distinct_tag,AS_M_over_85,ukraine,2022,FUIB,57,0,0,0.0,0.0,22.0,22.0,0.7411764705882353,False,,
primary,3,strict_primary,full_per_distinct_tag,AS_M_over_85,ukraine,2022,OTP Bank,63,0,0,0.0,0.0,35.0,35.0,0.5882352941176471,False,,
primary,3,strict_primary,full_per_distinct_tag,AS_M_over_85,ukraine,2022,Oschadbank,121,0,0,0.0,0.0,43.5,43.5,0.4882352941176471,False,,
primary,3,strict_primary,full_per_distinct_tag,AS_M_over_85,ukraine,2022,Pivdenny,20,0,0,0.0,0.0,18.0,18.0,0.788235294117647,False,,
primary,3,strict_primary,full_per_distinct_tag,AS_M_over_85,ukraine,2022,Privatbank,42,0,0,0.0,0.0,27.0,27.0,0.6823529411764706,False,,
primary,3,strict_primary,full_per_distinct_tag,AS_M_over_85,ukraine,2022,Raiffeisen Bank JSC,98,3,0,0.0,0.0,37.5,37.5,0.5588235294117647,False,,
primary,3,strict_primary,full_per_distinct_tag,AS_M_over_85,ukraine,2022,Sense Bank,52,1,0,0.0,0.0,29.0,29.0,0.6588235294117647,False,,
primary,3,strict_primary,full_per_distinct_tag,AS_M_over_85,ukraine,2022,Tascombank,16,0,0,0.0,0.0,13.0,13.0,0.8470588235294118,False,,
primary,3,strict_primary,full_per_distinct_tag,AS_M_over_85,ukraine,2022,Ukreximbank,66,2,0,0.0,0.0,34.0,34.0,0.6,False,,
primary,3,strict_primary,full_per_distinct_tag,AS_M_over_85,ukraine,2022,Ukrgazbank,45,0,0,0.0,0.0,19.0,19.0,0.7764705882352941,False,,
primary,3,strict_primary,full_per_distinct_tag,AS_M_over_85,ukraine,2022,Ukrsibbank,39,0,0,0.0,0.0,14.0,14.0,0.8352941176470589,False,,
primary,3,strict_primary,full_per_distinct_tag,AS_M_over_85,ukraine,2022,Universal Bank,32,0,0,0.0,0.0,12.0,12.0,0.8588235294117648,False,,
primary,3,strict_primary,full_per_distinct_tag,AS_M_over_85,ukraine,2023,A-bank,14,0,0,0.0,0.0,18.0,18.0,0.788235294117647,False,,
primary,3,strict_primary,full_per_distinct_tag,AS_M_over_85,ukraine,2023,Credit Agricole Bank,105,0,0,0.0,0.0,37.0,37.0,0.5647058823529412,False,,
primary,3,strict_primary,full_per_distinct_tag,AS_M_over_85,ukraine,2023,Credobank,94,0,0,0.0,0.0,27.0,27.0,0.6823529411764706,False,,
primary,3,strict_primary,full_per_distinct_tag,AS_M_over_85,ukraine,2023,FUIB,58,0,0,0.0,0.0,16.5,16.5,0.8058823529411765,False,,
primary,3,strict_primary,full_per_distinct_tag,AS_M_over_85,ukraine,2023,OTP Bank,83,0,0,0.0,0.0,38.0,38.0,0.5529411764705883,False,,
primary,3,strict_primary,full_per_distinct_tag,AS_M_over_85,ukraine,2023,Oschadbank,111,0,0,0.0,0.0,39.0,39.0,0.5411764705882354,False,,
primary,3,strict_primary,full_per_distinct_tag,AS_M_over_85,ukraine,2023,Pivdenny,63,0,0,0.0,0.0,19.5,19.5,0.7705882352941177,False,,
primary,3,strict_primary,full_per_distinct_tag,AS_M_over_85,ukraine,2023,Privatbank,159,0,0,0.0,0.0,38.0,38.0,0.5529411764705883,False,,
primary,3,strict_primary,full_per_distinct_tag,AS_M_over_85,ukraine,2023,Sense Bank,106,3,1,781.77,1563.54,38.5,33.5,0.6058823529411765,False,,
primary,3,strict_primary,full_per_distinct_tag,AS_M_over_85,ukraine,2023,Tascombank,17,0,0,0.0,0.0,7.5,7.5,0.9117647058823529,False,,
primary,3,strict_primary,full_per_distinct_tag,AS_M_over_85,ukraine,2023,Ukreximbank,116,1,0,0.0,0.0,39.0,39.0,0.5411764705882354,False,,
primary,3,strict_primary,full_per_distinct_tag,AS_M_over_85,ukraine,2023,Ukrgazbank,203,1,0,0.0,0.0,60.0,60.0,0.2941176470588235,False,,
primary,3,strict_primary,full_per_distinct_tag,AS_M_over_85,ukraine,2023,Ukrsibbank,103,0,0,0.0,0.0,55.0,55.0,0.3529411764705882,False,,
primary,3,strict_primary,full_per_distinct_tag,AS_M_over_85,ukraine,2024,A-bank,5,0,0,0.0,0.0,4.0,4.0,0.9529411764705882,False,,
primary,3,strict_primary,full_per_distinct_tag,AS_M_over_85,ukraine,2024,Credit Agricole Bank,110,0,0,0.0,0.0,47.0,47.0,0.44705882352941173,False,,
primary,3,strict_primary,full_per_distinct_tag,AS_M_over_85,ukraine,2024,Credobank,1,0,0,0.0,0.0,3.0,3.0,0.9647058823529412,False,,
primary,3,strict_primary,full_per_distinct_tag,AS_M_over_85,ukraine,2024,FUIB,67,0,0,0.0,0.0,54.5,54.5,0.35882352941176465,False,,
primary,3,strict_primary,full_per_distinct_tag,AS_M_over_85,ukraine,2024,OTP Bank,97,2,0,0.0,0.0,44.1,44.1,0.4811764705882353,False,,
primary,3,strict_primary,full_per_distinct_tag,AS_M_over_85,ukraine,2024,Oschadbank,237,5,0,0.0,0.0,59.0,59.0,0.3058823529411765,False,,
primary,3,strict_primary,full_per_distinct_tag,AS_M_over_85,ukraine,2024,Privatbank,210,1,0,0.0,0.0,55.0,55.0,0.3529411764705882,False,,
primary,3,strict_primary,full_per_distinct_tag,AS_M_over_85,ukraine,2024,Raiffeisen Bank JSC,164,1,0,0.0,0.0,57.0,57.0,0.3294117647058824,False,,
primary,3,strict_primary,full_per_distinct_tag,AS_M_over_85,ukraine,2024,Sense Bank,107,0,0,0.0,0.0,48.5,48.5,0.4294117647058824,False,,
primary,3,strict_primary,full_per_distinct_tag,AS_M_over_85,ukraine,2024,Tascombank,74,0,0,0.0,0.0,22.5,22.5,0.7352941176470589,False,,
primary,3,strict_primary,full_per_distinct_tag,AS_M_over_85,ukraine,2024,Ukreximbank,58,0,0,0.0,0.0,30.0,30.0,0.6470588235294117,False,,
primary,3,strict_primary,full_per_distinct_tag,AS_M_over_85,ukraine,2024,Ukrgazbank,125,2,0,0.0,0.0,45.5,45.5,0.4647058823529412,False,,
primary,3,strict_primary,full_per_distinct_tag,AS_M_over_85,ukraine,2024,Ukrsibbank,69,0,0,0.0,0.0,32.5,32.5,0.6176470588235294,False,,
legacy_inclusion,3,cached_legacy,full_per_distinct_tag,AS_M_over_85,finland,2019,Danske Bank,125,3,0,0.0,0.0,36.5,36.5,0.5705882352941176,False,,
legacy_inclusion,3,cached_legacy,full_per_distinct_tag,AS_M_over_85,finland,2019,Evli Pankki,75,0,0,0.0,0.0,38.0,38.0,0.5529411764705883,False,,
legacy_inclusion,3,cached_legacy,full_per_distinct_tag,AS_M_over_85,finland,2019,Nordea Bank,80,1,0,0.0,0.0,43.0,43.0,0.49411764705882355,False,,
legacy_inclusion,3,cached_legacy,full_per_distinct_tag,AS_M_over_85,finland,2019,Oma Säästöpankki,12,0,0,0.0,0.0,27.0,27.0,0.6823529411764706,False,,
legacy_inclusion,3,cached_legacy,full_per_distinct_tag,AS_M_over_85,finland,2020,Aktia Pankki,179,0,0,0.0,0.0,50.2,50.2,0.40941176470588236,False,,
legacy_inclusion,3,cached_legacy,full_per_distinct_tag,AS_M_over_85,finland,2020,Bonum Pankki,10,1,0,0.0,0.0,6.5,6.5,0.9235294117647059,False,,
legacy_inclusion,3,cached_legacy,full_per_distinct_tag,AS_M_over_85,finland,2020,Danske Bank,140,20,1,1276705000.0,2553410000.0,39.0,34.0,0.6,False,,
legacy_inclusion,3,cached_legacy,full_per_distinct_tag,AS_M_over_85,finland,2020,Evli Pankki,132,0,0,0.0,0.0,42.5,42.5,0.5,False,,
legacy_inclusion,3,cached_legacy,full_per_distinct_tag,AS_M_over_85,finland,2020,Nordea Bank,132,3,0,0.0,0.0,49.5,49.5,0.41764705882352937,False,,
legacy_inclusion,3,cached_legacy,full_per_distinct_tag,AS_M_over_85,finland,2020,OP Yrityspankki,273,8,0,0.0,0.0,54.5,54.5,0.35882352941176465,False,,
legacy_inclusion,3,cached_legacy,full_per_distinct_tag,AS_M_over_85,finland,2020,Oma Säästöpankki,109,1,0,0.0,0.0,36.0,36.0,0.5764705882352941,False,,
legacy_inclusion,3,cached_legacy,full_per_distinct_tag,AS_M_over_85,finland,2020,S-Pankki,44,0,0,0.0,0.0,34.0,34.0,0.6,False,,
legacy_inclusion,3,cached_legacy,full_per_distinct_tag,AS_M_over_85,finland,2020,Suomen Asuntohypopankki,26,0,0,0.0,0.0,21.0,21.0,0.7529411764705882,False,,
legacy_inclusion,3,cached_legacy,full_per_distinct_tag,AS_M_over_85,finland,2020,Säästöpankkien Keskuspankki,109,2,0,0.0,0.0,37.5,37.5,0.5588235294117647,False,,
legacy_inclusion,3,cached_legacy,full_per_distinct_tag,AS_M_over_85,finland,2020,Ålandsbanken,90,5,3,43300000.0,83300000.0,55.5,50.5,0.40588235294117647,False,,
legacy_inclusion,3,cached_legacy,full_per_distinct_tag,AS_M_over_85,finland,2021,Aktia Pankki,262,3,1,4000000.0,8000000.0,72.0,67.0,0.21176470588235297,False,,
legacy_inclusion,3,cached_legacy,full_per_distinct_tag,AS_M_over_85,finland,2021,Danske Bank,85,8,0,0.0,0.0,35.0,35.0,0.5882352941176471,False,,
legacy_inclusion,3,cached_legacy,full_per_distinct_tag,AS_M_over_85,finland,2021,Nordea Bank,229,9,0,0.0,0.0,56.5,56.5,0.33529411764705885,False,,
legacy_inclusion,3,cached_legacy,full_per_distinct_tag,AS_M_over_85,finland,2021,OP Yrityspankki,185,9,0,0.0,0.0,50.5,50.5,0.40588235294117647,False,,
legacy_inclusion,3,cached_legacy,full_per_distinct_tag,AS_M_over_85,finland,2021,Oma Säästöpankki,177,0,0,0.0,0.0,69.0,69.0,0.18823529411764706,False,,
legacy_inclusion,3,cached_legacy,full_per_distinct_tag,AS_M_over_85,finland,2021,S-Pankki,59,0,0,0.0,0.0,27.0,27.0,0.6823529411764706,False,,
legacy_inclusion,3,cached_legacy,full_per_distinct_tag,AS_M_over_85,finland,2021,Suomen Asuntohypopankki,27,0,0,0.0,0.0,28.5,28.5,0.6647058823529413,False,,
legacy_inclusion,3,cached_legacy,full_per_distinct_tag,AS_M_over_85,finland,2021,Säästöpankkien Keskuspankki,115,1,1,25300000.0,50600000.0,50.5,45.5,0.4647058823529412,False,,
legacy_inclusion,3,cached_legacy,full_per_distinct_tag,AS_M_over_85,finland,2021,Ålandsbanken,86,4,1,14634000.0,29268000.0,57.5,52.5,0.38235294117647056,False,,
legacy_inclusion,3,cached_legacy,full_per_distinct_tag,AS_M_over_85,finland,2022,Aktia Pankki,251,2,1,68000000.0,136000000.0,85.0,80.0,0.05882352941176472,False,,
legacy_inclusion,3,cached_legacy,full_per_distinct_tag,AS_M_over_85,finland,2022,Alisa Pankki,0,0,0,0.0,0.0,0.0,0.0,1.0,True,,
legacy_inclusion,3,cached_legacy,full_per_distinct_tag,AS_M_over_85,finland,2022,Bonum Pankki,73,0,0,0.0,0.0,36.0,36.0,0.5764705882352941,False,,
legacy_inclusion,3,cached_legacy,full_per_distinct_tag,AS_M_over_85,finland,2022,Danske Bank,118,9,0,0.0,0.0,69.0,69.0,0.18823529411764706,False,,
legacy_inclusion,3,cached_legacy,full_per_distinct_tag,AS_M_over_85,finland,2022,Nordea Bank,256,7,0,0.0,0.0,51.0,51.0,0.4,False,,
legacy_inclusion,3,cached_legacy,full_per_distinct_tag,AS_M_over_85,finland,2022,OP Yrityspankki,253,15,3,2500000000.0,5000000000.0,51.5,46.5,0.4529411764705882,False,,
legacy_inclusion,3,cached_legacy,full_per_distinct_tag,AS_M_over_85,finland,2022,Oma Säästöpankki,119,0,0,0.0,0.0,43.0,43.0,0.49411764705882355,False,,
legacy_inclusion,3,cached_legacy,full_per_distinct_tag,AS_M_over_85,finland,2022,S-Pankki,54,0,0,0.0,0.0,29.5,29.5,0.6529411764705882,False,,
legacy_inclusion,3,cached_legacy,full_per_distinct_tag,AS_M_over_85,finland,2022,Suomen Asuntohypopankki,36,0,0,0.0,0.0,26.5,26.5,0.6882352941176471,False,,
legacy_inclusion,3,cached_legacy,full_per_distinct_tag,AS_M_over_85,finland,2022,Säästöpankkien Keskuspankki,194,2,0,0.0,0.0,57.0,57.0,0.3294117647058824,False,,
legacy_inclusion,3,cached_legacy,full_per_distinct_tag,AS_M_over_85,finland,2022,Ålandsbanken,110,3,1,13486500.0,26973000.0,46.2,41.2,0.5152941176470588,False,,
legacy_inclusion,3,cached_legacy,full_per_distinct_tag,AS_M_over_85,finland,2023,Aktia Pankki,379,9,1,180000000.0,360000000.0,85.0,80.0,0.05882352941176472,False,,
legacy_inclusion,3,cached_legacy,full_per_distinct_tag,AS_M_over_85,finland,2023,Alisa Pankki,20,0,0,0.0,0.0,10.5,10.5,0.8764705882352941,False,,
legacy_inclusion,3,cached_legacy,full_per_distinct_tag,AS_M_over_85,finland,2023,Bonum Pankki,0,0,0,0.0,0.0,0.0,0.0,1.0,True,,
legacy_inclusion,3,cached_legacy,full_per_distinct_tag,AS_M_over_85,finland,2023,Danske Bank,245,14,2,4475842260.0,8951684520.0,50.0,45.0,0.47058823529411764,False,,
legacy_inclusion,3,cached_legacy,full_per_distinct_tag,AS_M_over_85,finland,2023,Nordea Bank,370,13,0,0.0,0.0,63.0,63.0,0.2588235294117647,False,,
legacy_inclusion,3,cached_legacy,full_per_distinct_tag,AS_M_over_85,finland,2023,OP Yrityspankki,431,15,5,1686000000.0,1872000000.0,59.5,54.5,0.35882352941176465,False,,
legacy_inclusion,3,cached_legacy,full_per_distinct_tag,AS_M_over_85,finland,2023,Oma Säästöpankki,226,0,0,0.0,0.0,64.0,64.0,0.24705882352941178,False,,
legacy_inclusion,3,cached_legacy,full_per_distinct_tag,AS_M_over_85,finland,2023,S-Pankki,99,0,0,0.0,0.0,54.5,54.5,0.35882352941176465,False,,
legacy_inclusion,3,cached_legacy,full_per_distinct_tag,AS_M_over_85,finland,2023,Suomen Asuntohypopankki,32,0,0,0.0,0.0,16.0,16.0,0.8117647058823529,False,,
legacy_inclusion,3,cached_legacy,full_per_distinct_tag,AS_M_over_85,finland,2023,Säästöpankkien Keskuspankki,268,2,0,0.0,0.0,61.0,61.0,0.2823529411764706,False,,
legacy_inclusion,3,cached_legacy,full_per_distinct_tag,AS_M_over_85,finland,2023,Ålandsbanken,232,3,1,13500000.0,27000000.0,65.0,60.0,0.2941176470588235,False,,
legacy_inclusion,3,cached_legacy,full_per_distinct_tag,AS_M_over_85,finland,2024,Aktia Pankki,249,1,0,0.0,0.0,58.5,58.5,0.31176470588235294,False,,
legacy_inclusion,3,cached_legacy,full_per_distinct_tag,AS_M_over_85,finland,2024,Alisa Pankki,29,0,0,0.0,0.0,15.0,15.0,0.8235294117647058,False,,
legacy_inclusion,3,cached_legacy,full_per_distinct_tag,AS_M_over_85,finland,2024,Bonum Pankki,370,5,0,0.0,0.0,67.5,67.5,0.20588235294117652,False,,
legacy_inclusion,3,cached_legacy,full_per_distinct_tag,AS_M_over_85,finland,2024,Danske Bank,383,2,2,3968661730.0,7937323460.0,60.0,55.0,0.3529411764705882,False,,
legacy_inclusion,3,cached_legacy,full_per_distinct_tag,AS_M_over_85,finland,2024,Nordea Bank,697,3,0,0.0,0.0,65.5,65.5,0.22941176470588232,False,,
legacy_inclusion,3,cached_legacy,full_per_distinct_tag,AS_M_over_85,finland,2024,OP Yrityspankki,798,5,2,755000000.0,1510000000.0,73.5,68.5,0.1941176470588235,False,,
legacy_inclusion,3,cached_legacy,full_per_distinct_tag,AS_M_over_85,finland,2024,Oma Säästöpankki,300,1,1,6250.0,12500.0,59.0,54.0,0.3647058823529412,False,,
legacy_inclusion,3,cached_legacy,full_per_distinct_tag,AS_M_over_85,finland,2024,S-Pankki,333,0,0,0.0,0.0,66.0,66.0,0.22352941176470587,False,,
legacy_inclusion,3,cached_legacy,full_per_distinct_tag,AS_M_over_85,finland,2024,Suomen Asuntohypopankki,54,0,0,0.0,0.0,25.5,25.5,0.7,False,,
legacy_inclusion,3,cached_legacy,full_per_distinct_tag,AS_M_over_85,finland,2024,Säästöpankkien Keskuspankki,337,0,0,0.0,0.0,67.5,67.5,0.20588235294117652,False,,
legacy_inclusion,3,cached_legacy,full_per_distinct_tag,AS_M_over_85,finland,2024,Ålandsbanken,462,5,0,0.0,0.0,53.0,53.0,0.3764705882352941,False,,
legacy_inclusion,3,cached_legacy,full_per_distinct_tag,AS_M_over_85,ukraine,2019,A-bank,58,0,0,0.0,0.0,12.0,12.0,0.8588235294117648,False,,
legacy_inclusion,3,cached_legacy,full_per_distinct_tag,AS_M_over_85,ukraine,2019,Credit Agricole Bank,49,0,0,0.0,0.0,36.0,36.0,0.5764705882352941,False,,
legacy_inclusion,3,cached_legacy,full_per_distinct_tag,AS_M_over_85,ukraine,2019,Credobank,38,0,0,0.0,0.0,21.0,21.0,0.7529411764705882,False,,
legacy_inclusion,3,cached_legacy,full_per_distinct_tag,AS_M_over_85,ukraine,2019,FUIB,66,0,0,0.0,0.0,24.0,24.0,0.7176470588235294,False,,
legacy_inclusion,3,cached_legacy,full_per_distinct_tag,AS_M_over_85,ukraine,2019,OTP Bank,0,0,0,0.0,0.0,0.0,0.0,1.0,True,,
legacy_inclusion,3,cached_legacy,full_per_distinct_tag,AS_M_over_85,ukraine,2019,Oschadbank,59,5,0,0.0,0.0,27.5,27.5,0.6764705882352942,False,,
legacy_inclusion,3,cached_legacy,full_per_distinct_tag,AS_M_over_85,ukraine,2019,Pivdenny,52,0,0,0.0,0.0,23.5,23.5,0.7235294117647059,False,,
legacy_inclusion,3,cached_legacy,full_per_distinct_tag,AS_M_over_85,ukraine,2019,Privatbank,21,0,0,0.0,0.0,13.5,13.5,0.8411764705882353,False,,
legacy_inclusion,3,cached_legacy,full_per_distinct_tag,AS_M_over_85,ukraine,2019,Raiffeisen Bank JSC,52,0,0,0.0,0.0,25.0,25.0,0.7058823529411764,False,,
legacy_inclusion,3,cached_legacy,full_per_distinct_tag,AS_M_over_85,ukraine,2019,Sense Bank,108,0,0,0.0,0.0,25.5,25.5,0.7,False,,
legacy_inclusion,3,cached_legacy,full_per_distinct_tag,AS_M_over_85,ukraine,2019,Tascombank,22,0,0,0.0,0.0,18.0,18.0,0.788235294117647,False,,
legacy_inclusion,3,cached_legacy,full_per_distinct_tag,AS_M_over_85,ukraine,2019,Ukreximbank,39,1,0,0.0,0.0,17.5,17.5,0.7941176470588236,False,,
legacy_inclusion,3,cached_legacy,full_per_distinct_tag,AS_M_over_85,ukraine,2019,Ukrgazbank,58,1,0,0.0,0.0,44.5,44.5,0.4764705882352941,False,,
legacy_inclusion,3,cached_legacy,full_per_distinct_tag,AS_M_over_85,ukraine,2019,Ukrsibbank,24,0,0,0.0,0.0,17.8,17.8,0.7905882352941176,False,,
legacy_inclusion,3,cached_legacy,full_per_distinct_tag,AS_M_over_85,ukraine,2019,Universal Bank,41,0,0,0.0,0.0,14.0,14.0,0.8352941176470589,False,,
legacy_inclusion,3,cached_legacy,full_per_distinct_tag,AS_M_over_85,ukraine,2020,A-bank,34,0,0,0.0,0.0,8.0,8.0,0.9058823529411765,False,,
legacy_inclusion,3,cached_legacy,full_per_distinct_tag,AS_M_over_85,ukraine,2020,Credit Agricole Bank,68,0,0,0.0,0.0,33.0,33.0,0.611764705882353,False,,
legacy_inclusion,3,cached_legacy,full_per_distinct_tag,AS_M_over_85,ukraine,2020,Credobank,0,0,0,0.0,0.0,0.0,0.0,1.0,True,,
legacy_inclusion,3,cached_legacy,full_per_distinct_tag,AS_M_over_85,ukraine,2020,FUIB,77,0,0,0.0,0.0,22.5,22.5,0.7352941176470589,False,,
legacy_inclusion,3,cached_legacy,full_per_distinct_tag,AS_M_over_85,ukraine,2020,OTP Bank,0,0,0,0.0,0.0,0.0,0.0,1.0,True,,
legacy_inclusion,3,cached_legacy,full_per_distinct_tag,AS_M_over_85,ukraine,2020,Pivdenny,40,0,0,0.0,0.0,20.5,20.5,0.7588235294117647,False,,
legacy_inclusion,3,cached_legacy,full_per_distinct_tag,AS_M_over_85,ukraine,2020,Privatbank,35,0,0,0.0,0.0,32.0,32.0,0.6235294117647059,False,,
legacy_inclusion,3,cached_legacy,full_per_distinct_tag,AS_M_over_85,ukraine,2020,Raiffeisen Bank JSC,66,0,0,0.0,0.0,27.0,27.0,0.6823529411764706,False,,
legacy_inclusion,3,cached_legacy,full_per_distinct_tag,AS_M_over_85,ukraine,2020,Sense Bank,41,0,0,0.0,0.0,16.5,16.5,0.8058823529411765,False,,
legacy_inclusion,3,cached_legacy,full_per_distinct_tag,AS_M_over_85,ukraine,2020,Tascombank,17,0,0,0.0,0.0,19.0,19.0,0.7764705882352941,False,,
legacy_inclusion,3,cached_legacy,full_per_distinct_tag,AS_M_over_85,ukraine,2020,Ukreximbank,72,2,0,0.0,0.0,41.0,41.0,0.5176470588235293,False,,
legacy_inclusion,3,cached_legacy,full_per_distinct_tag,AS_M_over_85,ukraine,2020,Ukrgazbank,95,3,1,30000000.0,60000000.0,29.0,24.0,0.7176470588235294,False,,
legacy_inclusion,3,cached_legacy,full_per_distinct_tag,AS_M_over_85,ukraine,2020,Ukrsibbank,10,0,0,0.0,0.0,14.5,14.5,0.8294117647058823,False,,
legacy_inclusion,3,cached_legacy,full_per_distinct_tag,AS_M_over_85,ukraine,2020,Universal Bank,48,0,0,0.0,0.0,15.8,15.8,0.8141176470588235,False,,
legacy_inclusion,3,cached_legacy,full_per_distinct_tag,AS_M_over_85,ukraine,2021,A-bank,18,0,0,0.0,0.0,11.0,11.0,0.8705882352941177,False,,
legacy_inclusion,3,cached_legacy,full_per_distinct_tag,AS_M_over_85,ukraine,2021,Credit Agricole Bank,50,0,0,0.0,0.0,35.0,35.0,0.5882352941176471,False,,
legacy_inclusion,3,cached_legacy,full_per_distinct_tag,AS_M_over_85,ukraine,2021,Credobank,49,0,0,0.0,0.0,24.5,24.5,0.711764705882353,False,,
legacy_inclusion,3,cached_legacy,full_per_distinct_tag,AS_M_over_85,ukraine,2021,FUIB,39,0,0,0.0,0.0,22.0,22.0,0.7411764705882353,False,,
legacy_inclusion,3,cached_legacy,full_per_distinct_tag,AS_M_over_85,ukraine,2021,OTP Bank,53,0,0,0.0,0.0,38.0,38.0,0.5529411764705883,False,,
legacy_inclusion,3,cached_legacy,full_per_distinct_tag,AS_M_over_85,ukraine,2021,Oschadbank,119,1,0,0.0,0.0,36.0,36.0,0.5764705882352941,False,,
legacy_inclusion,3,cached_legacy,full_per_distinct_tag,AS_M_over_85,ukraine,2021,Pivdenny,103,0,0,0.0,0.0,32.0,32.0,0.6235294117647059,False,,
legacy_inclusion,3,cached_legacy,full_per_distinct_tag,AS_M_over_85,ukraine,2021,Privatbank,26,0,0,0.0,0.0,23.0,23.0,0.7294117647058824,False,,
legacy_inclusion,3,cached_legacy,full_per_distinct_tag,AS_M_over_85,ukraine,2021,Raiffeisen Bank JSC,75,3,1,176300000.0,352600000.0,50.0,50.0,0.4117647058823529,False,,
legacy_inclusion,3,cached_legacy,full_per_distinct_tag,AS_M_over_85,ukraine,2021,Sense Bank,47,2,2,58499.13,58499.13,28.0,24.46928441499899,0.7121260657058942,False,,
legacy_inclusion,3,cached_legacy,full_per_distinct_tag,AS_M_over_85,ukraine,2021,Tascombank,26,0,0,0.0,0.0,14.0,14.0,0.8352941176470589,False,,
legacy_inclusion,3,cached_legacy,full_per_distinct_tag,AS_M_over_85,ukraine,2021,Ukreximbank,63,0,0,0.0,0.0,35.5,35.5,0.5823529411764705,False,,
legacy_inclusion,3,cached_legacy,full_per_distinct_tag,AS_M_over_85,ukraine,2021,Ukrgazbank,97,4,0,0.0,0.0,39.0,39.0,0.5411764705882354,False,,
legacy_inclusion,3,cached_legacy,full_per_distinct_tag,AS_M_over_85,ukraine,2021,Ukrsibbank,34,0,0,0.0,0.0,23.5,23.5,0.7235294117647059,False,,
legacy_inclusion,3,cached_legacy,full_per_distinct_tag,AS_M_over_85,ukraine,2021,Universal Bank,27,0,0,0.0,0.0,12.0,12.0,0.8588235294117648,False,,
legacy_inclusion,3,cached_legacy,full_per_distinct_tag,AS_M_over_85,ukraine,2022,A-bank,72,0,0,0.0,0.0,28.5,28.5,0.6647058823529413,False,,
legacy_inclusion,3,cached_legacy,full_per_distinct_tag,AS_M_over_85,ukraine,2022,Credit Agricole Bank,92,0,0,0.0,0.0,44.0,44.0,0.48235294117647054,False,,
legacy_inclusion,3,cached_legacy,full_per_distinct_tag,AS_M_over_85,ukraine,2022,Credobank,37,0,0,0.0,0.0,30.0,30.0,0.6470588235294117,False,,
legacy_inclusion,3,cached_legacy,full_per_distinct_tag,AS_M_over_85,ukraine,2022,FUIB,57,0,0,0.0,0.0,22.0,22.0,0.7411764705882353,False,,
legacy_inclusion,3,cached_legacy,full_per_distinct_tag,AS_M_over_85,ukraine,2022,OTP Bank,63,0,0,0.0,0.0,35.0,35.0,0.5882352941176471,False,,
legacy_inclusion,3,cached_legacy,full_per_distinct_tag,AS_M_over_85,ukraine,2022,Oschadbank,121,0,0,0.0,0.0,43.5,43.5,0.4882352941176471,False,,
legacy_inclusion,3,cached_legacy,full_per_distinct_tag,AS_M_over_85,ukraine,2022,Pivdenny,20,0,0,0.0,0.0,18.0,18.0,0.788235294117647,False,,
legacy_inclusion,3,cached_legacy,full_per_distinct_tag,AS_M_over_85,ukraine,2022,Privatbank,42,0,0,0.0,0.0,27.0,27.0,0.6823529411764706,False,,
legacy_inclusion,3,cached_legacy,full_per_distinct_tag,AS_M_over_85,ukraine,2022,Raiffeisen Bank JSC,98,3,0,0.0,0.0,37.5,37.5,0.5588235294117647,False,,
legacy_inclusion,3,cached_legacy,full_per_distinct_tag,AS_M_over_85,ukraine,2022,Sense Bank,52,1,1,44770.38,44770.38,29.0,28.0,0.6705882352941177,False,,
legacy_inclusion,3,cached_legacy,full_per_distinct_tag,AS_M_over_85,ukraine,2022,Tascombank,16,0,0,0.0,0.0,13.0,13.0,0.8470588235294118,False,,
legacy_inclusion,3,cached_legacy,full_per_distinct_tag,AS_M_over_85,ukraine,2022,Ukreximbank,66,2,0,0.0,0.0,34.0,34.0,0.6,False,,
legacy_inclusion,3,cached_legacy,full_per_distinct_tag,AS_M_over_85,ukraine,2022,Ukrgazbank,45,0,0,0.0,0.0,19.0,19.0,0.7764705882352941,False,,
legacy_inclusion,3,cached_legacy,full_per_distinct_tag,AS_M_over_85,ukraine,2022,Ukrsibbank,39,0,0,0.0,0.0,14.0,14.0,0.8352941176470589,False,,
legacy_inclusion,3,cached_legacy,full_per_distinct_tag,AS_M_over_85,ukraine,2022,Universal Bank,32,0,0,0.0,0.0,12.0,12.0,0.8588235294117648,False,,
legacy_inclusion,3,cached_legacy,full_per_distinct_tag,AS_M_over_85,ukraine,2023,A-bank,14,0,0,0.0,0.0,18.0,18.0,0.788235294117647,False,,
legacy_inclusion,3,cached_legacy,full_per_distinct_tag,AS_M_over_85,ukraine,2023,Credit Agricole Bank,105,0,0,0.0,0.0,37.0,37.0,0.5647058823529412,False,,
legacy_inclusion,3,cached_legacy,full_per_distinct_tag,AS_M_over_85,ukraine,2023,Credobank,94,0,0,0.0,0.0,27.0,27.0,0.6823529411764706,False,,
legacy_inclusion,3,cached_legacy,full_per_distinct_tag,AS_M_over_85,ukraine,2023,FUIB,58,0,0,0.0,0.0,16.5,16.5,0.8058823529411765,False,,
legacy_inclusion,3,cached_legacy,full_per_distinct_tag,AS_M_over_85,ukraine,2023,OTP Bank,83,0,0,0.0,0.0,38.0,38.0,0.5529411764705883,False,,
legacy_inclusion,3,cached_legacy,full_per_distinct_tag,AS_M_over_85,ukraine,2023,Oschadbank,111,0,0,0.0,0.0,39.0,39.0,0.5411764705882354,False,,
legacy_inclusion,3,cached_legacy,full_per_distinct_tag,AS_M_over_85,ukraine,2023,Pivdenny,63,0,0,0.0,0.0,19.5,19.5,0.7705882352941177,False,,
legacy_inclusion,3,cached_legacy,full_per_distinct_tag,AS_M_over_85,ukraine,2023,Privatbank,159,0,0,0.0,0.0,38.0,38.0,0.5529411764705883,False,,
legacy_inclusion,3,cached_legacy,full_per_distinct_tag,AS_M_over_85,ukraine,2023,Sense Bank,106,3,2,64057.76,126480.91,38.5,33.5,0.6058823529411765,False,,
legacy_inclusion,3,cached_legacy,full_per_distinct_tag,AS_M_over_85,ukraine,2023,Tascombank,17,0,0,0.0,0.0,7.5,7.5,0.9117647058823529,False,,
legacy_inclusion,3,cached_legacy,full_per_distinct_tag,AS_M_over_85,ukraine,2023,Ukreximbank,116,1,0,0.0,0.0,39.0,39.0,0.5411764705882354,False,,
legacy_inclusion,3,cached_legacy,full_per_distinct_tag,AS_M_over_85,ukraine,2023,Ukrgazbank,203,1,1,71070000.0,142140000.0,60.0,55.0,0.3529411764705882,False,,
legacy_inclusion,3,cached_legacy,full_per_distinct_tag,AS_M_over_85,ukraine,2023,Ukrsibbank,103,0,0,0.0,0.0,55.0,55.0,0.3529411764705882,False,,
legacy_inclusion,3,cached_legacy,full_per_distinct_tag,AS_M_over_85,ukraine,2024,A-bank,5,0,0,0.0,0.0,4.0,4.0,0.9529411764705882,False,,
legacy_inclusion,3,cached_legacy,full_per_distinct_tag,AS_M_over_85,ukraine,2024,Credit Agricole Bank,110,0,0,0.0,0.0,47.0,47.0,0.44705882352941173,False,,
legacy_inclusion,3,cached_legacy,full_per_distinct_tag,AS_M_over_85,ukraine,2024,Credobank,1,0,0,0.0,0.0,3.0,3.0,0.9647058823529412,False,,
legacy_inclusion,3,cached_legacy,full_per_distinct_tag,AS_M_over_85,ukraine,2024,FUIB,67,0,0,0.0,0.0,54.5,54.5,0.35882352941176465,False,,
legacy_inclusion,3,cached_legacy,full_per_distinct_tag,AS_M_over_85,ukraine,2024,OTP Bank,97,2,0,0.0,0.0,44.1,44.1,0.4811764705882353,False,,
legacy_inclusion,3,cached_legacy,full_per_distinct_tag,AS_M_over_85,ukraine,2024,Oschadbank,237,5,0,0.0,0.0,59.0,59.0,0.3058823529411765,False,,
legacy_inclusion,3,cached_legacy,full_per_distinct_tag,AS_M_over_85,ukraine,2024,Privatbank,210,1,0,0.0,0.0,55.0,55.0,0.3529411764705882,False,,
legacy_inclusion,3,cached_legacy,full_per_distinct_tag,AS_M_over_85,ukraine,2024,Raiffeisen Bank JSC,164,1,0,0.0,0.0,57.0,57.0,0.3294117647058824,False,,
legacy_inclusion,3,cached_legacy,full_per_distinct_tag,AS_M_over_85,ukraine,2024,Sense Bank,107,0,0,0.0,0.0,48.5,48.5,0.4294117647058824,False,,
legacy_inclusion,3,cached_legacy,full_per_distinct_tag,AS_M_over_85,ukraine,2024,Tascombank,74,0,0,0.0,0.0,22.5,22.5,0.7352941176470589,False,,
legacy_inclusion,3,cached_legacy,full_per_distinct_tag,AS_M_over_85,ukraine,2024,Ukreximbank,58,0,0,0.0,0.0,30.0,30.0,0.6470588235294117,False,,
legacy_inclusion,3,cached_legacy,full_per_distinct_tag,AS_M_over_85,ukraine,2024,Ukrgazbank,125,2,0,0.0,0.0,45.5,45.5,0.4647058823529412,False,,
legacy_inclusion,3,cached_legacy,full_per_distinct_tag,AS_M_over_85,ukraine,2024,Ukrsibbank,69,0,0,0.0,0.0,32.5,32.5,0.6176470588235294,False,,
fractional_sdg_allocation,3,strict_primary,fractional_per_distinct_tag,AS_M_over_85,finland,2019,Danske Bank,125,3,0,0.0,0.0,36.5,36.5,0.5705882352941176,False,,
fractional_sdg_allocation,3,strict_primary,fractional_per_distinct_tag,AS_M_over_85,finland,2019,Evli Pankki,75,0,0,0.0,0.0,38.0,38.0,0.5529411764705883,False,,
fractional_sdg_allocation,3,strict_primary,fractional_per_distinct_tag,AS_M_over_85,finland,2019,Nordea Bank,80,1,0,0.0,0.0,43.0,43.0,0.49411764705882355,False,,
fractional_sdg_allocation,3,strict_primary,fractional_per_distinct_tag,AS_M_over_85,finland,2019,Oma Säästöpankki,12,0,0,0.0,0.0,27.0,27.0,0.6823529411764706,False,,
fractional_sdg_allocation,3,strict_primary,fractional_per_distinct_tag,AS_M_over_85,finland,2020,Aktia Pankki,179,0,0,0.0,0.0,50.2,50.2,0.40941176470588236,False,,
fractional_sdg_allocation,3,strict_primary,fractional_per_distinct_tag,AS_M_over_85,finland,2020,Bonum Pankki,10,1,0,0.0,0.0,6.5,6.5,0.9235294117647059,False,,
fractional_sdg_allocation,3,strict_primary,fractional_per_distinct_tag,AS_M_over_85,finland,2020,Danske Bank,140,20,0,0.0,0.0,39.0,39.0,0.5411764705882354,False,,
fractional_sdg_allocation,3,strict_primary,fractional_per_distinct_tag,AS_M_over_85,finland,2020,Evli Pankki,132,0,0,0.0,0.0,42.5,42.5,0.5,False,,
fractional_sdg_allocation,3,strict_primary,fractional_per_distinct_tag,AS_M_over_85,finland,2020,Nordea Bank,132,3,0,0.0,0.0,49.5,49.5,0.41764705882352937,False,,
fractional_sdg_allocation,3,strict_primary,fractional_per_distinct_tag,AS_M_over_85,finland,2020,OP Yrityspankki,273,8,0,0.0,0.0,54.5,54.5,0.35882352941176465,False,,
fractional_sdg_allocation,3,strict_primary,fractional_per_distinct_tag,AS_M_over_85,finland,2020,Oma Säästöpankki,109,1,0,0.0,0.0,36.0,36.0,0.5764705882352941,False,,
fractional_sdg_allocation,3,strict_primary,fractional_per_distinct_tag,AS_M_over_85,finland,2020,S-Pankki,44,0,0,0.0,0.0,34.0,34.0,0.6,False,,
fractional_sdg_allocation,3,strict_primary,fractional_per_distinct_tag,AS_M_over_85,finland,2020,Suomen Asuntohypopankki,26,0,0,0.0,0.0,21.0,21.0,0.7529411764705882,False,,
fractional_sdg_allocation,3,strict_primary,fractional_per_distinct_tag,AS_M_over_85,finland,2020,Säästöpankkien Keskuspankki,109,2,0,0.0,0.0,37.5,37.5,0.5588235294117647,False,,
fractional_sdg_allocation,3,strict_primary,fractional_per_distinct_tag,AS_M_over_85,finland,2020,Ålandsbanken,90,5,0,0.0,0.0,55.5,55.5,0.34705882352941175,False,,
fractional_sdg_allocation,3,strict_primary,fractional_per_distinct_tag,AS_M_over_85,finland,2021,Aktia Pankki,262,3,0,0.0,0.0,72.0,72.0,0.15294117647058825,False,,
fractional_sdg_allocation,3,strict_primary,fractional_per_distinct_tag,AS_M_over_85,finland,2021,Danske Bank,85,8,0,0.0,0.0,35.0,35.0,0.5882352941176471,False,,
fractional_sdg_allocation,3,strict_primary,fractional_per_distinct_tag,AS_M_over_85,finland,2021,Nordea Bank,229,9,0,0.0,0.0,56.5,56.5,0.33529411764705885,False,,
fractional_sdg_allocation,3,strict_primary,fractional_per_distinct_tag,AS_M_over_85,finland,2021,OP Yrityspankki,185,9,0,0.0,0.0,50.5,50.5,0.40588235294117647,False,,
fractional_sdg_allocation,3,strict_primary,fractional_per_distinct_tag,AS_M_over_85,finland,2021,Oma Säästöpankki,177,0,0,0.0,0.0,69.0,69.0,0.18823529411764706,False,,
fractional_sdg_allocation,3,strict_primary,fractional_per_distinct_tag,AS_M_over_85,finland,2021,S-Pankki,59,0,0,0.0,0.0,27.0,27.0,0.6823529411764706,False,,
fractional_sdg_allocation,3,strict_primary,fractional_per_distinct_tag,AS_M_over_85,finland,2021,Suomen Asuntohypopankki,27,0,0,0.0,0.0,28.5,28.5,0.6647058823529413,False,,
fractional_sdg_allocation,3,strict_primary,fractional_per_distinct_tag,AS_M_over_85,finland,2021,Säästöpankkien Keskuspankki,115,1,0,0.0,0.0,50.5,50.5,0.40588235294117647,False,,
fractional_sdg_allocation,3,strict_primary,fractional_per_distinct_tag,AS_M_over_85,finland,2021,Ålandsbanken,86,4,0,0.0,0.0,57.5,57.5,0.32352941176470584,False,,
fractional_sdg_allocation,3,strict_primary,fractional_per_distinct_tag,AS_M_over_85,finland,2022,Aktia Pankki,251,2,0,0.0,0.0,85.0,85.0,0.0,False,,
fractional_sdg_allocation,3,strict_primary,fractional_per_distinct_tag,AS_M_over_85,finland,2022,Alisa Pankki,0,0,0,0.0,0.0,0.0,0.0,1.0,True,,
fractional_sdg_allocation,3,strict_primary,fractional_per_distinct_tag,AS_M_over_85,finland,2022,Bonum Pankki,73,0,0,0.0,0.0,36.0,36.0,0.5764705882352941,False,,
fractional_sdg_allocation,3,strict_primary,fractional_per_distinct_tag,AS_M_over_85,finland,2022,Danske Bank,118,9,0,0.0,0.0,69.0,69.0,0.18823529411764706,False,,
fractional_sdg_allocation,3,strict_primary,fractional_per_distinct_tag,AS_M_over_85,finland,2022,Nordea Bank,256,7,0,0.0,0.0,51.0,51.0,0.4,False,,
fractional_sdg_allocation,3,strict_primary,fractional_per_distinct_tag,AS_M_over_85,finland,2022,OP Yrityspankki,253,15,0,0.0,0.0,51.5,51.5,0.3941176470588236,False,,
fractional_sdg_allocation,3,strict_primary,fractional_per_distinct_tag,AS_M_over_85,finland,2022,Oma Säästöpankki,119,0,0,0.0,0.0,43.0,43.0,0.49411764705882355,False,,
fractional_sdg_allocation,3,strict_primary,fractional_per_distinct_tag,AS_M_over_85,finland,2022,S-Pankki,54,0,0,0.0,0.0,29.5,29.5,0.6529411764705882,False,,
fractional_sdg_allocation,3,strict_primary,fractional_per_distinct_tag,AS_M_over_85,finland,2022,Suomen Asuntohypopankki,36,0,0,0.0,0.0,26.5,26.5,0.6882352941176471,False,,
fractional_sdg_allocation,3,strict_primary,fractional_per_distinct_tag,AS_M_over_85,finland,2022,Säästöpankkien Keskuspankki,194,2,0,0.0,0.0,57.0,57.0,0.3294117647058824,False,,
fractional_sdg_allocation,3,strict_primary,fractional_per_distinct_tag,AS_M_over_85,finland,2022,Ålandsbanken,110,3,0,0.0,0.0,46.2,46.2,0.4564705882352941,False,,
fractional_sdg_allocation,3,strict_primary,fractional_per_distinct_tag,AS_M_over_85,finland,2023,Aktia Pankki,379,9,0,0.0,0.0,85.0,85.0,0.0,False,,
fractional_sdg_allocation,3,strict_primary,fractional_per_distinct_tag,AS_M_over_85,finland,2023,Alisa Pankki,20,0,0,0.0,0.0,10.5,10.5,0.8764705882352941,False,,
fractional_sdg_allocation,3,strict_primary,fractional_per_distinct_tag,AS_M_over_85,finland,2023,Bonum Pankki,0,0,0,0.0,0.0,0.0,0.0,1.0,True,,
fractional_sdg_allocation,3,strict_primary,fractional_per_distinct_tag,AS_M_over_85,finland,2023,Danske Bank,245,14,0,0.0,0.0,50.0,50.0,0.4117647058823529,False,,
fractional_sdg_allocation,3,strict_primary,fractional_per_distinct_tag,AS_M_over_85,finland,2023,Nordea Bank,370,13,0,0.0,0.0,63.0,63.0,0.2588235294117647,False,,
fractional_sdg_allocation,3,strict_primary,fractional_per_distinct_tag,AS_M_over_85,finland,2023,OP Yrityspankki,431,15,0,0.0,0.0,59.5,59.5,0.30000000000000004,False,,
fractional_sdg_allocation,3,strict_primary,fractional_per_distinct_tag,AS_M_over_85,finland,2023,Oma Säästöpankki,226,0,0,0.0,0.0,64.0,64.0,0.24705882352941178,False,,
fractional_sdg_allocation,3,strict_primary,fractional_per_distinct_tag,AS_M_over_85,finland,2023,S-Pankki,99,0,0,0.0,0.0,54.5,54.5,0.35882352941176465,False,,
fractional_sdg_allocation,3,strict_primary,fractional_per_distinct_tag,AS_M_over_85,finland,2023,Suomen Asuntohypopankki,32,0,0,0.0,0.0,16.0,16.0,0.8117647058823529,False,,
fractional_sdg_allocation,3,strict_primary,fractional_per_distinct_tag,AS_M_over_85,finland,2023,Säästöpankkien Keskuspankki,268,2,0,0.0,0.0,61.0,61.0,0.2823529411764706,False,,
fractional_sdg_allocation,3,strict_primary,fractional_per_distinct_tag,AS_M_over_85,finland,2023,Ålandsbanken,232,3,0,0.0,0.0,65.0,65.0,0.23529411764705888,False,,
fractional_sdg_allocation,3,strict_primary,fractional_per_distinct_tag,AS_M_over_85,finland,2024,Aktia Pankki,249,1,0,0.0,0.0,58.5,58.5,0.31176470588235294,False,,
fractional_sdg_allocation,3,strict_primary,fractional_per_distinct_tag,AS_M_over_85,finland,2024,Alisa Pankki,29,0,0,0.0,0.0,15.0,15.0,0.8235294117647058,False,,
fractional_sdg_allocation,3,strict_primary,fractional_per_distinct_tag,AS_M_over_85,finland,2024,Bonum Pankki,370,5,0,0.0,0.0,67.5,67.5,0.20588235294117652,False,,
fractional_sdg_allocation,3,strict_primary,fractional_per_distinct_tag,AS_M_over_85,finland,2024,Danske Bank,383,2,0,0.0,0.0,60.0,60.0,0.2941176470588235,False,,
fractional_sdg_allocation,3,strict_primary,fractional_per_distinct_tag,AS_M_over_85,finland,2024,Nordea Bank,697,3,0,0.0,0.0,65.5,65.5,0.22941176470588232,False,,
fractional_sdg_allocation,3,strict_primary,fractional_per_distinct_tag,AS_M_over_85,finland,2024,OP Yrityspankki,798,5,0,0.0,0.0,73.5,73.5,0.1352941176470588,False,,
fractional_sdg_allocation,3,strict_primary,fractional_per_distinct_tag,AS_M_over_85,finland,2024,Oma Säästöpankki,300,1,1,6250.0,6250.0,59.0,56.0,0.3411764705882353,False,,
fractional_sdg_allocation,3,strict_primary,fractional_per_distinct_tag,AS_M_over_85,finland,2024,S-Pankki,333,0,0,0.0,0.0,66.0,66.0,0.22352941176470587,False,,
fractional_sdg_allocation,3,strict_primary,fractional_per_distinct_tag,AS_M_over_85,finland,2024,Suomen Asuntohypopankki,54,0,0,0.0,0.0,25.5,25.5,0.7,False,,
fractional_sdg_allocation,3,strict_primary,fractional_per_distinct_tag,AS_M_over_85,finland,2024,Säästöpankkien Keskuspankki,337,0,0,0.0,0.0,67.5,67.5,0.20588235294117652,False,,
fractional_sdg_allocation,3,strict_primary,fractional_per_distinct_tag,AS_M_over_85,finland,2024,Ålandsbanken,462,5,0,0.0,0.0,53.0,53.0,0.3764705882352941,False,,
fractional_sdg_allocation,3,strict_primary,fractional_per_distinct_tag,AS_M_over_85,ukraine,2019,A-bank,58,0,0,0.0,0.0,12.0,12.0,0.8588235294117648,False,,
fractional_sdg_allocation,3,strict_primary,fractional_per_distinct_tag,AS_M_over_85,ukraine,2019,Credit Agricole Bank,49,0,0,0.0,0.0,36.0,36.0,0.5764705882352941,False,,
fractional_sdg_allocation,3,strict_primary,fractional_per_distinct_tag,AS_M_over_85,ukraine,2019,Credobank,38,0,0,0.0,0.0,21.0,21.0,0.7529411764705882,False,,
fractional_sdg_allocation,3,strict_primary,fractional_per_distinct_tag,AS_M_over_85,ukraine,2019,FUIB,66,0,0,0.0,0.0,24.0,24.0,0.7176470588235294,False,,
fractional_sdg_allocation,3,strict_primary,fractional_per_distinct_tag,AS_M_over_85,ukraine,2019,OTP Bank,0,0,0,0.0,0.0,0.0,0.0,1.0,True,,
fractional_sdg_allocation,3,strict_primary,fractional_per_distinct_tag,AS_M_over_85,ukraine,2019,Oschadbank,59,5,0,0.0,0.0,27.5,27.5,0.6764705882352942,False,,
fractional_sdg_allocation,3,strict_primary,fractional_per_distinct_tag,AS_M_over_85,ukraine,2019,Pivdenny,52,0,0,0.0,0.0,23.5,23.5,0.7235294117647059,False,,
fractional_sdg_allocation,3,strict_primary,fractional_per_distinct_tag,AS_M_over_85,ukraine,2019,Privatbank,21,0,0,0.0,0.0,13.5,13.5,0.8411764705882353,False,,
fractional_sdg_allocation,3,strict_primary,fractional_per_distinct_tag,AS_M_over_85,ukraine,2019,Raiffeisen Bank JSC,52,0,0,0.0,0.0,25.0,25.0,0.7058823529411764,False,,
fractional_sdg_allocation,3,strict_primary,fractional_per_distinct_tag,AS_M_over_85,ukraine,2019,Sense Bank,108,0,0,0.0,0.0,25.5,25.5,0.7,False,,
fractional_sdg_allocation,3,strict_primary,fractional_per_distinct_tag,AS_M_over_85,ukraine,2019,Tascombank,22,0,0,0.0,0.0,18.0,18.0,0.788235294117647,False,,
fractional_sdg_allocation,3,strict_primary,fractional_per_distinct_tag,AS_M_over_85,ukraine,2019,Ukreximbank,39,1,0,0.0,0.0,17.5,17.5,0.7941176470588236,False,,
fractional_sdg_allocation,3,strict_primary,fractional_per_distinct_tag,AS_M_over_85,ukraine,2019,Ukrgazbank,58,1,0,0.0,0.0,44.5,44.5,0.4764705882352941,False,,
fractional_sdg_allocation,3,strict_primary,fractional_per_distinct_tag,AS_M_over_85,ukraine,2019,Ukrsibbank,24,0,0,0.0,0.0,17.8,17.8,0.7905882352941176,False,,
fractional_sdg_allocation,3,strict_primary,fractional_per_distinct_tag,AS_M_over_85,ukraine,2019,Universal Bank,41,0,0,0.0,0.0,14.0,14.0,0.8352941176470589,False,,
fractional_sdg_allocation,3,strict_primary,fractional_per_distinct_tag,AS_M_over_85,ukraine,2020,A-bank,34,0,0,0.0,0.0,8.0,8.0,0.9058823529411765,False,,
fractional_sdg_allocation,3,strict_primary,fractional_per_distinct_tag,AS_M_over_85,ukraine,2020,Credit Agricole Bank,68,0,0,0.0,0.0,33.0,33.0,0.611764705882353,False,,
fractional_sdg_allocation,3,strict_primary,fractional_per_distinct_tag,AS_M_over_85,ukraine,2020,Credobank,0,0,0,0.0,0.0,0.0,0.0,1.0,True,,
fractional_sdg_allocation,3,strict_primary,fractional_per_distinct_tag,AS_M_over_85,ukraine,2020,FUIB,77,0,0,0.0,0.0,22.5,22.5,0.7352941176470589,False,,
fractional_sdg_allocation,3,strict_primary,fractional_per_distinct_tag,AS_M_over_85,ukraine,2020,OTP Bank,0,0,0,0.0,0.0,0.0,0.0,1.0,True,,
fractional_sdg_allocation,3,strict_primary,fractional_per_distinct_tag,AS_M_over_85,ukraine,2020,Pivdenny,40,0,0,0.0,0.0,20.5,20.5,0.7588235294117647,False,,
fractional_sdg_allocation,3,strict_primary,fractional_per_distinct_tag,AS_M_over_85,ukraine,2020,Privatbank,35,0,0,0.0,0.0,32.0,32.0,0.6235294117647059,False,,
fractional_sdg_allocation,3,strict_primary,fractional_per_distinct_tag,AS_M_over_85,ukraine,2020,Raiffeisen Bank JSC,66,0,0,0.0,0.0,27.0,27.0,0.6823529411764706,False,,
fractional_sdg_allocation,3,strict_primary,fractional_per_distinct_tag,AS_M_over_85,ukraine,2020,Sense Bank,41,0,0,0.0,0.0,16.5,16.5,0.8058823529411765,False,,
fractional_sdg_allocation,3,strict_primary,fractional_per_distinct_tag,AS_M_over_85,ukraine,2020,Tascombank,17,0,0,0.0,0.0,19.0,19.0,0.7764705882352941,False,,
fractional_sdg_allocation,3,strict_primary,fractional_per_distinct_tag,AS_M_over_85,ukraine,2020,Ukreximbank,72,2,0,0.0,0.0,41.0,41.0,0.5176470588235293,False,,
fractional_sdg_allocation,3,strict_primary,fractional_per_distinct_tag,AS_M_over_85,ukraine,2020,Ukrgazbank,95,3,0,0.0,0.0,29.0,29.0,0.6588235294117647,False,,
fractional_sdg_allocation,3,strict_primary,fractional_per_distinct_tag,AS_M_over_85,ukraine,2020,Ukrsibbank,10,0,0,0.0,0.0,14.5,14.5,0.8294117647058823,False,,
fractional_sdg_allocation,3,strict_primary,fractional_per_distinct_tag,AS_M_over_85,ukraine,2020,Universal Bank,48,0,0,0.0,0.0,15.8,15.8,0.8141176470588235,False,,
fractional_sdg_allocation,3,strict_primary,fractional_per_distinct_tag,AS_M_over_85,ukraine,2021,A-bank,18,0,0,0.0,0.0,11.0,11.0,0.8705882352941177,False,,
fractional_sdg_allocation,3,strict_primary,fractional_per_distinct_tag,AS_M_over_85,ukraine,2021,Credit Agricole Bank,50,0,0,0.0,0.0,35.0,35.0,0.5882352941176471,False,,
fractional_sdg_allocation,3,strict_primary,fractional_per_distinct_tag,AS_M_over_85,ukraine,2021,Credobank,49,0,0,0.0,0.0,24.5,24.5,0.711764705882353,False,,
fractional_sdg_allocation,3,strict_primary,fractional_per_distinct_tag,AS_M_over_85,ukraine,2021,FUIB,39,0,0,0.0,0.0,22.0,22.0,0.7411764705882353,False,,
fractional_sdg_allocation,3,strict_primary,fractional_per_distinct_tag,AS_M_over_85,ukraine,2021,OTP Bank,53,0,0,0.0,0.0,38.0,38.0,0.5529411764705883,False,,
fractional_sdg_allocation,3,strict_primary,fractional_per_distinct_tag,AS_M_over_85,ukraine,2021,Oschadbank,119,1,0,0.0,0.0,36.0,36.0,0.5764705882352941,False,,
fractional_sdg_allocation,3,strict_primary,fractional_per_distinct_tag,AS_M_over_85,ukraine,2021,Pivdenny,103,0,0,0.0,0.0,32.0,32.0,0.6235294117647059,False,,
fractional_sdg_allocation,3,strict_primary,fractional_per_distinct_tag,AS_M_over_85,ukraine,2021,Privatbank,26,0,0,0.0,0.0,23.0,23.0,0.7294117647058824,False,,
fractional_sdg_allocation,3,strict_primary,fractional_per_distinct_tag,AS_M_over_85,ukraine,2021,Raiffeisen Bank JSC,75,3,0,0.0,0.0,50.0,50.0,0.4117647058823529,False,,
fractional_sdg_allocation,3,strict_primary,fractional_per_distinct_tag,AS_M_over_85,ukraine,2021,Sense Bank,47,2,0,0.0,0.0,28.0,28.0,0.6705882352941177,False,,
fractional_sdg_allocation,3,strict_primary,fractional_per_distinct_tag,AS_M_over_85,ukraine,2021,Tascombank,26,0,0,0.0,0.0,14.0,14.0,0.8352941176470589,False,,
fractional_sdg_allocation,3,strict_primary,fractional_per_distinct_tag,AS_M_over_85,ukraine,2021,Ukreximbank,63,0,0,0.0,0.0,35.5,35.5,0.5823529411764705,False,,
fractional_sdg_allocation,3,strict_primary,fractional_per_distinct_tag,AS_M_over_85,ukraine,2021,Ukrgazbank,97,4,0,0.0,0.0,39.0,39.0,0.5411764705882354,False,,
fractional_sdg_allocation,3,strict_primary,fractional_per_distinct_tag,AS_M_over_85,ukraine,2021,Ukrsibbank,34,0,0,0.0,0.0,23.5,23.5,0.7235294117647059,False,,
fractional_sdg_allocation,3,strict_primary,fractional_per_distinct_tag,AS_M_over_85,ukraine,2021,Universal Bank,27,0,0,0.0,0.0,12.0,12.0,0.8588235294117648,False,,
fractional_sdg_allocation,3,strict_primary,fractional_per_distinct_tag,AS_M_over_85,ukraine,2022,A-bank,72,0,0,0.0,0.0,28.5,28.5,0.6647058823529413,False,,
fractional_sdg_allocation,3,strict_primary,fractional_per_distinct_tag,AS_M_over_85,ukraine,2022,Credit Agricole Bank,92,0,0,0.0,0.0,44.0,44.0,0.48235294117647054,False,,
fractional_sdg_allocation,3,strict_primary,fractional_per_distinct_tag,AS_M_over_85,ukraine,2022,Credobank,37,0,0,0.0,0.0,30.0,30.0,0.6470588235294117,False,,
fractional_sdg_allocation,3,strict_primary,fractional_per_distinct_tag,AS_M_over_85,ukraine,2022,FUIB,57,0,0,0.0,0.0,22.0,22.0,0.7411764705882353,False,,
fractional_sdg_allocation,3,strict_primary,fractional_per_distinct_tag,AS_M_over_85,ukraine,2022,OTP Bank,63,0,0,0.0,0.0,35.0,35.0,0.5882352941176471,False,,
fractional_sdg_allocation,3,strict_primary,fractional_per_distinct_tag,AS_M_over_85,ukraine,2022,Oschadbank,121,0,0,0.0,0.0,43.5,43.5,0.4882352941176471,False,,
fractional_sdg_allocation,3,strict_primary,fractional_per_distinct_tag,AS_M_over_85,ukraine,2022,Pivdenny,20,0,0,0.0,0.0,18.0,18.0,0.788235294117647,False,,
fractional_sdg_allocation,3,strict_primary,fractional_per_distinct_tag,AS_M_over_85,ukraine,2022,Privatbank,42,0,0,0.0,0.0,27.0,27.0,0.6823529411764706,False,,
fractional_sdg_allocation,3,strict_primary,fractional_per_distinct_tag,AS_M_over_85,ukraine,2022,Raiffeisen Bank JSC,98,3,0,0.0,0.0,37.5,37.5,0.5588235294117647,False,,
fractional_sdg_allocation,3,strict_primary,fractional_per_distinct_tag,AS_M_over_85,ukraine,2022,Sense Bank,52,1,0,0.0,0.0,29.0,29.0,0.6588235294117647,False,,
fractional_sdg_allocation,3,strict_primary,fractional_per_distinct_tag,AS_M_over_85,ukraine,2022,Tascombank,16,0,0,0.0,0.0,13.0,13.0,0.8470588235294118,False,,
fractional_sdg_allocation,3,strict_primary,fractional_per_distinct_tag,AS_M_over_85,ukraine,2022,Ukreximbank,66,2,0,0.0,0.0,34.0,34.0,0.6,False,,
fractional_sdg_allocation,3,strict_primary,fractional_per_distinct_tag,AS_M_over_85,ukraine,2022,Ukrgazbank,45,0,0,0.0,0.0,19.0,19.0,0.7764705882352941,False,,
fractional_sdg_allocation,3,strict_primary,fractional_per_distinct_tag,AS_M_over_85,ukraine,2022,Ukrsibbank,39,0,0,0.0,0.0,14.0,14.0,0.8352941176470589,False,,
fractional_sdg_allocation,3,strict_primary,fractional_per_distinct_tag,AS_M_over_85,ukraine,2022,Universal Bank,32,0,0,0.0,0.0,12.0,12.0,0.8588235294117648,False,,
fractional_sdg_allocation,3,strict_primary,fractional_per_distinct_tag,AS_M_over_85,ukraine,2023,A-bank,14,0,0,0.0,0.0,18.0,18.0,0.788235294117647,False,,
fractional_sdg_allocation,3,strict_primary,fractional_per_distinct_tag,AS_M_over_85,ukraine,2023,Credit Agricole Bank,105,0,0,0.0,0.0,37.0,37.0,0.5647058823529412,False,,
fractional_sdg_allocation,3,strict_primary,fractional_per_distinct_tag,AS_M_over_85,ukraine,2023,Credobank,94,0,0,0.0,0.0,27.0,27.0,0.6823529411764706,False,,
fractional_sdg_allocation,3,strict_primary,fractional_per_distinct_tag,AS_M_over_85,ukraine,2023,FUIB,58,0,0,0.0,0.0,16.5,16.5,0.8058823529411765,False,,
fractional_sdg_allocation,3,strict_primary,fractional_per_distinct_tag,AS_M_over_85,ukraine,2023,OTP Bank,83,0,0,0.0,0.0,38.0,38.0,0.5529411764705883,False,,
fractional_sdg_allocation,3,strict_primary,fractional_per_distinct_tag,AS_M_over_85,ukraine,2023,Oschadbank,111,0,0,0.0,0.0,39.0,39.0,0.5411764705882354,False,,
fractional_sdg_allocation,3,strict_primary,fractional_per_distinct_tag,AS_M_over_85,ukraine,2023,Pivdenny,63,0,0,0.0,0.0,19.5,19.5,0.7705882352941177,False,,
fractional_sdg_allocation,3,strict_primary,fractional_per_distinct_tag,AS_M_over_85,ukraine,2023,Privatbank,159,0,0,0.0,0.0,38.0,38.0,0.5529411764705883,False,,
fractional_sdg_allocation,3,strict_primary,fractional_per_distinct_tag,AS_M_over_85,ukraine,2023,Sense Bank,106,3,1,781.77,781.77,38.5,33.5,0.6058823529411765,False,,
fractional_sdg_allocation,3,strict_primary,fractional_per_distinct_tag,AS_M_over_85,ukraine,2023,Tascombank,17,0,0,0.0,0.0,7.5,7.5,0.9117647058823529,False,,
fractional_sdg_allocation,3,strict_primary,fractional_per_distinct_tag,AS_M_over_85,ukraine,2023,Ukreximbank,116,1,0,0.0,0.0,39.0,39.0,0.5411764705882354,False,,
fractional_sdg_allocation,3,strict_primary,fractional_per_distinct_tag,AS_M_over_85,ukraine,2023,Ukrgazbank,203,1,0,0.0,0.0,60.0,60.0,0.2941176470588235,False,,
fractional_sdg_allocation,3,strict_primary,fractional_per_distinct_tag,AS_M_over_85,ukraine,2023,Ukrsibbank,103,0,0,0.0,0.0,55.0,55.0,0.3529411764705882,False,,
fractional_sdg_allocation,3,strict_primary,fractional_per_distinct_tag,AS_M_over_85,ukraine,2024,A-bank,5,0,0,0.0,0.0,4.0,4.0,0.9529411764705882,False,,
fractional_sdg_allocation,3,strict_primary,fractional_per_distinct_tag,AS_M_over_85,ukraine,2024,Credit Agricole Bank,110,0,0,0.0,0.0,47.0,47.0,0.44705882352941173,False,,
fractional_sdg_allocation,3,strict_primary,fractional_per_distinct_tag,AS_M_over_85,ukraine,2024,Credobank,1,0,0,0.0,0.0,3.0,3.0,0.9647058823529412,False,,
fractional_sdg_allocation,3,strict_primary,fractional_per_distinct_tag,AS_M_over_85,ukraine,2024,FUIB,67,0,0,0.0,0.0,54.5,54.5,0.35882352941176465,False,,
fractional_sdg_allocation,3,strict_primary,fractional_per_distinct_tag,AS_M_over_85,ukraine,2024,OTP Bank,97,2,0,0.0,0.0,44.1,44.1,0.4811764705882353,False,,
fractional_sdg_allocation,3,strict_primary,fractional_per_distinct_tag,AS_M_over_85,ukraine,2024,Oschadbank,237,5,0,0.0,0.0,59.0,59.0,0.3058823529411765,False,,
fractional_sdg_allocation,3,strict_primary,fractional_per_distinct_tag,AS_M_over_85,ukraine,2024,Privatbank,210,1,0,0.0,0.0,55.0,55.0,0.3529411764705882,False,,
fractional_sdg_allocation,3,strict_primary,fractional_per_distinct_tag,AS_M_over_85,ukraine,2024,Raiffeisen Bank JSC,164,1,0,0.0,0.0,57.0,57.0,0.3294117647058824,False,,
fractional_sdg_allocation,3,strict_primary,fractional_per_distinct_tag,AS_M_over_85,ukraine,2024,Sense Bank,107,0,0,0.0,0.0,48.5,48.5,0.4294117647058824,False,,
fractional_sdg_allocation,3,strict_primary,fractional_per_distinct_tag,AS_M_over_85,ukraine,2024,Tascombank,74,0,0,0.0,0.0,22.5,22.5,0.7352941176470589,False,,
fractional_sdg_allocation,3,strict_primary,fractional_per_distinct_tag,AS_M_over_85,ukraine,2024,Ukreximbank,58,0,0,0.0,0.0,30.0,30.0,0.6470588235294117,False,,
fractional_sdg_allocation,3,strict_primary,fractional_per_distinct_tag,AS_M_over_85,ukraine,2024,Ukrgazbank,125,2,0,0.0,0.0,45.5,45.5,0.4647058823529412,False,,
fractional_sdg_allocation,3,strict_primary,fractional_per_distinct_tag,AS_M_over_85,ukraine,2024,Ukrsibbank,69,0,0,0.0,0.0,32.5,32.5,0.6176470588235294,False,,
threshold_ge_2,2,strict_primary,full_per_distinct_tag,AS_M_over_85,finland,2019,Danske Bank,130,3,0,0.0,0.0,38.5,38.5,0.5470588235294118,False,,
threshold_ge_2,2,strict_primary,full_per_distinct_tag,AS_M_over_85,finland,2019,Evli Pankki,77,0,0,0.0,0.0,42.0,42.0,0.5058823529411764,False,,
threshold_ge_2,2,strict_primary,full_per_distinct_tag,AS_M_over_85,finland,2019,Nordea Bank,81,1,0,0.0,0.0,45.0,45.0,0.47058823529411764,False,,
threshold_ge_2,2,strict_primary,full_per_distinct_tag,AS_M_over_85,finland,2019,Oma Säästöpankki,12,0,0,0.0,0.0,27.0,27.0,0.6823529411764706,False,,
threshold_ge_2,2,strict_primary,full_per_distinct_tag,AS_M_over_85,finland,2020,Aktia Pankki,179,0,0,0.0,0.0,50.2,50.2,0.40941176470588236,False,,
threshold_ge_2,2,strict_primary,full_per_distinct_tag,AS_M_over_85,finland,2020,Bonum Pankki,30,1,0,0.0,0.0,20.0,20.0,0.7647058823529411,False,,
threshold_ge_2,2,strict_primary,full_per_distinct_tag,AS_M_over_85,finland,2020,Danske Bank,151,20,0,0.0,0.0,45.5,45.5,0.4647058823529412,False,,
threshold_ge_2,2,strict_primary,full_per_distinct_tag,AS_M_over_85,finland,2020,Evli Pankki,138,0,0,0.0,0.0,48.5,48.5,0.4294117647058824,False,,
threshold_ge_2,2,strict_primary,full_per_distinct_tag,AS_M_over_85,finland,2020,Nordea Bank,137,3,0,0.0,0.0,55.5,55.5,0.34705882352941175,False,,
threshold_ge_2,2,strict_primary,full_per_distinct_tag,AS_M_over_85,finland,2020,OP Yrityspankki,275,8,0,0.0,0.0,58.5,58.5,0.31176470588235294,False,,
threshold_ge_2,2,strict_primary,full_per_distinct_tag,AS_M_over_85,finland,2020,Oma Säästöpankki,120,1,0,0.0,0.0,52.5,52.5,0.38235294117647056,False,,
threshold_ge_2,2,strict_primary,full_per_distinct_tag,AS_M_over_85,finland,2020,S-Pankki,54,0,0,0.0,0.0,42.0,42.0,0.5058823529411764,False,,
threshold_ge_2,2,strict_primary,full_per_distinct_tag,AS_M_over_85,finland,2020,Suomen Asuntohypopankki,35,0,0,0.0,0.0,27.0,27.0,0.6823529411764706,False,,
threshold_ge_2,2,strict_primary,full_per_distinct_tag,AS_M_over_85,finland,2020,Säästöpankkien Keskuspankki,116,2,0,0.0,0.0,45.5,45.5,0.4647058823529412,False,,
threshold_ge_2,2,strict_primary,full_per_distinct_tag,AS_M_over_85,finland,2020,Ålandsbanken,93,5,0,0.0,0.0,59.5,59.5,0.30000000000000004,False,,
threshold_ge_2,2,strict_primary,full_per_distinct_tag,AS_M_over_85,finland,2021,Aktia Pankki,262,3,0,0.0,0.0,72.0,72.0,0.15294117647058825,False,,
threshold_ge_2,2,strict_primary,full_per_distinct_tag,AS_M_over_85,finland,2021,Danske Bank,91,8,0,0.0,0.0,40.0,40.0,0.5294117647058824,False,,
threshold_ge_2,2,strict_primary,full_per_distinct_tag,AS_M_over_85,finland,2021,Nordea Bank,233,9,0,0.0,0.0,58.5,58.5,0.31176470588235294,False,,
threshold_ge_2,2,strict_primary,full_per_distinct_tag,AS_M_over_85,finland,2021,OP Yrityspankki,188,9,0,0.0,0.0,54.5,54.5,0.35882352941176465,False,,
threshold_ge_2,2,strict_primary,full_per_distinct_tag,AS_M_over_85,finland,2021,Oma Säästöpankki,177,0,0,0.0,0.0,69.0,69.0,0.18823529411764706,False,,
threshold_ge_2,2,strict_primary,full_per_distinct_tag,AS_M_over_85,finland,2021,S-Pankki,69,0,0,0.0,0.0,33.0,33.0,0.611764705882353,False,,
threshold_ge_2,2,strict_primary,full_per_distinct_tag,AS_M_over_85,finland,2021,Suomen Asuntohypopankki,32,0,0,0.0,0.0,34.5,34.5,0.5941176470588235,False,,
threshold_ge_2,2,strict_primary,full_per_distinct_tag,AS_M_over_85,finland,2021,Säästöpankkien Keskuspankki,120,1,0,0.0,0.0,56.5,56.5,0.33529411764705885,False,,
threshold_ge_2,2,strict_primary,full_per_distinct_tag,AS_M_over_85,finland,2021,Ålandsbanken,88,4,0,0.0,0.0,61.5,61.5,0.27647058823529413,False,,
threshold_ge_2,2,strict_primary,full_per_distinct_tag,AS_M_over_85,finland,2022,Aktia Pankki,251,2,0,0.0,0.0,85.0,85.0,0.0,False,,
threshold_ge_2,2,strict_primary,full_per_distinct_tag,AS_M_over_85,finland,2022,Alisa Pankki,0,0,0,0.0,0.0,0.0,0.0,1.0,True,,
threshold_ge_2,2,strict_primary,full_per_distinct_tag,AS_M_over_85,finland,2022,Bonum Pankki,86,0,0,0.0,0.0,44.0,44.0,0.48235294117647054,False,,
threshold_ge_2,2,strict_primary,full_per_distinct_tag,AS_M_over_85,finland,2022,Danske Bank,118,9,0,0.0,0.0,69.0,69.0,0.18823529411764706,False,,
threshold_ge_2,2,strict_primary,full_per_distinct_tag,AS_M_over_85,finland,2022,Nordea Bank,261,7,0,0.0,0.0,59.0,59.0,0.3058823529411765,False,,
threshold_ge_2,2,strict_primary,full_per_distinct_tag,AS_M_over_85,finland,2022,OP Yrityspankki,255,15,0,0.0,0.0,56.0,56.0,0.3411764705882353,False,,
threshold_ge_2,2,strict_primary,full_per_distinct_tag,AS_M_over_85,finland,2022,Oma Säästöpankki,124,0,0,0.0,0.0,49.0,49.0,0.42352941176470593,False,,
threshold_ge_2,2,strict_primary,full_per_distinct_tag,AS_M_over_85,finland,2022,S-Pankki,63,0,0,0.0,0.0,40.0,40.0,0.5294117647058824,False,,
threshold_ge_2,2,strict_primary,full_per_distinct_tag,AS_M_over_85,finland,2022,Suomen Asuntohypopankki,44,0,0,0.0,0.0,34.5,34.5,0.5941176470588235,False,,
threshold_ge_2,2,strict_primary,full_per_distinct_tag,AS_M_over_85,finland,2022,Säästöpankkien Keskuspankki,199,2,0,0.0,0.0,61.0,61.0,0.2823529411764706,False,,
threshold_ge_2,2,strict_primary,full_per_distinct_tag,AS_M_over_85,finland,2022,Ålandsbanken,110,3,0,0.0,0.0,46.2,46.2,0.4564705882352941,False,,
threshold_ge_2,2,strict_primary,full_per_distinct_tag,AS_M_over_85,finland,2023,Aktia Pankki,379,9,0,0.0,0.0,85.0,85.0,0.0,False,,
threshold_ge_2,2,strict_primary,full_per_distinct_tag,AS_M_over_85,finland,2023,Alisa Pankki,29,0,0,0.0,0.0,20.5,20.5,0.7588235294117647,False,,
threshold_ge_2,2,strict_primary,full_per_distinct_tag,AS_M_over_85,finland,2023,Bonum Pankki,11,0,0,0.0,0.0,14.0,14.0,0.8352941176470589,False,,
threshold_ge_2,2,strict_primary,full_per_distinct_tag,AS_M_over_85,finland,2023,Danske Bank,259,14,0,0.0,0.0,59.0,59.0,0.3058823529411765,False,,
threshold_ge_2,2,strict_primary,full_per_distinct_tag,AS_M_over_85,finland,2023,Nordea Bank,372,13,0,0.0,0.0,65.0,65.0,0.23529411764705888,False,,
threshold_ge_2,2,strict_primary,full_per_distinct_tag,AS_M_over_85,finland,2023,OP Yrityspankki,434,15,0,0.0,0.0,61.5,61.5,0.27647058823529413,False,,
threshold_ge_2,2,strict_primary,full_per_distinct_tag,AS_M_over_85,finland,2023,Oma Säästöpankki,226,0,0,0.0,0.0,64.0,64.0,0.24705882352941178,False,,
threshold_ge_2,2,strict_primary,full_per_distinct_tag,AS_M_over_85,finland,2023,S-Pankki,103,0,0,0.0,0.0,57.0,57.0,0.3294117647058824,False,,
threshold_ge_2,2,strict_primary,full_per_distinct_tag,AS_M_over_85,finland,2023,Suomen Asuntohypopankki,37,0,0,0.0,0.0,25.0,25.0,0.7058823529411764,False,,
threshold_ge_2,2,strict_primary,full_per_distinct_tag,AS_M_over_85,finland,2023,Säästöpankkien Keskuspankki,276,2,0,0.0,0.0,63.0,63.0,0.2588235294117647,False,,
threshold_ge_2,2,strict_primary,full_per_distinct_tag,AS_M_over_85,finland,2023,Ålandsbanken,235,3,0,0.0,0.0,67.0,67.0,0.21176470588235297,False,,
threshold_ge_2,2,strict_primary,full_per_distinct_tag,AS_M_over_85,finland,2024,Aktia Pankki,251,1,0,0.0,0.0,60.5,60.5,0.28823529411764703,False,,
threshold_ge_2,2,strict_primary,full_per_distinct_tag,AS_M_over_85,finland,2024,Alisa Pankki,34,0,0,0.0,0.0,25.0,25.0,0.7058823529411764,False,,
threshold_ge_2,2,strict_primary,full_per_distinct_tag,AS_M_over_85,finland,2024,Bonum Pankki,372,5,0,0.0,0.0,72.0,72.0,0.15294117647058825,False,,
threshold_ge_2,2,strict_primary,full_per_distinct_tag,AS_M_over_85,finland,2024,Danske Bank,383,2,0,0.0,0.0,60.0,60.0,0.2941176470588235,False,,
threshold_ge_2,2,strict_primary,full_per_distinct_tag,AS_M_over_85,finland,2024,Nordea Bank,702,3,0,0.0,0.0,69.5,69.5,0.1823529411764706,False,,
threshold_ge_2,2,strict_primary,full_per_distinct_tag,AS_M_over_85,finland,2024,OP Yrityspankki,798,5,0,0.0,0.0,73.5,73.5,0.1352941176470588,False,,
threshold_ge_2,2,strict_primary,full_per_distinct_tag,AS_M_over_85,finland,2024,Oma Säästöpankki,304,1,1,6250.0,6250.0,66.5,63.5,0.2529411764705882,False,,
threshold_ge_2,2,strict_primary,full_per_distinct_tag,AS_M_over_85,finland,2024,S-Pankki,337,0,0,0.0,0.0,68.0,68.0,0.19999999999999996,False,,
threshold_ge_2,2,strict_primary,full_per_distinct_tag,AS_M_over_85,finland,2024,Suomen Asuntohypopankki,56,0,0,0.0,0.0,29.5,29.5,0.6529411764705882,False,,
threshold_ge_2,2,strict_primary,full_per_distinct_tag,AS_M_over_85,finland,2024,Säästöpankkien Keskuspankki,345,0,0,0.0,0.0,69.5,69.5,0.1823529411764706,False,,
threshold_ge_2,2,strict_primary,full_per_distinct_tag,AS_M_over_85,finland,2024,Ålandsbanken,474,5,0,0.0,0.0,61.5,61.5,0.27647058823529413,False,,
threshold_ge_2,2,strict_primary,full_per_distinct_tag,AS_M_over_85,ukraine,2019,A-bank,62,0,0,0.0,0.0,14.0,14.0,0.8352941176470589,False,,
threshold_ge_2,2,strict_primary,full_per_distinct_tag,AS_M_over_85,ukraine,2019,Credit Agricole Bank,55,0,0,0.0,0.0,42.0,42.0,0.5058823529411764,False,,
threshold_ge_2,2,strict_primary,full_per_distinct_tag,AS_M_over_85,ukraine,2019,Credobank,44,0,0,0.0,0.0,29.0,29.0,0.6588235294117647,False,,
threshold_ge_2,2,strict_primary,full_per_distinct_tag,AS_M_over_85,ukraine,2019,FUIB,70,0,0,0.0,0.0,30.0,30.0,0.6470588235294117,False,,
threshold_ge_2,2,strict_primary,full_per_distinct_tag,AS_M_over_85,ukraine,2019,OTP Bank,3,0,0,0.0,0.0,2.0,2.0,0.9764705882352941,False,,
threshold_ge_2,2,strict_primary,full_per_distinct_tag,AS_M_over_85,ukraine,2019,Oschadbank,67,5,0,0.0,0.0,37.5,37.5,0.5588235294117647,False,,
threshold_ge_2,2,strict_primary,full_per_distinct_tag,AS_M_over_85,ukraine,2019,Pivdenny,59,0,0,0.0,0.0,38.0,38.0,0.5529411764705883,False,,
threshold_ge_2,2,strict_primary,full_per_distinct_tag,AS_M_over_85,ukraine,2019,Privatbank,30,0,0,0.0,0.0,26.5,26.5,0.6882352941176471,False,,
threshold_ge_2,2,strict_primary,full_per_distinct_tag,AS_M_over_85,ukraine,2019,Raiffeisen Bank JSC,61,0,0,0.0,0.0,33.5,33.5,0.6058823529411765,False,,
threshold_ge_2,2,strict_primary,full_per_distinct_tag,AS_M_over_85,ukraine,2019,Sense Bank,110,0,0,0.0,0.0,27.5,27.5,0.6764705882352942,False,,
threshold_ge_2,2,strict_primary,full_per_distinct_tag,AS_M_over_85,ukraine,2019,Tascombank,26,0,0,0.0,0.0,26.0,26.0,0.6941176470588235,False,,
threshold_ge_2,2,strict_primary,full_per_distinct_tag,AS_M_over_85,ukraine,2019,Ukreximbank,57,1,0,0.0,0.0,23.5,23.5,0.7235294117647059,False,,
threshold_ge_2,2,strict_primary,full_per_distinct_tag,AS_M_over_85,ukraine,2019,Ukrgazbank,59,1,0,0.0,0.0,46.5,46.5,0.4529411764705882,False,,
threshold_ge_2,2,strict_primary,full_per_distinct_tag,AS_M_over_85,ukraine,2019,Ukrsibbank,28,0,0,0.0,0.0,22.1,22.1,0.74,False,,
threshold_ge_2,2,strict_primary,full_per_distinct_tag,AS_M_over_85,ukraine,2019,Universal Bank,47,0,0,0.0,0.0,18.0,18.0,0.788235294117647,False,,
threshold_ge_2,2,strict_primary,full_per_distinct_tag,AS_M_over_85,ukraine,2020,A-bank,44,0,0,0.0,0.0,12.0,12.0,0.8588235294117648,False,,
threshold_ge_2,2,strict_primary,full_per_distinct_tag,AS_M_over_85,ukraine,2020,Credit Agricole Bank,86,0,0,0.0,0.0,45.0,45.0,0.47058823529411764,False,,
threshold_ge_2,2,strict_primary,full_per_distinct_tag,AS_M_over_85,ukraine,2020,Credobank,0,0,0,0.0,0.0,0.0,0.0,1.0,True,,
threshold_ge_2,2,strict_primary,full_per_distinct_tag,AS_M_over_85,ukraine,2020,FUIB,97,0,0,0.0,0.0,36.5,36.5,0.5705882352941176,False,,
threshold_ge_2,2,strict_primary,full_per_distinct_tag,AS_M_over_85,ukraine,2020,OTP Bank,0,0,0,0.0,0.0,0.0,0.0,1.0,True,,
threshold_ge_2,2,strict_primary,full_per_distinct_tag,AS_M_over_85,ukraine,2020,Pivdenny,56,0,0,0.0,0.0,33.0,33.0,0.611764705882353,False,,
threshold_ge_2,2,strict_primary,full_per_distinct_tag,AS_M_over_85,ukraine,2020,Privatbank,37,0,0,0.0,0.0,36.0,36.0,0.5764705882352941,False,,
threshold_ge_2,2,strict_primary,full_per_distinct_tag,AS_M_over_85,ukraine,2020,Raiffeisen Bank JSC,74,0,0,0.0,0.0,36.0,36.0,0.5764705882352941,False,,
threshold_ge_2,2,strict_primary,full_per_distinct_tag,AS_M_over_85,ukraine,2020,Sense Bank,51,0,0,0.0,0.0,26.5,26.5,0.6882352941176471,False,,
threshold_ge_2,2,strict_primary,full_per_distinct_tag,AS_M_over_85,ukraine,2020,Tascombank,26,0,0,0.0,0.0,27.0,27.0,0.6823529411764706,False,,
threshold_ge_2,2,strict_primary,full_per_distinct_tag,AS_M_over_85,ukraine,2020,Ukreximbank,73,2,0,0.0,0.0,43.0,43.0,0.49411764705882355,False,,
threshold_ge_2,2,strict_primary,full_per_distinct_tag,AS_M_over_85,ukraine,2020,Ukrgazbank,107,3,0,0.0,0.0,37.0,37.0,0.5647058823529412,False,,
threshold_ge_2,2,strict_primary,full_per_distinct_tag,AS_M_over_85,ukraine,2020,Ukrsibbank,15,0,0,0.0,0.0,18.5,18.5,0.7823529411764706,False,,
threshold_ge_2,2,strict_primary,full_per_distinct_tag,AS_M_over_85,ukraine,2020,Universal Bank,53,0,0,0.0,0.0,19.8,19.8,0.7670588235294118,False,,
threshold_ge_2,2,strict_primary,full_per_distinct_tag,AS_M_over_85,ukraine,2021,A-bank,19,0,0,0.0,0.0,13.0,13.0,0.8470588235294118,False,,
threshold_ge_2,2,strict_primary,full_per_distinct_tag,AS_M_over_85,ukraine,2021,Credit Agricole Bank,57,0,0,0.0,0.0,41.0,41.0,0.5176470588235293,False,,
threshold_ge_2,2,strict_primary,full_per_distinct_tag,AS_M_over_85,ukraine,2021,Credobank,51,0,0,0.0,0.0,28.5,28.5,0.6647058823529413,False,,
threshold_ge_2,2,strict_primary,full_per_distinct_tag,AS_M_over_85,ukraine,2021,FUIB,46,0,0,0.0,0.0,28.0,28.0,0.6705882352941177,False,,
threshold_ge_2,2,strict_primary,full_per_distinct_tag,AS_M_over_85,ukraine,2021,OTP Bank,60,0,0,0.0,0.0,44.0,44.0,0.48235294117647054,False,,
threshold_ge_2,2,strict_primary,full_per_distinct_tag,AS_M_over_85,ukraine,2021,Oschadbank,129,1,0,0.0,0.0,42.5,42.5,0.5,False,,
threshold_ge_2,2,strict_primary,full_per_distinct_tag,AS_M_over_85,ukraine,2021,Pivdenny,108,0,0,0.0,0.0,38.5,38.5,0.5470588235294118,False,,
threshold_ge_2,2,strict_primary,full_per_distinct_tag,AS_M_over_85,ukraine,2021,Privatbank,27,0,0,0.0,0.0,25.0,25.0,0.7058823529411764,False,,
threshold_ge_2,2,strict_primary,full_per_distinct_tag,AS_M_over_85,ukraine,2021,Raiffeisen Bank JSC,76,3,0,0.0,0.0,52.0,52.0,0.388235294117647,False,,
threshold_ge_2,2,strict_primary,full_per_distinct_tag,AS_M_over_85,ukraine,2021,Sense Bank,52,2,0,0.0,0.0,34.0,34.0,0.6,False,,
threshold_ge_2,2,strict_primary,full_per_distinct_tag,AS_M_over_85,ukraine,2021,Tascombank,36,0,0,0.0,0.0,26.0,26.0,0.6941176470588235,False,,
threshold_ge_2,2,strict_primary,full_per_distinct_tag,AS_M_over_85,ukraine,2021,Ukreximbank,70,0,0,0.0,0.0,41.5,41.5,0.5117647058823529,False,,
threshold_ge_2,2,strict_primary,full_per_distinct_tag,AS_M_over_85,ukraine,2021,Ukrgazbank,105,4,0,0.0,0.0,47.0,47.0,0.44705882352941173,False,,
threshold_ge_2,2,strict_primary,full_per_distinct_tag,AS_M_over_85,ukraine,2021,Ukrsibbank,40,0,0,0.0,0.0,31.5,31.5,0.6294117647058823,False,,
threshold_ge_2,2,strict_primary,full_per_distinct_tag,AS_M_over_85,ukraine,2021,Universal Bank,28,0,0,0.0,0.0,14.0,14.0,0.8352941176470589,False,,
threshold_ge_2,2,strict_primary,full_per_distinct_tag,AS_M_over_85,ukraine,2022,A-bank,74,0,0,0.0,0.0,31.0,31.0,0.6352941176470588,False,,
threshold_ge_2,2,strict_primary,full_per_distinct_tag,AS_M_over_85,ukraine,2022,Credit Agricole Bank,96,0,0,0.0,0.0,48.0,48.0,0.43529411764705883,False,,
threshold_ge_2,2,strict_primary,full_per_distinct_tag,AS_M_over_85,ukraine,2022,Credobank,40,0,0,0.0,0.0,36.0,36.0,0.5764705882352941,False,,
threshold_ge_2,2,strict_primary,full_per_distinct_tag,AS_M_over_85,ukraine,2022,FUIB,62,0,0,0.0,0.0,30.0,30.0,0.6470588235294117,False,,
threshold_ge_2,2,strict_primary,full_per_distinct_tag,AS_M_over_85,ukraine,2022,OTP Bank,67,0,0,0.0,0.0,41.0,41.0,0.5176470588235293,False,,
threshold_ge_2,2,strict_primary,full_per_distinct_tag,AS_M_over_85,ukraine,2022,Oschadbank,126,0,0,0.0,0.0,49.5,49.5,0.41764705882352937,False,,
threshold_ge_2,2,strict_primary,full_per_distinct_tag,AS_M_over_85,ukraine,2022,Pivdenny,23,0,0,0.0,0.0,22.0,22.0,0.7411764705882353,False,,
threshold_ge_2,2,strict_primary,full_per_distinct_tag,AS_M_over_85,ukraine,2022,Privatbank,48,0,0,0.0,0.0,37.0,37.0,0.5647058823529412,False,,
threshold_ge_2,2,strict_primary,full_per_distinct_tag,AS_M_over_85,ukraine,2022,Raiffeisen Bank JSC,108,3,0,0.0,0.0,45.5,45.5,0.4647058823529412,False,,
threshold_ge_2,2,strict_primary,full_per_distinct_tag,AS_M_over_85,ukraine,2022,Sense Bank,53,1,0,0.0,0.0,31.0,31.0,0.6352941176470588,False,,
threshold_ge_2,2,strict_primary,full_per_distinct_tag,AS_M_over_85,ukraine,2022,Tascombank,25,0,0,0.0,0.0,26.0,26.0,0.6941176470588235,False,,
threshold_ge_2,2,strict_primary,full_per_distinct_tag,AS_M_over_85,ukraine,2022,Ukreximbank,70,2,0,0.0,0.0,38.0,38.0,0.5529411764705883,False,,
threshold_ge_2,2,strict_primary,full_per_distinct_tag,AS_M_over_85,ukraine,2022,Ukrgazbank,53,0,0,0.0,0.0,26.0,26.0,0.6941176470588235,False,,
threshold_ge_2,2,strict_primary,full_per_distinct_tag,AS_M_over_85,ukraine,2022,Ukrsibbank,50,0,0,0.0,0.0,26.0,26.0,0.6941176470588235,False,,
threshold_ge_2,2,strict_primary,full_per_distinct_tag,AS_M_over_85,ukraine,2022,Universal Bank,32,0,0,0.0,0.0,12.0,12.0,0.8588235294117648,False,,
threshold_ge_2,2,strict_primary,full_per_distinct_tag,AS_M_over_85,ukraine,2023,A-bank,19,0,0,0.0,0.0,22.0,22.0,0.7411764705882353,False,,
threshold_ge_2,2,strict_primary,full_per_distinct_tag,AS_M_over_85,ukraine,2023,Credit Agricole Bank,116,0,0,0.0,0.0,45.5,45.5,0.4647058823529412,False,,
threshold_ge_2,2,strict_primary,full_per_distinct_tag,AS_M_over_85,ukraine,2023,Credobank,98,0,0,0.0,0.0,33.0,33.0,0.611764705882353,False,,
threshold_ge_2,2,strict_primary,full_per_distinct_tag,AS_M_over_85,ukraine,2023,FUIB,62,0,0,0.0,0.0,20.5,20.5,0.7588235294117647,False,,
threshold_ge_2,2,strict_primary,full_per_distinct_tag,AS_M_over_85,ukraine,2023,OTP Bank,88,0,0,0.0,0.0,42.0,42.0,0.5058823529411764,False,,
threshold_ge_2,2,strict_primary,full_per_distinct_tag,AS_M_over_85,ukraine,2023,Oschadbank,113,0,0,0.0,0.0,41.0,41.0,0.5176470588235293,False,,
threshold_ge_2,2,strict_primary,full_per_distinct_tag,AS_M_over_85,ukraine,2023,Pivdenny,74,0,0,0.0,0.0,28.0,28.0,0.6705882352941177,False,,
threshold_ge_2,2,strict_primary,full_per_distinct_tag,AS_M_over_85,ukraine,2023,Privatbank,162,0,0,0.0,0.0,44.5,44.5,0.4764705882352941,False,,
threshold_ge_2,2,strict_primary,full_per_distinct_tag,AS_M_over_85,ukraine,2023,Sense Bank,108,3,1,781.77,1563.54,42.5,37.5,0.5588235294117647,False,,
threshold_ge_2,2,strict_primary,full_per_distinct_tag,AS_M_over_85,ukraine,2023,Tascombank,24,0,0,0.0,0.0,15.5,15.5,0.8176470588235294,False,,
threshold_ge_2,2,strict_primary,full_per_distinct_tag,AS_M_over_85,ukraine,2023,Ukreximbank,123,1,0,0.0,0.0,47.0,47.0,0.44705882352941173,False,,
threshold_ge_2,2,strict_primary,full_per_distinct_tag,AS_M_over_85,ukraine,2023,Ukrgazbank,204,1,0,0.0,0.0,62.0,62.0,0.2705882352941177,False,,
threshold_ge_2,2,strict_primary,full_per_distinct_tag,AS_M_over_85,ukraine,2023,Ukrsibbank,106,0,0,0.0,0.0,59.0,59.0,0.3058823529411765,False,,
threshold_ge_2,2,strict_primary,full_per_distinct_tag,AS_M_over_85,ukraine,2024,A-bank,5,0,0,0.0,0.0,4.0,4.0,0.9529411764705882,False,,
threshold_ge_2,2,strict_primary,full_per_distinct_tag,AS_M_over_85,ukraine,2024,Credit Agricole Bank,114,0,0,0.0,0.0,49.0,49.0,0.42352941176470593,False,,
threshold_ge_2,2,strict_primary,full_per_distinct_tag,AS_M_over_85,ukraine,2024,Credobank,4,0,0,0.0,0.0,9.0,9.0,0.8941176470588236,False,,
threshold_ge_2,2,strict_primary,full_per_distinct_tag,AS_M_over_85,ukraine,2024,FUIB,69,0,0,0.0,0.0,59.5,59.5,0.30000000000000004,False,,
threshold_ge_2,2,strict_primary,full_per_distinct_tag,AS_M_over_85,ukraine,2024,OTP Bank,99,2,0,0.0,0.0,46.1,46.1,0.4576470588235294,False,,
threshold_ge_2,2,strict_primary,full_per_distinct_tag,AS_M_over_85,ukraine,2024,Oschadbank,237,5,0,0.0,0.0,59.0,59.0,0.3058823529411765,False,,
threshold_ge_2,2,strict_primary,full_per_distinct_tag,AS_M_over_85,ukraine,2024,Privatbank,212,1,0,0.0,0.0,57.0,57.0,0.3294117647058824,False,,
threshold_ge_2,2,strict_primary,full_per_distinct_tag,AS_M_over_85,ukraine,2024,Raiffeisen Bank JSC,164,1,0,0.0,0.0,57.0,57.0,0.3294117647058824,False,,
threshold_ge_2,2,strict_primary,full_per_distinct_tag,AS_M_over_85,ukraine,2024,Sense Bank,110,0,0,0.0,0.0,52.5,52.5,0.38235294117647056,False,,
threshold_ge_2,2,strict_primary,full_per_distinct_tag,AS_M_over_85,ukraine,2024,Tascombank,77,0,0,0.0,0.0,24.5,24.5,0.711764705882353,False,,
threshold_ge_2,2,strict_primary,full_per_distinct_tag,AS_M_over_85,ukraine,2024,Ukreximbank,62,0,0,0.0,0.0,36.0,36.0,0.5764705882352941,False,,
threshold_ge_2,2,strict_primary,full_per_distinct_tag,AS_M_over_85,ukraine,2024,Ukrgazbank,135,2,0,0.0,0.0,53.5,53.5,0.37058823529411766,False,,
threshold_ge_2,2,strict_primary,full_per_distinct_tag,AS_M_over_85,ukraine,2024,Ukrsibbank,82,0,0,0.0,0.0,41.5,41.5,0.5117647058823529,False,,
no_threshold_ge_1,1,strict_primary,full_per_distinct_tag,AS_M_over_85,finland,2019,Danske Bank,130,3,0,0.0,0.0,38.5,38.5,0.5470588235294118,False,,
no_threshold_ge_1,1,strict_primary,full_per_distinct_tag,AS_M_over_85,finland,2019,Evli Pankki,77,0,0,0.0,0.0,42.0,42.0,0.5058823529411764,False,,
no_threshold_ge_1,1,strict_primary,full_per_distinct_tag,AS_M_over_85,finland,2019,Nordea Bank,81,1,0,0.0,0.0,45.0,45.0,0.47058823529411764,False,,
no_threshold_ge_1,1,strict_primary,full_per_distinct_tag,AS_M_over_85,finland,2019,Oma Säästöpankki,12,0,0,0.0,0.0,27.0,27.0,0.6823529411764706,False,,
no_threshold_ge_1,1,strict_primary,full_per_distinct_tag,AS_M_over_85,finland,2020,Aktia Pankki,179,0,0,0.0,0.0,50.2,50.2,0.40941176470588236,False,,
no_threshold_ge_1,1,strict_primary,full_per_distinct_tag,AS_M_over_85,finland,2020,Bonum Pankki,32,1,0,0.0,0.0,21.5,21.5,0.7470588235294118,False,,
no_threshold_ge_1,1,strict_primary,full_per_distinct_tag,AS_M_over_85,finland,2020,Danske Bank,157,20,0,0.0,0.0,48.5,48.5,0.4294117647058824,False,,
no_threshold_ge_1,1,strict_primary,full_per_distinct_tag,AS_M_over_85,finland,2020,Evli Pankki,138,0,0,0.0,0.0,48.5,48.5,0.4294117647058824,False,,
no_threshold_ge_1,1,strict_primary,full_per_distinct_tag,AS_M_over_85,finland,2020,Nordea Bank,137,3,0,0.0,0.0,55.5,55.5,0.34705882352941175,False,,
no_threshold_ge_1,1,strict_primary,full_per_distinct_tag,AS_M_over_85,finland,2020,OP Yrityspankki,275,8,0,0.0,0.0,58.5,58.5,0.31176470588235294,False,,
no_threshold_ge_1,1,strict_primary,full_per_distinct_tag,AS_M_over_85,finland,2020,Oma Säästöpankki,120,1,0,0.0,0.0,52.5,52.5,0.38235294117647056,False,,
no_threshold_ge_1,1,strict_primary,full_per_distinct_tag,AS_M_over_85,finland,2020,S-Pankki,54,0,0,0.0,0.0,42.0,42.0,0.5058823529411764,False,,
no_threshold_ge_1,1,strict_primary,full_per_distinct_tag,AS_M_over_85,finland,2020,Suomen Asuntohypopankki,35,0,0,0.0,0.0,27.0,27.0,0.6823529411764706,False,,
no_threshold_ge_1,1,strict_primary,full_per_distinct_tag,AS_M_over_85,finland,2020,Säästöpankkien Keskuspankki,116,2,0,0.0,0.0,45.5,45.5,0.4647058823529412,False,,
no_threshold_ge_1,1,strict_primary,full_per_distinct_tag,AS_M_over_85,finland,2020,Ålandsbanken,95,5,0,0.0,0.0,61.5,61.5,0.27647058823529413,False,,
no_threshold_ge_1,1,strict_primary,full_per_distinct_tag,AS_M_over_85,finland,2021,Aktia Pankki,262,3,0,0.0,0.0,72.0,72.0,0.15294117647058825,False,,
no_threshold_ge_1,1,strict_primary,full_per_distinct_tag,AS_M_over_85,finland,2021,Danske Bank,96,8,0,0.0,0.0,45.0,45.0,0.47058823529411764,False,,
no_threshold_ge_1,1,strict_primary,full_per_distinct_tag,AS_M_over_85,finland,2021,Nordea Bank,233,9,0,0.0,0.0,58.5,58.5,0.31176470588235294,False,,
no_threshold_ge_1,1,strict_primary,full_per_distinct_tag,AS_M_over_85,finland,2021,OP Yrityspankki,188,9,0,0.0,0.0,54.5,54.5,0.35882352941176465,False,,
no_threshold_ge_1,1,strict_primary,full_per_distinct_tag,AS_M_over_85,finland,2021,Oma Säästöpankki,177,0,0,0.0,0.0,69.0,69.0,0.18823529411764706,False,,
no_threshold_ge_1,1,strict_primary,full_per_distinct_tag,AS_M_over_85,finland,2021,S-Pankki,71,0,0,0.0,0.0,35.0,35.0,0.5882352941176471,False,,
no_threshold_ge_1,1,strict_primary,full_per_distinct_tag,AS_M_over_85,finland,2021,Suomen Asuntohypopankki,32,0,0,0.0,0.0,34.5,34.5,0.5941176470588235,False,,
no_threshold_ge_1,1,strict_primary,full_per_distinct_tag,AS_M_over_85,finland,2021,Säästöpankkien Keskuspankki,120,1,0,0.0,0.0,56.5,56.5,0.33529411764705885,False,,
no_threshold_ge_1,1,strict_primary,full_per_distinct_tag,AS_M_over_85,finland,2021,Ålandsbanken,88,4,0,0.0,0.0,61.5,61.5,0.27647058823529413,False,,
no_threshold_ge_1,1,strict_primary,full_per_distinct_tag,AS_M_over_85,finland,2022,Aktia Pankki,251,2,0,0.0,0.0,85.0,85.0,0.0,False,,
no_threshold_ge_1,1,strict_primary,full_per_distinct_tag,AS_M_over_85,finland,2022,Alisa Pankki,0,0,0,0.0,0.0,0.0,0.0,1.0,True,,
no_threshold_ge_1,1,strict_primary,full_per_distinct_tag,AS_M_over_85,finland,2022,Bonum Pankki,86,0,0,0.0,0.0,44.0,44.0,0.48235294117647054,False,,
no_threshold_ge_1,1,strict_primary,full_per_distinct_tag,AS_M_over_85,finland,2022,Danske Bank,118,9,0,0.0,0.0,69.0,69.0,0.18823529411764706,False,,
no_threshold_ge_1,1,strict_primary,full_per_distinct_tag,AS_M_over_85,finland,2022,Nordea Bank,261,7,0,0.0,0.0,59.0,59.0,0.3058823529411765,False,,
no_threshold_ge_1,1,strict_primary,full_per_distinct_tag,AS_M_over_85,finland,2022,OP Yrityspankki,255,15,0,0.0,0.0,56.0,56.0,0.3411764705882353,False,,
no_threshold_ge_1,1,strict_primary,full_per_distinct_tag,AS_M_over_85,finland,2022,Oma Säästöpankki,124,0,0,0.0,0.0,49.0,49.0,0.42352941176470593,False,,
no_threshold_ge_1,1,strict_primary,full_per_distinct_tag,AS_M_over_85,finland,2022,S-Pankki,63,0,0,0.0,0.0,40.0,40.0,0.5294117647058824,False,,
no_threshold_ge_1,1,strict_primary,full_per_distinct_tag,AS_M_over_85,finland,2022,Suomen Asuntohypopankki,44,0,0,0.0,0.0,34.5,34.5,0.5941176470588235,False,,
no_threshold_ge_1,1,strict_primary,full_per_distinct_tag,AS_M_over_85,finland,2022,Säästöpankkien Keskuspankki,199,2,0,0.0,0.0,61.0,61.0,0.2823529411764706,False,,
no_threshold_ge_1,1,strict_primary,full_per_distinct_tag,AS_M_over_85,finland,2022,Ålandsbanken,110,3,0,0.0,0.0,46.2,46.2,0.4564705882352941,False,,
no_threshold_ge_1,1,strict_primary,full_per_distinct_tag,AS_M_over_85,finland,2023,Aktia Pankki,379,9,0,0.0,0.0,85.0,85.0,0.0,False,,
no_threshold_ge_1,1,strict_primary,full_per_distinct_tag,AS_M_over_85,finland,2023,Alisa Pankki,29,0,0,0.0,0.0,20.5,20.5,0.7588235294117647,False,,
no_threshold_ge_1,1,strict_primary,full_per_distinct_tag,AS_M_over_85,finland,2023,Bonum Pankki,11,0,0,0.0,0.0,14.0,14.0,0.8352941176470589,False,,
no_threshold_ge_1,1,strict_primary,full_per_distinct_tag,AS_M_over_85,finland,2023,Danske Bank,259,14,0,0.0,0.0,59.0,59.0,0.3058823529411765,False,,
no_threshold_ge_1,1,strict_primary,full_per_distinct_tag,AS_M_over_85,finland,2023,Nordea Bank,372,13,0,0.0,0.0,65.0,65.0,0.23529411764705888,False,,
no_threshold_ge_1,1,strict_primary,full_per_distinct_tag,AS_M_over_85,finland,2023,OP Yrityspankki,434,15,0,0.0,0.0,61.5,61.5,0.27647058823529413,False,,
no_threshold_ge_1,1,strict_primary,full_per_distinct_tag,AS_M_over_85,finland,2023,Oma Säästöpankki,226,0,0,0.0,0.0,64.0,64.0,0.24705882352941178,False,,
no_threshold_ge_1,1,strict_primary,full_per_distinct_tag,AS_M_over_85,finland,2023,S-Pankki,103,0,0,0.0,0.0,57.0,57.0,0.3294117647058824,False,,
no_threshold_ge_1,1,strict_primary,full_per_distinct_tag,AS_M_over_85,finland,2023,Suomen Asuntohypopankki,39,0,0,0.0,0.0,27.0,27.0,0.6823529411764706,False,,
no_threshold_ge_1,1,strict_primary,full_per_distinct_tag,AS_M_over_85,finland,2023,Säästöpankkien Keskuspankki,276,2,0,0.0,0.0,63.0,63.0,0.2588235294117647,False,,
no_threshold_ge_1,1,strict_primary,full_per_distinct_tag,AS_M_over_85,finland,2023,Ålandsbanken,235,3,0,0.0,0.0,67.0,67.0,0.21176470588235297,False,,
no_threshold_ge_1,1,strict_primary,full_per_distinct_tag,AS_M_over_85,finland,2024,Aktia Pankki,251,1,0,0.0,0.0,60.5,60.5,0.28823529411764703,False,,
no_threshold_ge_1,1,strict_primary,full_per_distinct_tag,AS_M_over_85,finland,2024,Alisa Pankki,34,0,0,0.0,0.0,25.0,25.0,0.7058823529411764,False,,
no_threshold_ge_1,1,strict_primary,full_per_distinct_tag,AS_M_over_85,finland,2024,Bonum Pankki,372,5,0,0.0,0.0,72.0,72.0,0.15294117647058825,False,,
no_threshold_ge_1,1,strict_primary,full_per_distinct_tag,AS_M_over_85,finland,2024,Danske Bank,383,2,0,0.0,0.0,60.0,60.0,0.2941176470588235,False,,
no_threshold_ge_1,1,strict_primary,full_per_distinct_tag,AS_M_over_85,finland,2024,Nordea Bank,702,3,0,0.0,0.0,69.5,69.5,0.1823529411764706,False,,
no_threshold_ge_1,1,strict_primary,full_per_distinct_tag,AS_M_over_85,finland,2024,OP Yrityspankki,798,5,0,0.0,0.0,73.5,73.5,0.1352941176470588,False,,
no_threshold_ge_1,1,strict_primary,full_per_distinct_tag,AS_M_over_85,finland,2024,Oma Säästöpankki,304,1,1,6250.0,6250.0,66.5,63.5,0.2529411764705882,False,,
no_threshold_ge_1,1,strict_primary,full_per_distinct_tag,AS_M_over_85,finland,2024,S-Pankki,337,0,0,0.0,0.0,68.0,68.0,0.19999999999999996,False,,
no_threshold_ge_1,1,strict_primary,full_per_distinct_tag,AS_M_over_85,finland,2024,Suomen Asuntohypopankki,58,0,0,0.0,0.0,31.5,31.5,0.6294117647058823,False,,
no_threshold_ge_1,1,strict_primary,full_per_distinct_tag,AS_M_over_85,finland,2024,Säästöpankkien Keskuspankki,345,0,0,0.0,0.0,69.5,69.5,0.1823529411764706,False,,
no_threshold_ge_1,1,strict_primary,full_per_distinct_tag,AS_M_over_85,finland,2024,Ålandsbanken,474,5,0,0.0,0.0,61.5,61.5,0.27647058823529413,False,,
no_threshold_ge_1,1,strict_primary,full_per_distinct_tag,AS_M_over_85,ukraine,2019,A-bank,65,0,0,0.0,0.0,16.0,16.0,0.8117647058823529,False,,
no_threshold_ge_1,1,strict_primary,full_per_distinct_tag,AS_M_over_85,ukraine,2019,Credit Agricole Bank,55,0,0,0.0,0.0,42.0,42.0,0.5058823529411764,False,,
no_threshold_ge_1,1,strict_primary,full_per_distinct_tag,AS_M_over_85,ukraine,2019,Credobank,45,0,0,0.0,0.0,30.0,30.0,0.6470588235294117,False,,
no_threshold_ge_1,1,strict_primary,full_per_distinct_tag,AS_M_over_85,ukraine,2019,FUIB,70,0,0,0.0,0.0,30.0,30.0,0.6470588235294117,False,,
no_threshold_ge_1,1,strict_primary,full_per_distinct_tag,AS_M_over_85,ukraine,2019,OTP Bank,3,0,0,0.0,0.0,2.0,2.0,0.9764705882352941,False,,
no_threshold_ge_1,1,strict_primary,full_per_distinct_tag,AS_M_over_85,ukraine,2019,Oschadbank,67,5,0,0.0,0.0,37.5,37.5,0.5588235294117647,False,,
no_threshold_ge_1,1,strict_primary,full_per_distinct_tag,AS_M_over_85,ukraine,2019,Pivdenny,59,0,0,0.0,0.0,38.0,38.0,0.5529411764705883,False,,
no_threshold_ge_1,1,strict_primary,full_per_distinct_tag,AS_M_over_85,ukraine,2019,Privatbank,30,0,0,0.0,0.0,26.5,26.5,0.6882352941176471,False,,
no_threshold_ge_1,1,strict_primary,full_per_distinct_tag,AS_M_over_85,ukraine,2019,Raiffeisen Bank JSC,61,0,0,0.0,0.0,33.5,33.5,0.6058823529411765,False,,
no_threshold_ge_1,1,strict_primary,full_per_distinct_tag,AS_M_over_85,ukraine,2019,Sense Bank,111,0,0,0.0,0.0,28.5,28.5,0.6647058823529413,False,,
no_threshold_ge_1,1,strict_primary,full_per_distinct_tag,AS_M_over_85,ukraine,2019,Tascombank,26,0,0,0.0,0.0,26.0,26.0,0.6941176470588235,False,,
no_threshold_ge_1,1,strict_primary,full_per_distinct_tag,AS_M_over_85,ukraine,2019,Ukreximbank,62,1,0,0.0,0.0,25.5,25.5,0.7,False,,
no_threshold_ge_1,1,strict_primary,full_per_distinct_tag,AS_M_over_85,ukraine,2019,Ukrgazbank,60,1,0,0.0,0.0,48.0,48.0,0.43529411764705883,False,,
no_threshold_ge_1,1,strict_primary,full_per_distinct_tag,AS_M_over_85,ukraine,2019,Ukrsibbank,29,0,0,0.0,0.0,23.1,23.1,0.7282352941176471,False,,
no_threshold_ge_1,1,strict_primary,full_per_distinct_tag,AS_M_over_85,ukraine,2019,Universal Bank,47,0,0,0.0,0.0,18.0,18.0,0.788235294117647,False,,
no_threshold_ge_1,1,strict_primary,full_per_distinct_tag,AS_M_over_85,ukraine,2020,A-bank,47,0,0,0.0,0.0,13.0,13.0,0.8470588235294118,False,,
no_threshold_ge_1,1,strict_primary,full_per_distinct_tag,AS_M_over_85,ukraine,2020,Credit Agricole Bank,86,0,0,0.0,0.0,45.0,45.0,0.47058823529411764,False,,
no_threshold_ge_1,1,strict_primary,full_per_distinct_tag,AS_M_over_85,ukraine,2020,Credobank,0,0,0,0.0,0.0,0.0,0.0,1.0,True,,
no_threshold_ge_1,1,strict_primary,full_per_distinct_tag,AS_M_over_85,ukraine,2020,FUIB,98,0,0,0.0,0.0,37.5,37.5,0.5588235294117647,False,,
no_threshold_ge_1,1,strict_primary,full_per_distinct_tag,AS_M_over_85,ukraine,2020,OTP Bank,0,0,0,0.0,0.0,0.0,0.0,1.0,True,,
no_threshold_ge_1,1,strict_primary,full_per_distinct_tag,AS_M_over_85,ukraine,2020,Pivdenny,56,0,0,0.0,0.0,33.0,33.0,0.611764705882353,False,,
no_threshold_ge_1,1,strict_primary,full_per_distinct_tag,AS_M_over_85,ukraine,2020,Privatbank,41,0,0,0.0,0.0,38.0,38.0,0.5529411764705883,False,,
no_threshold_ge_1,1,strict_primary,full_per_distinct_tag,AS_M_over_85,ukraine,2020,Raiffeisen Bank JSC,74,0,0,0.0,0.0,36.0,36.0,0.5764705882352941,False,,
no_threshold_ge_1,1,strict_primary,full_per_distinct_tag,AS_M_over_85,ukraine,2020,Sense Bank,51,0,0,0.0,0.0,26.5,26.5,0.6882352941176471,False,,
no_threshold_ge_1,1,strict_primary,full_per_distinct_tag,AS_M_over_85,ukraine,2020,Tascombank,33,0,0,0.0,0.0,30.0,30.0,0.6470588235294117,False,,
no_threshold_ge_1,1,strict_primary,full_per_distinct_tag,AS_M_over_85,ukraine,2020,Ukreximbank,73,2,0,0.0,0.0,43.0,43.0,0.49411764705882355,False,,
no_threshold_ge_1,1,strict_primary,full_per_distinct_tag,AS_M_over_85,ukraine,2020,Ukrgazbank,109,3,0,0.0,0.0,38.0,38.0,0.5529411764705883,False,,
no_threshold_ge_1,1,strict_primary,full_per_distinct_tag,AS_M_over_85,ukraine,2020,Ukrsibbank,16,0,0,0.0,0.0,19.5,19.5,0.7705882352941177,False,,
no_threshold_ge_1,1,strict_primary,full_per_distinct_tag,AS_M_over_85,ukraine,2020,Universal Bank,56,0,0,0.0,0.0,20.8,20.8,0.7552941176470588,False,,
no_threshold_ge_1,1,strict_primary,full_per_distinct_tag,AS_M_over_85,ukraine,2021,A-bank,19,0,0,0.0,0.0,13.0,13.0,0.8470588235294118,False,,
no_threshold_ge_1,1,strict_primary,full_per_distinct_tag,AS_M_over_85,ukraine,2021,Credit Agricole Bank,57,0,0,0.0,0.0,41.0,41.0,0.5176470588235293,False,,
no_threshold_ge_1,1,strict_primary,full_per_distinct_tag,AS_M_over_85,ukraine,2021,Credobank,51,0,0,0.0,0.0,28.5,28.5,0.6647058823529413,False,,
no_threshold_ge_1,1,strict_primary,full_per_distinct_tag,AS_M_over_85,ukraine,2021,FUIB,46,0,0,0.0,0.0,28.0,28.0,0.6705882352941177,False,,
no_threshold_ge_1,1,strict_primary,full_per_distinct_tag,AS_M_over_85,ukraine,2021,OTP Bank,60,0,0,0.0,0.0,44.0,44.0,0.48235294117647054,False,,
no_threshold_ge_1,1,strict_primary,full_per_distinct_tag,AS_M_over_85,ukraine,2021,Oschadbank,129,1,0,0.0,0.0,42.5,42.5,0.5,False,,
no_threshold_ge_1,1,strict_primary,full_per_distinct_tag,AS_M_over_85,ukraine,2021,Pivdenny,111,0,0,0.0,0.0,41.0,41.0,0.5176470588235293,False,,
no_threshold_ge_1,1,strict_primary,full_per_distinct_tag,AS_M_over_85,ukraine,2021,Privatbank,29,0,0,0.0,0.0,27.0,27.0,0.6823529411764706,False,,
no_threshold_ge_1,1,strict_primary,full_per_distinct_tag,AS_M_over_85,ukraine,2021,Raiffeisen Bank JSC,76,3,0,0.0,0.0,52.0,52.0,0.388235294117647,False,,
no_threshold_ge_1,1,strict_primary,full_per_distinct_tag,AS_M_over_85,ukraine,2021,Sense Bank,52,2,0,0.0,0.0,34.0,34.0,0.6,False,,
no_threshold_ge_1,1,strict_primary,full_per_distinct_tag,AS_M_over_85,ukraine,2021,Tascombank,37,0,0,0.0,0.0,27.0,27.0,0.6823529411764706,False,,
no_threshold_ge_1,1,strict_primary,full_per_distinct_tag,AS_M_over_85,ukraine,2021,Ukreximbank,70,0,0,0.0,0.0,41.5,41.5,0.5117647058823529,False,,
no_threshold_ge_1,1,strict_primary,full_per_distinct_tag,AS_M_over_85,ukraine,2021,Ukrgazbank,105,4,0,0.0,0.0,47.0,47.0,0.44705882352941173,False,,
no_threshold_ge_1,1,strict_primary,full_per_distinct_tag,AS_M_over_85,ukraine,2021,Ukrsibbank,44,0,0,0.0,0.0,33.5,33.5,0.6058823529411765,False,,
no_threshold_ge_1,1,strict_primary,full_per_distinct_tag,AS_M_over_85,ukraine,2021,Universal Bank,28,0,0,0.0,0.0,14.0,14.0,0.8352941176470589,False,,
no_threshold_ge_1,1,strict_primary,full_per_distinct_tag,AS_M_over_85,ukraine,2022,A-bank,74,0,0,0.0,0.0,31.0,31.0,0.6352941176470588,False,,
no_threshold_ge_1,1,strict_primary,full_per_distinct_tag,AS_M_over_85,ukraine,2022,Credit Agricole Bank,96,0,0,0.0,0.0,48.0,48.0,0.43529411764705883,False,,
no_threshold_ge_1,1,strict_primary,full_per_distinct_tag,AS_M_over_85,ukraine,2022,Credobank,40,0,0,0.0,0.0,36.0,36.0,0.5764705882352941,False,,
no_threshold_ge_1,1,strict_primary,full_per_distinct_tag,AS_M_over_85,ukraine,2022,FUIB,62,0,0,0.0,0.0,30.0,30.0,0.6470588235294117,False,,
no_threshold_ge_1,1,strict_primary,full_per_distinct_tag,AS_M_over_85,ukraine,2022,OTP Bank,67,0,0,0.0,0.0,41.0,41.0,0.5176470588235293,False,,
no_threshold_ge_1,1,strict_primary,full_per_distinct_tag,AS_M_over_85,ukraine,2022,Oschadbank,126,0,0,0.0,0.0,49.5,49.5,0.41764705882352937,False,,
no_threshold_ge_1,1,strict_primary,full_per_distinct_tag,AS_M_over_85,ukraine,2022,Pivdenny,23,0,0,0.0,0.0,22.0,22.0,0.7411764705882353,False,,
no_threshold_ge_1,1,strict_primary,full_per_distinct_tag,AS_M_over_85,ukraine,2022,Privatbank,48,0,0,0.0,0.0,37.0,37.0,0.5647058823529412,False,,
no_threshold_ge_1,1,strict_primary,full_per_distinct_tag,AS_M_over_85,ukraine,2022,Raiffeisen Bank JSC,109,3,0,0.0,0.0,46.5,46.5,0.4529411764705882,False,,
no_threshold_ge_1,1,strict_primary,full_per_distinct_tag,AS_M_over_85,ukraine,2022,Sense Bank,53,1,0,0.0,0.0,31.0,31.0,0.6352941176470588,False,,
no_threshold_ge_1,1,strict_primary,full_per_distinct_tag,AS_M_over_85,ukraine,2022,Tascombank,25,0,0,0.0,0.0,26.0,26.0,0.6941176470588235,False,,
no_threshold_ge_1,1,strict_primary,full_per_distinct_tag,AS_M_over_85,ukraine,2022,Ukreximbank,71,2,0,0.0,0.0,39.0,39.0,0.5411764705882354,False,,
no_threshold_ge_1,1,strict_primary,full_per_distinct_tag,AS_M_over_85,ukraine,2022,Ukrgazbank,53,0,0,0.0,0.0,26.0,26.0,0.6941176470588235,False,,
no_threshold_ge_1,1,strict_primary,full_per_distinct_tag,AS_M_over_85,ukraine,2022,Ukrsibbank,50,0,0,0.0,0.0,26.0,26.0,0.6941176470588235,False,,
no_threshold_ge_1,1,strict_primary,full_per_distinct_tag,AS_M_over_85,ukraine,2022,Universal Bank,33,0,0,0.0,0.0,13.5,13.5,0.8411764705882353,False,,
no_threshold_ge_1,1,strict_primary,full_per_distinct_tag,AS_M_over_85,ukraine,2023,A-bank,20,0,0,0.0,0.0,23.0,23.0,0.7294117647058824,False,,
no_threshold_ge_1,1,strict_primary,full_per_distinct_tag,AS_M_over_85,ukraine,2023,Credit Agricole Bank,116,0,0,0.0,0.0,45.5,45.5,0.4647058823529412,False,,
no_threshold_ge_1,1,strict_primary,full_per_distinct_tag,AS_M_over_85,ukraine,2023,Credobank,99,0,0,0.0,0.0,34.0,34.0,0.6,False,,
no_threshold_ge_1,1,strict_primary,full_per_distinct_tag,AS_M_over_85,ukraine,2023,FUIB,62,0,0,0.0,0.0,20.5,20.5,0.7588235294117647,False,,
no_threshold_ge_1,1,strict_primary,full_per_distinct_tag,AS_M_over_85,ukraine,2023,OTP Bank,89,0,0,0.0,0.0,43.0,43.0,0.49411764705882355,False,,
no_threshold_ge_1,1,strict_primary,full_per_distinct_tag,AS_M_over_85,ukraine,2023,Oschadbank,113,0,0,0.0,0.0,41.0,41.0,0.5176470588235293,False,,
no_threshold_ge_1,1,strict_primary,full_per_distinct_tag,AS_M_over_85,ukraine,2023,Pivdenny,75,0,0,0.0,0.0,29.0,29.0,0.6588235294117647,False,,
no_threshold_ge_1,1,strict_primary,full_per_distinct_tag,AS_M_over_85,ukraine,2023,Privatbank,162,0,0,0.0,0.0,44.5,44.5,0.4764705882352941,False,,
no_threshold_ge_1,1,strict_primary,full_per_distinct_tag,AS_M_over_85,ukraine,2023,Sense Bank,109,3,1,781.77,1563.54,43.5,38.5,0.5470588235294118,False,,
no_threshold_ge_1,1,strict_primary,full_per_distinct_tag,AS_M_over_85,ukraine,2023,Tascombank,32,0,0,0.0,0.0,23.5,23.5,0.7235294117647059,False,,
no_threshold_ge_1,1,strict_primary,full_per_distinct_tag,AS_M_over_85,ukraine,2023,Ukreximbank,123,1,0,0.0,0.0,47.0,47.0,0.44705882352941173,False,,
no_threshold_ge_1,1,strict_primary,full_per_distinct_tag,AS_M_over_85,ukraine,2023,Ukrgazbank,204,1,0,0.0,0.0,62.0,62.0,0.2705882352941177,False,,
no_threshold_ge_1,1,strict_primary,full_per_distinct_tag,AS_M_over_85,ukraine,2023,Ukrsibbank,106,0,0,0.0,0.0,59.0,59.0,0.3058823529411765,False,,
no_threshold_ge_1,1,strict_primary,full_per_distinct_tag,AS_M_over_85,ukraine,2024,A-bank,7,0,0,0.0,0.0,5.0,5.0,0.9411764705882353,False,,
no_threshold_ge_1,1,strict_primary,full_per_distinct_tag,AS_M_over_85,ukraine,2024,Credit Agricole Bank,115,0,0,0.0,0.0,50.0,50.0,0.4117647058823529,False,,
no_threshold_ge_1,1,strict_primary,full_per_distinct_tag,AS_M_over_85,ukraine,2024,Credobank,6,0,0,0.0,0.0,11.0,11.0,0.8705882352941177,False,,
no_threshold_ge_1,1,strict_primary,full_per_distinct_tag,AS_M_over_85,ukraine,2024,FUIB,69,0,0,0.0,0.0,59.5,59.5,0.30000000000000004,False,,
no_threshold_ge_1,1,strict_primary,full_per_distinct_tag,AS_M_over_85,ukraine,2024,OTP Bank,100,2,0,0.0,0.0,47.1,47.1,0.4458823529411765,False,,
no_threshold_ge_1,1,strict_primary,full_per_distinct_tag,AS_M_over_85,ukraine,2024,Oschadbank,237,5,0,0.0,0.0,59.0,59.0,0.3058823529411765,False,,
no_threshold_ge_1,1,strict_primary,full_per_distinct_tag,AS_M_over_85,ukraine,2024,Privatbank,212,1,0,0.0,0.0,57.0,57.0,0.3294117647058824,False,,
no_threshold_ge_1,1,strict_primary,full_per_distinct_tag,AS_M_over_85,ukraine,2024,Raiffeisen Bank JSC,165,1,0,0.0,0.0,58.5,58.5,0.31176470588235294,False,,
no_threshold_ge_1,1,strict_primary,full_per_distinct_tag,AS_M_over_85,ukraine,2024,Sense Bank,110,0,0,0.0,0.0,52.5,52.5,0.38235294117647056,False,,
no_threshold_ge_1,1,strict_primary,full_per_distinct_tag,AS_M_over_85,ukraine,2024,Tascombank,82,0,0,0.0,0.0,29.5,29.5,0.6529411764705882,False,,
no_threshold_ge_1,1,strict_primary,full_per_distinct_tag,AS_M_over_85,ukraine,2024,Ukreximbank,62,0,0,0.0,0.0,36.0,36.0,0.5764705882352941,False,,
no_threshold_ge_1,1,strict_primary,full_per_distinct_tag,AS_M_over_85,ukraine,2024,Ukrgazbank,135,2,0,0.0,0.0,53.5,53.5,0.37058823529411766,False,,
no_threshold_ge_1,1,strict_primary,full_per_distinct_tag,AS_M_over_85,ukraine,2024,Ukrsibbank,82,0,0,0.0,0.0,41.5,41.5,0.5117647058823529,False,,
symmetric_normalized_alignment,3,strict_primary,full_per_distinct_tag,symmetric_normalized_L1_over_10,finland,2019,Danske Bank,125,3,0,0.0,0.0,36.5,,,False,5.0,0.5
symmetric_normalized_alignment,3,strict_primary,full_per_distinct_tag,symmetric_normalized_L1_over_10,finland,2019,Evli Pankki,75,0,0,0.0,0.0,38.0,,,False,5.0,0.5
symmetric_normalized_alignment,3,strict_primary,full_per_distinct_tag,symmetric_normalized_L1_over_10,finland,2019,Nordea Bank,80,1,0,0.0,0.0,43.0,,,False,5.0,0.5
symmetric_normalized_alignment,3,strict_primary,full_per_distinct_tag,symmetric_normalized_L1_over_10,finland,2019,Oma Säästöpankki,12,0,0,0.0,0.0,27.0,,,False,5.0,0.5
symmetric_normalized_alignment,3,strict_primary,full_per_distinct_tag,symmetric_normalized_L1_over_10,finland,2020,Aktia Pankki,179,0,0,0.0,0.0,50.2,,,False,5.0,0.5
symmetric_normalized_alignment,3,strict_primary,full_per_distinct_tag,symmetric_normalized_L1_over_10,finland,2020,Bonum Pankki,10,1,0,0.0,0.0,6.5,,,False,5.0,0.5
symmetric_normalized_alignment,3,strict_primary,full_per_distinct_tag,symmetric_normalized_L1_over_10,finland,2020,Danske Bank,140,20,0,0.0,0.0,39.0,,,False,5.0,0.5
symmetric_normalized_alignment,3,strict_primary,full_per_distinct_tag,symmetric_normalized_L1_over_10,finland,2020,Evli Pankki,132,0,0,0.0,0.0,42.5,,,False,5.0,0.5
symmetric_normalized_alignment,3,strict_primary,full_per_distinct_tag,symmetric_normalized_L1_over_10,finland,2020,Nordea Bank,132,3,0,0.0,0.0,49.5,,,False,5.0,0.5
symmetric_normalized_alignment,3,strict_primary,full_per_distinct_tag,symmetric_normalized_L1_over_10,finland,2020,OP Yrityspankki,273,8,0,0.0,0.0,54.5,,,False,5.0,0.5
symmetric_normalized_alignment,3,strict_primary,full_per_distinct_tag,symmetric_normalized_L1_over_10,finland,2020,Oma Säästöpankki,109,1,0,0.0,0.0,36.0,,,False,5.0,0.5
symmetric_normalized_alignment,3,strict_primary,full_per_distinct_tag,symmetric_normalized_L1_over_10,finland,2020,S-Pankki,44,0,0,0.0,0.0,34.0,,,False,5.0,0.5
symmetric_normalized_alignment,3,strict_primary,full_per_distinct_tag,symmetric_normalized_L1_over_10,finland,2020,Suomen Asuntohypopankki,26,0,0,0.0,0.0,21.0,,,False,5.0,0.5
symmetric_normalized_alignment,3,strict_primary,full_per_distinct_tag,symmetric_normalized_L1_over_10,finland,2020,Säästöpankkien Keskuspankki,109,2,0,0.0,0.0,37.5,,,False,5.0,0.5
symmetric_normalized_alignment,3,strict_primary,full_per_distinct_tag,symmetric_normalized_L1_over_10,finland,2020,Ålandsbanken,90,5,0,0.0,0.0,55.5,,,False,5.0,0.5
symmetric_normalized_alignment,3,strict_primary,full_per_distinct_tag,symmetric_normalized_L1_over_10,finland,2021,Aktia Pankki,262,3,0,0.0,0.0,72.0,,,False,5.0,0.5
symmetric_normalized_alignment,3,strict_primary,full_per_distinct_tag,symmetric_normalized_L1_over_10,finland,2021,Danske Bank,85,8,0,0.0,0.0,35.0,,,False,5.0,0.5
symmetric_normalized_alignment,3,strict_primary,full_per_distinct_tag,symmetric_normalized_L1_over_10,finland,2021,Nordea Bank,229,9,0,0.0,0.0,56.5,,,False,5.0,0.5
symmetric_normalized_alignment,3,strict_primary,full_per_distinct_tag,symmetric_normalized_L1_over_10,finland,2021,OP Yrityspankki,185,9,0,0.0,0.0,50.5,,,False,5.0,0.5
symmetric_normalized_alignment,3,strict_primary,full_per_distinct_tag,symmetric_normalized_L1_over_10,finland,2021,Oma Säästöpankki,177,0,0,0.0,0.0,69.0,,,False,5.0,0.5
symmetric_normalized_alignment,3,strict_primary,full_per_distinct_tag,symmetric_normalized_L1_over_10,finland,2021,S-Pankki,59,0,0,0.0,0.0,27.0,,,False,5.0,0.5
symmetric_normalized_alignment,3,strict_primary,full_per_distinct_tag,symmetric_normalized_L1_over_10,finland,2021,Suomen Asuntohypopankki,27,0,0,0.0,0.0,28.5,,,False,5.0,0.5
symmetric_normalized_alignment,3,strict_primary,full_per_distinct_tag,symmetric_normalized_L1_over_10,finland,2021,Säästöpankkien Keskuspankki,115,1,0,0.0,0.0,50.5,,,False,5.0,0.5
symmetric_normalized_alignment,3,strict_primary,full_per_distinct_tag,symmetric_normalized_L1_over_10,finland,2021,Ålandsbanken,86,4,0,0.0,0.0,57.5,,,False,5.0,0.5
symmetric_normalized_alignment,3,strict_primary,full_per_distinct_tag,symmetric_normalized_L1_over_10,finland,2022,Aktia Pankki,251,2,0,0.0,0.0,85.0,,,False,5.0,0.5
symmetric_normalized_alignment,3,strict_primary,full_per_distinct_tag,symmetric_normalized_L1_over_10,finland,2022,Alisa Pankki,0,0,0,0.0,0.0,0.0,,,True,,
symmetric_normalized_alignment,3,strict_primary,full_per_distinct_tag,symmetric_normalized_L1_over_10,finland,2022,Bonum Pankki,73,0,0,0.0,0.0,36.0,,,False,5.0,0.5
symmetric_normalized_alignment,3,strict_primary,full_per_distinct_tag,symmetric_normalized_L1_over_10,finland,2022,Danske Bank,118,9,0,0.0,0.0,69.0,,,False,5.0,0.5
symmetric_normalized_alignment,3,strict_primary,full_per_distinct_tag,symmetric_normalized_L1_over_10,finland,2022,Nordea Bank,256,7,0,0.0,0.0,51.0,,,False,5.0,0.5
symmetric_normalized_alignment,3,strict_primary,full_per_distinct_tag,symmetric_normalized_L1_over_10,finland,2022,OP Yrityspankki,253,15,0,0.0,0.0,51.5,,,False,5.0,0.5
symmetric_normalized_alignment,3,strict_primary,full_per_distinct_tag,symmetric_normalized_L1_over_10,finland,2022,Oma Säästöpankki,119,0,0,0.0,0.0,43.0,,,False,5.0,0.5
symmetric_normalized_alignment,3,strict_primary,full_per_distinct_tag,symmetric_normalized_L1_over_10,finland,2022,S-Pankki,54,0,0,0.0,0.0,29.5,,,False,5.0,0.5
symmetric_normalized_alignment,3,strict_primary,full_per_distinct_tag,symmetric_normalized_L1_over_10,finland,2022,Suomen Asuntohypopankki,36,0,0,0.0,0.0,26.5,,,False,5.0,0.5
symmetric_normalized_alignment,3,strict_primary,full_per_distinct_tag,symmetric_normalized_L1_over_10,finland,2022,Säästöpankkien Keskuspankki,194,2,0,0.0,0.0,57.0,,,False,5.0,0.5
symmetric_normalized_alignment,3,strict_primary,full_per_distinct_tag,symmetric_normalized_L1_over_10,finland,2022,Ålandsbanken,110,3,0,0.0,0.0,46.2,,,False,5.0,0.5
symmetric_normalized_alignment,3,strict_primary,full_per_distinct_tag,symmetric_normalized_L1_over_10,finland,2023,Aktia Pankki,379,9,0,0.0,0.0,85.0,,,False,5.0,0.5
symmetric_normalized_alignment,3,strict_primary,full_per_distinct_tag,symmetric_normalized_L1_over_10,finland,2023,Alisa Pankki,20,0,0,0.0,0.0,10.5,,,False,5.0,0.5
symmetric_normalized_alignment,3,strict_primary,full_per_distinct_tag,symmetric_normalized_L1_over_10,finland,2023,Bonum Pankki,0,0,0,0.0,0.0,0.0,,,True,,
symmetric_normalized_alignment,3,strict_primary,full_per_distinct_tag,symmetric_normalized_L1_over_10,finland,2023,Danske Bank,245,14,0,0.0,0.0,50.0,,,False,5.0,0.5
symmetric_normalized_alignment,3,strict_primary,full_per_distinct_tag,symmetric_normalized_L1_over_10,finland,2023,Nordea Bank,370,13,0,0.0,0.0,63.0,,,False,5.0,0.5
symmetric_normalized_alignment,3,strict_primary,full_per_distinct_tag,symmetric_normalized_L1_over_10,finland,2023,OP Yrityspankki,431,15,0,0.0,0.0,59.5,,,False,5.0,0.5
symmetric_normalized_alignment,3,strict_primary,full_per_distinct_tag,symmetric_normalized_L1_over_10,finland,2023,Oma Säästöpankki,226,0,0,0.0,0.0,64.0,,,False,5.0,0.5
symmetric_normalized_alignment,3,strict_primary,full_per_distinct_tag,symmetric_normalized_L1_over_10,finland,2023,S-Pankki,99,0,0,0.0,0.0,54.5,,,False,5.0,0.5
symmetric_normalized_alignment,3,strict_primary,full_per_distinct_tag,symmetric_normalized_L1_over_10,finland,2023,Suomen Asuntohypopankki,32,0,0,0.0,0.0,16.0,,,False,5.0,0.5
symmetric_normalized_alignment,3,strict_primary,full_per_distinct_tag,symmetric_normalized_L1_over_10,finland,2023,Säästöpankkien Keskuspankki,268,2,0,0.0,0.0,61.0,,,False,5.0,0.5
symmetric_normalized_alignment,3,strict_primary,full_per_distinct_tag,symmetric_normalized_L1_over_10,finland,2023,Ålandsbanken,232,3,0,0.0,0.0,65.0,,,False,5.0,0.5
symmetric_normalized_alignment,3,strict_primary,full_per_distinct_tag,symmetric_normalized_L1_over_10,finland,2024,Aktia Pankki,249,1,0,0.0,0.0,58.5,,,False,5.0,0.5
symmetric_normalized_alignment,3,strict_primary,full_per_distinct_tag,symmetric_normalized_L1_over_10,finland,2024,Alisa Pankki,29,0,0,0.0,0.0,15.0,,,False,5.0,0.5
symmetric_normalized_alignment,3,strict_primary,full_per_distinct_tag,symmetric_normalized_L1_over_10,finland,2024,Bonum Pankki,370,5,0,0.0,0.0,67.5,,,False,5.0,0.5
symmetric_normalized_alignment,3,strict_primary,full_per_distinct_tag,symmetric_normalized_L1_over_10,finland,2024,Danske Bank,383,2,0,0.0,0.0,60.0,,,False,5.0,0.5
symmetric_normalized_alignment,3,strict_primary,full_per_distinct_tag,symmetric_normalized_L1_over_10,finland,2024,Nordea Bank,697,3,0,0.0,0.0,65.5,,,False,5.0,0.5
symmetric_normalized_alignment,3,strict_primary,full_per_distinct_tag,symmetric_normalized_L1_over_10,finland,2024,OP Yrityspankki,798,5,0,0.0,0.0,73.5,,,False,5.0,0.5
symmetric_normalized_alignment,3,strict_primary,full_per_distinct_tag,symmetric_normalized_L1_over_10,finland,2024,Oma Säästöpankki,300,1,1,6250.0,6250.0,59.0,,,False,9.322033898305085,0.06779661016949157
symmetric_normalized_alignment,3,strict_primary,full_per_distinct_tag,symmetric_normalized_L1_over_10,finland,2024,S-Pankki,333,0,0,0.0,0.0,66.0,,,False,5.0,0.5
symmetric_normalized_alignment,3,strict_primary,full_per_distinct_tag,symmetric_normalized_L1_over_10,finland,2024,Suomen Asuntohypopankki,54,0,0,0.0,0.0,25.5,,,False,5.0,0.5
symmetric_normalized_alignment,3,strict_primary,full_per_distinct_tag,symmetric_normalized_L1_over_10,finland,2024,Säästöpankkien Keskuspankki,337,0,0,0.0,0.0,67.5,,,False,5.0,0.5
symmetric_normalized_alignment,3,strict_primary,full_per_distinct_tag,symmetric_normalized_L1_over_10,finland,2024,Ålandsbanken,462,5,0,0.0,0.0,53.0,,,False,5.0,0.5
symmetric_normalized_alignment,3,strict_primary,full_per_distinct_tag,symmetric_normalized_L1_over_10,ukraine,2019,A-bank,58,0,0,0.0,0.0,12.0,,,False,5.0,0.5
symmetric_normalized_alignment,3,strict_primary,full_per_distinct_tag,symmetric_normalized_L1_over_10,ukraine,2019,Credit Agricole Bank,49,0,0,0.0,0.0,36.0,,,False,5.0,0.5
symmetric_normalized_alignment,3,strict_primary,full_per_distinct_tag,symmetric_normalized_L1_over_10,ukraine,2019,Credobank,38,0,0,0.0,0.0,21.0,,,False,5.0,0.5
symmetric_normalized_alignment,3,strict_primary,full_per_distinct_tag,symmetric_normalized_L1_over_10,ukraine,2019,FUIB,66,0,0,0.0,0.0,24.0,,,False,5.0,0.5
symmetric_normalized_alignment,3,strict_primary,full_per_distinct_tag,symmetric_normalized_L1_over_10,ukraine,2019,OTP Bank,0,0,0,0.0,0.0,0.0,,,True,,
symmetric_normalized_alignment,3,strict_primary,full_per_distinct_tag,symmetric_normalized_L1_over_10,ukraine,2019,Oschadbank,59,5,0,0.0,0.0,27.5,,,False,5.0,0.5
symmetric_normalized_alignment,3,strict_primary,full_per_distinct_tag,symmetric_normalized_L1_over_10,ukraine,2019,Pivdenny,52,0,0,0.0,0.0,23.5,,,False,5.0,0.5
symmetric_normalized_alignment,3,strict_primary,full_per_distinct_tag,symmetric_normalized_L1_over_10,ukraine,2019,Privatbank,21,0,0,0.0,0.0,13.5,,,False,5.0,0.5
symmetric_normalized_alignment,3,strict_primary,full_per_distinct_tag,symmetric_normalized_L1_over_10,ukraine,2019,Raiffeisen Bank JSC,52,0,0,0.0,0.0,25.0,,,False,5.0,0.5
symmetric_normalized_alignment,3,strict_primary,full_per_distinct_tag,symmetric_normalized_L1_over_10,ukraine,2019,Sense Bank,108,0,0,0.0,0.0,25.5,,,False,5.0,0.5
symmetric_normalized_alignment,3,strict_primary,full_per_distinct_tag,symmetric_normalized_L1_over_10,ukraine,2019,Tascombank,22,0,0,0.0,0.0,18.0,,,False,5.0,0.5
symmetric_normalized_alignment,3,strict_primary,full_per_distinct_tag,symmetric_normalized_L1_over_10,ukraine,2019,Ukreximbank,39,1,0,0.0,0.0,17.5,,,False,5.0,0.5
symmetric_normalized_alignment,3,strict_primary,full_per_distinct_tag,symmetric_normalized_L1_over_10,ukraine,2019,Ukrgazbank,58,1,0,0.0,0.0,44.5,,,False,5.0,0.5
symmetric_normalized_alignment,3,strict_primary,full_per_distinct_tag,symmetric_normalized_L1_over_10,ukraine,2019,Ukrsibbank,24,0,0,0.0,0.0,17.8,,,False,5.0,0.5
symmetric_normalized_alignment,3,strict_primary,full_per_distinct_tag,symmetric_normalized_L1_over_10,ukraine,2019,Universal Bank,41,0,0,0.0,0.0,14.0,,,False,5.0,0.5
symmetric_normalized_alignment,3,strict_primary,full_per_distinct_tag,symmetric_normalized_L1_over_10,ukraine,2020,A-bank,34,0,0,0.0,0.0,8.0,,,False,5.0,0.5
symmetric_normalized_alignment,3,strict_primary,full_per_distinct_tag,symmetric_normalized_L1_over_10,ukraine,2020,Credit Agricole Bank,68,0,0,0.0,0.0,33.0,,,False,5.0,0.5
symmetric_normalized_alignment,3,strict_primary,full_per_distinct_tag,symmetric_normalized_L1_over_10,ukraine,2020,Credobank,0,0,0,0.0,0.0,0.0,,,True,,
symmetric_normalized_alignment,3,strict_primary,full_per_distinct_tag,symmetric_normalized_L1_over_10,ukraine,2020,FUIB,77,0,0,0.0,0.0,22.5,,,False,5.0,0.5
symmetric_normalized_alignment,3,strict_primary,full_per_distinct_tag,symmetric_normalized_L1_over_10,ukraine,2020,OTP Bank,0,0,0,0.0,0.0,0.0,,,True,,
symmetric_normalized_alignment,3,strict_primary,full_per_distinct_tag,symmetric_normalized_L1_over_10,ukraine,2020,Pivdenny,40,0,0,0.0,0.0,20.5,,,False,5.0,0.5
symmetric_normalized_alignment,3,strict_primary,full_per_distinct_tag,symmetric_normalized_L1_over_10,ukraine,2020,Privatbank,35,0,0,0.0,0.0,32.0,,,False,5.0,0.5
symmetric_normalized_alignment,3,strict_primary,full_per_distinct_tag,symmetric_normalized_L1_over_10,ukraine,2020,Raiffeisen Bank JSC,66,0,0,0.0,0.0,27.0,,,False,5.0,0.5
symmetric_normalized_alignment,3,strict_primary,full_per_distinct_tag,symmetric_normalized_L1_over_10,ukraine,2020,Sense Bank,41,0,0,0.0,0.0,16.5,,,False,5.0,0.5
symmetric_normalized_alignment,3,strict_primary,full_per_distinct_tag,symmetric_normalized_L1_over_10,ukraine,2020,Tascombank,17,0,0,0.0,0.0,19.0,,,False,5.0,0.5
symmetric_normalized_alignment,3,strict_primary,full_per_distinct_tag,symmetric_normalized_L1_over_10,ukraine,2020,Ukreximbank,72,2,0,0.0,0.0,41.0,,,False,5.0,0.5
symmetric_normalized_alignment,3,strict_primary,full_per_distinct_tag,symmetric_normalized_L1_over_10,ukraine,2020,Ukrgazbank,95,3,0,0.0,0.0,29.0,,,False,5.0,0.5
symmetric_normalized_alignment,3,strict_primary,full_per_distinct_tag,symmetric_normalized_L1_over_10,ukraine,2020,Ukrsibbank,10,0,0,0.0,0.0,14.5,,,False,5.0,0.5
symmetric_normalized_alignment,3,strict_primary,full_per_distinct_tag,symmetric_normalized_L1_over_10,ukraine,2020,Universal Bank,48,0,0,0.0,0.0,15.8,,,False,5.0,0.5
symmetric_normalized_alignment,3,strict_primary,full_per_distinct_tag,symmetric_normalized_L1_over_10,ukraine,2021,A-bank,18,0,0,0.0,0.0,11.0,,,False,5.0,0.5
symmetric_normalized_alignment,3,strict_primary,full_per_distinct_tag,symmetric_normalized_L1_over_10,ukraine,2021,Credit Agricole Bank,50,0,0,0.0,0.0,35.0,,,False,5.0,0.5
symmetric_normalized_alignment,3,strict_primary,full_per_distinct_tag,symmetric_normalized_L1_over_10,ukraine,2021,Credobank,49,0,0,0.0,0.0,24.5,,,False,5.0,0.5
symmetric_normalized_alignment,3,strict_primary,full_per_distinct_tag,symmetric_normalized_L1_over_10,ukraine,2021,FUIB,39,0,0,0.0,0.0,22.0,,,False,5.0,0.5
symmetric_normalized_alignment,3,strict_primary,full_per_distinct_tag,symmetric_normalized_L1_over_10,ukraine,2021,OTP Bank,53,0,0,0.0,0.0,38.0,,,False,5.0,0.5
symmetric_normalized_alignment,3,strict_primary,full_per_distinct_tag,symmetric_normalized_L1_over_10,ukraine,2021,Oschadbank,119,1,0,0.0,0.0,36.0,,,False,5.0,0.5
symmetric_normalized_alignment,3,strict_primary,full_per_distinct_tag,symmetric_normalized_L1_over_10,ukraine,2021,Pivdenny,103,0,0,0.0,0.0,32.0,,,False,5.0,0.5
symmetric_normalized_alignment,3,strict_primary,full_per_distinct_tag,symmetric_normalized_L1_over_10,ukraine,2021,Privatbank,26,0,0,0.0,0.0,23.0,,,False,5.0,0.5
symmetric_normalized_alignment,3,strict_primary,full_per_distinct_tag,symmetric_normalized_L1_over_10,ukraine,2021,Raiffeisen Bank JSC,75,3,0,0.0,0.0,50.0,,,False,5.0,0.5
symmetric_normalized_alignment,3,strict_primary,full_per_distinct_tag,symmetric_normalized_L1_over_10,ukraine,2021,Sense Bank,47,2,0,0.0,0.0,28.0,,,False,5.0,0.5
symmetric_normalized_alignment,3,strict_primary,full_per_distinct_tag,symmetric_normalized_L1_over_10,ukraine,2021,Tascombank,26,0,0,0.0,0.0,14.0,,,False,5.0,0.5
symmetric_normalized_alignment,3,strict_primary,full_per_distinct_tag,symmetric_normalized_L1_over_10,ukraine,2021,Ukreximbank,63,0,0,0.0,0.0,35.5,,,False,5.0,0.5
symmetric_normalized_alignment,3,strict_primary,full_per_distinct_tag,symmetric_normalized_L1_over_10,ukraine,2021,Ukrgazbank,97,4,0,0.0,0.0,39.0,,,False,5.0,0.5
symmetric_normalized_alignment,3,strict_primary,full_per_distinct_tag,symmetric_normalized_L1_over_10,ukraine,2021,Ukrsibbank,34,0,0,0.0,0.0,23.5,,,False,5.0,0.5
symmetric_normalized_alignment,3,strict_primary,full_per_distinct_tag,symmetric_normalized_L1_over_10,ukraine,2021,Universal Bank,27,0,0,0.0,0.0,12.0,,,False,5.0,0.5
symmetric_normalized_alignment,3,strict_primary,full_per_distinct_tag,symmetric_normalized_L1_over_10,ukraine,2022,A-bank,72,0,0,0.0,0.0,28.5,,,False,5.0,0.5
symmetric_normalized_alignment,3,strict_primary,full_per_distinct_tag,symmetric_normalized_L1_over_10,ukraine,2022,Credit Agricole Bank,92,0,0,0.0,0.0,44.0,,,False,5.0,0.5
symmetric_normalized_alignment,3,strict_primary,full_per_distinct_tag,symmetric_normalized_L1_over_10,ukraine,2022,Credobank,37,0,0,0.0,0.0,30.0,,,False,5.0,0.5
symmetric_normalized_alignment,3,strict_primary,full_per_distinct_tag,symmetric_normalized_L1_over_10,ukraine,2022,FUIB,57,0,0,0.0,0.0,22.0,,,False,5.0,0.5
symmetric_normalized_alignment,3,strict_primary,full_per_distinct_tag,symmetric_normalized_L1_over_10,ukraine,2022,OTP Bank,63,0,0,0.0,0.0,35.0,,,False,5.0,0.5
symmetric_normalized_alignment,3,strict_primary,full_per_distinct_tag,symmetric_normalized_L1_over_10,ukraine,2022,Oschadbank,121,0,0,0.0,0.0,43.5,,,False,5.0,0.5
symmetric_normalized_alignment,3,strict_primary,full_per_distinct_tag,symmetric_normalized_L1_over_10,ukraine,2022,Pivdenny,20,0,0,0.0,0.0,18.0,,,False,5.0,0.5
symmetric_normalized_alignment,3,strict_primary,full_per_distinct_tag,symmetric_normalized_L1_over_10,ukraine,2022,Privatbank,42,0,0,0.0,0.0,27.0,,,False,5.0,0.5
symmetric_normalized_alignment,3,strict_primary,full_per_distinct_tag,symmetric_normalized_L1_over_10,ukraine,2022,Raiffeisen Bank JSC,98,3,0,0.0,0.0,37.5,,,False,5.0,0.5
symmetric_normalized_alignment,3,strict_primary,full_per_distinct_tag,symmetric_normalized_L1_over_10,ukraine,2022,Sense Bank,52,1,0,0.0,0.0,29.0,,,False,5.0,0.5
symmetric_normalized_alignment,3,strict_primary,full_per_distinct_tag,symmetric_normalized_L1_over_10,ukraine,2022,Tascombank,16,0,0,0.0,0.0,13.0,,,False,5.0,0.5
symmetric_normalized_alignment,3,strict_primary,full_per_distinct_tag,symmetric_normalized_L1_over_10,ukraine,2022,Ukreximbank,66,2,0,0.0,0.0,34.0,,,False,5.0,0.5
symmetric_normalized_alignment,3,strict_primary,full_per_distinct_tag,symmetric_normalized_L1_over_10,ukraine,2022,Ukrgazbank,45,0,0,0.0,0.0,19.0,,,False,5.0,0.5
symmetric_normalized_alignment,3,strict_primary,full_per_distinct_tag,symmetric_normalized_L1_over_10,ukraine,2022,Ukrsibbank,39,0,0,0.0,0.0,14.0,,,False,5.0,0.5
symmetric_normalized_alignment,3,strict_primary,full_per_distinct_tag,symmetric_normalized_L1_over_10,ukraine,2022,Universal Bank,32,0,0,0.0,0.0,12.0,,,False,5.0,0.5
symmetric_normalized_alignment,3,strict_primary,full_per_distinct_tag,symmetric_normalized_L1_over_10,ukraine,2023,A-bank,14,0,0,0.0,0.0,18.0,,,False,5.0,0.5
symmetric_normalized_alignment,3,strict_primary,full_per_distinct_tag,symmetric_normalized_L1_over_10,ukraine,2023,Credit Agricole Bank,105,0,0,0.0,0.0,37.0,,,False,5.0,0.5
symmetric_normalized_alignment,3,strict_primary,full_per_distinct_tag,symmetric_normalized_L1_over_10,ukraine,2023,Credobank,94,0,0,0.0,0.0,27.0,,,False,5.0,0.5
symmetric_normalized_alignment,3,strict_primary,full_per_distinct_tag,symmetric_normalized_L1_over_10,ukraine,2023,FUIB,58,0,0,0.0,0.0,16.5,,,False,5.0,0.5
symmetric_normalized_alignment,3,strict_primary,full_per_distinct_tag,symmetric_normalized_L1_over_10,ukraine,2023,OTP Bank,83,0,0,0.0,0.0,38.0,,,False,5.0,0.5
symmetric_normalized_alignment,3,strict_primary,full_per_distinct_tag,symmetric_normalized_L1_over_10,ukraine,2023,Oschadbank,111,0,0,0.0,0.0,39.0,,,False,5.0,0.5
symmetric_normalized_alignment,3,strict_primary,full_per_distinct_tag,symmetric_normalized_L1_over_10,ukraine,2023,Pivdenny,63,0,0,0.0,0.0,19.5,,,False,5.0,0.5
symmetric_normalized_alignment,3,strict_primary,full_per_distinct_tag,symmetric_normalized_L1_over_10,ukraine,2023,Privatbank,159,0,0,0.0,0.0,38.0,,,False,5.0,0.5
symmetric_normalized_alignment,3,strict_primary,full_per_distinct_tag,symmetric_normalized_L1_over_10,ukraine,2023,Sense Bank,106,3,1,781.77,1563.54,38.5,,,False,8.051948051948052,0.19480519480519476
symmetric_normalized_alignment,3,strict_primary,full_per_distinct_tag,symmetric_normalized_L1_over_10,ukraine,2023,Tascombank,17,0,0,0.0,0.0,7.5,,,False,5.0,0.5
symmetric_normalized_alignment,3,strict_primary,full_per_distinct_tag,symmetric_normalized_L1_over_10,ukraine,2023,Ukreximbank,116,1,0,0.0,0.0,39.0,,,False,5.0,0.5
symmetric_normalized_alignment,3,strict_primary,full_per_distinct_tag,symmetric_normalized_L1_over_10,ukraine,2023,Ukrgazbank,203,1,0,0.0,0.0,60.0,,,False,5.0,0.5
symmetric_normalized_alignment,3,strict_primary,full_per_distinct_tag,symmetric_normalized_L1_over_10,ukraine,2023,Ukrsibbank,103,0,0,0.0,0.0,55.0,,,False,5.0,0.5
symmetric_normalized_alignment,3,strict_primary,full_per_distinct_tag,symmetric_normalized_L1_over_10,ukraine,2024,A-bank,5,0,0,0.0,0.0,4.0,,,False,5.0,0.5
symmetric_normalized_alignment,3,strict_primary,full_per_distinct_tag,symmetric_normalized_L1_over_10,ukraine,2024,Credit Agricole Bank,110,0,0,0.0,0.0,47.0,,,False,5.0,0.5
symmetric_normalized_alignment,3,strict_primary,full_per_distinct_tag,symmetric_normalized_L1_over_10,ukraine,2024,Credobank,1,0,0,0.0,0.0,3.0,,,False,5.0,0.5
symmetric_normalized_alignment,3,strict_primary,full_per_distinct_tag,symmetric_normalized_L1_over_10,ukraine,2024,FUIB,67,0,0,0.0,0.0,54.5,,,False,5.0,0.5
symmetric_normalized_alignment,3,strict_primary,full_per_distinct_tag,symmetric_normalized_L1_over_10,ukraine,2024,OTP Bank,97,2,0,0.0,0.0,44.1,,,False,5.0,0.5
symmetric_normalized_alignment,3,strict_primary,full_per_distinct_tag,symmetric_normalized_L1_over_10,ukraine,2024,Oschadbank,237,5,0,0.0,0.0,59.0,,,False,5.0,0.5
symmetric_normalized_alignment,3,strict_primary,full_per_distinct_tag,symmetric_normalized_L1_over_10,ukraine,2024,Privatbank,210,1,0,0.0,0.0,55.0,,,False,5.0,0.5
symmetric_normalized_alignment,3,strict_primary,full_per_distinct_tag,symmetric_normalized_L1_over_10,ukraine,2024,Raiffeisen Bank JSC,164,1,0,0.0,0.0,57.0,,,False,5.0,0.5
symmetric_normalized_alignment,3,strict_primary,full_per_distinct_tag,symmetric_normalized_L1_over_10,ukraine,2024,Sense Bank,107,0,0,0.0,0.0,48.5,,,False,5.0,0.5
symmetric_normalized_alignment,3,strict_primary,full_per_distinct_tag,symmetric_normalized_L1_over_10,ukraine,2024,Tascombank,74,0,0,0.0,0.0,22.5,,,False,5.0,0.5
symmetric_normalized_alignment,3,strict_primary,full_per_distinct_tag,symmetric_normalized_L1_over_10,ukraine,2024,Ukreximbank,58,0,0,0.0,0.0,30.0,,,False,5.0,0.5
symmetric_normalized_alignment,3,strict_primary,full_per_distinct_tag,symmetric_normalized_L1_over_10,ukraine,2024,Ukrgazbank,125,2,0,0.0,0.0,45.5,,,False,5.0,0.5
symmetric_normalized_alignment,3,strict_primary,full_per_distinct_tag,symmetric_normalized_L1_over_10,ukraine,2024,Ukrsibbank,69,0,0,0.0,0.0,32.5,,,False,5.0,0.5
